id,subject,topic,difficulty,question,option_a,option_b,option_c,option_d,correct
1,Engineering Mathematics,Matrix eigenvalues,1,"The eigenvalues of a 2x2 matrix [a, b; c, d] are given by the characteristic equation (λ^2 - (a+d)λ + (ad-bc)) = 0. If the matrix represents the stress-strain relationship of a material, and the eigenvalues are 10 GPa and 20 GPa, what is the average value of the material's bulk modulus?",10 N/m²,100 N/m²,200 N/m²,500 N/m²,2
2,Engineering Mathematics,Matrix eigenvalues,1,"The eigenvalues of a 2x2 matrix [a, b; c, d] are given by the characteristic equation λ^2 - (a + d)λ + (ad - bc) = 0. If the eigenvalues of a matrix are 1 and 2, what is the value of the determinant of the matrix?",1,-1,2,4,2
3,Engineering Mathematics,Matrix eigenvalues,1,"The eigenvalues of a 2x2 matrix [a, b; c, d] are given by the characteristic equation λ^2 - (a + d)λ + (ad - bc) = 0. If the eigenvalues are 3 and 4, what is the value of the trace (a + d) of the matrix?",1,6,7,10,1
4,Engineering Mathematics,Matrix eigenvalues,1,"The eigenvalues of a 2x2 matrix [a, b; c, d] are given by the characteristic equation λ^2 - (a+d)λ + (ad-bc) = 0. If the matrix represents the stress tensor of a material and the principal stresses are 30 MPa and 60 MPa, what is the value of the trace of the stress tensor?",20 MPa,40 MPa,60 MPa,80 MPa,1
5,Engineering Mathematics,Matrix eigenvalues,1,"The eigenvalues of a 2x2 matrix [A] = [[4, 2], [2, 3]] are given by the characteristic equation |A - λI| = 0. What is the value of the dominant eigenvalue λ?",λ = 5.0 MPa,λ = 3.0 MPa,λ = 6.0 MPa,λ = 4.0 MPa,0
6,Engineering Mathematics,Matrix eigenvalues,1,"The eigenvalues of a 2x2 matrix [a, b; c, d] are given by the characteristic equation λ² - (a + d)λ + (ad - bc) = 0. If the eigenvalues are 3 and 5, what is the value of the trace (a + d)?",8,10,12,14,0
7,Engineering Mathematics,Matrix eigenvalues,1,"The eigenvalues of a 2x2 matrix [a, b; c, d] are given by λ = (d - a ± √((d - a)^2 + b^2c^2)) / 2. For a matrix with a = 10 MPa, b = 20, c = 30, and d = 15 MPa, what is the value of the smaller eigenvalue?",5 MPa,10 MPa,15 MPa,20 MPa,0
8,Engineering Mathematics,Matrix eigenvalues,1,"The eigenvalues of a 2x2 matrix [a b; c d] are given by the characteristic equation λ^2 - (a+d)λ + (ad-bc) = 0. If the eigenvalues are 2 and 3, what is the determinant of the matrix?",6,9,12,15,1
9,Engineering Mathematics,Matrix eigenvalues,1,"The eigenvalues of a 2x2 matrix [a b; c d] are given by the characteristic equation (λ^2 - (a+d)λ + (ad-bc)) = 0. If the eigenvalues are 3 and 4, what is the value of (a+d)?",5,6,7,8,0
10,Engineering Mathematics,Matrix eigenvalues,1,"The eigenvalues of the matrix [1 2; 3 4] are given by the characteristic equation (λ - 2)(λ - 6) = 0. What is the value of the sum of the eigenvalues, in MPa?",4 MPa,6 MPa,8 MPa,10 MPa,2
11,General Aptitude & Reasoning,Logical deduction,1,"A conveyor belt transports coal at a rate of 1000 kg/h. If the belt speed is 5 m/s and the coal density is 1.5 ton/m³, what is the power required to transport 1 ton of coal over a distance of 100 m?",10 kW,15 kW,20 kW,25 kW,2
12,General Aptitude & Reasoning,Logical deduction,1,"A conveyor belt transports coal at a rate of 200 kg/min. If the belt is 100 m long and the coal is fed at one end at a rate of 5 m/min, what is the rate of flow of coal at the other end?",50 kg/min,100 kg/min,200 kg/min,400 kg/min,2
13,General Aptitude & Reasoning,Logical deduction,1,"A conveyor belt transports coal at a rate of 100 m³/s. If the coal is to be stored in a rectangular silo with a base area of 50 m², what is the time taken to fill the silo to a height of 10 m?",10 s,20 s,25 s,30 s,2
14,General Aptitude & Reasoning,Logical deduction,1,"A mine has two parallel tunnels, each 100 m long, with a distance of 50 m between them. A train travels from one tunnel to the other at a speed of 10 m/s. What is the time taken by the train to travel from one tunnel to the other?",5 s,10 s,15 s,20 s,1
15,Geomechanics & Ground Control,Mohr-Coulomb failure,1,A rock mass is subjected to a major principal stress of 10 MPa and a minor principal stress of 4 MPa. The cohesion (c) of the rock is 0.5 MPa. The angle of internal friction (φ) is 30°. What is the critical state of stress (σc) at which the rock mass will fail according to the Mohr-Coulomb failure criterion?,6.0 MPa,8.0 MPa,10.0 MPa,12.0 MPa,2
16,Geomechanics & Ground Control,Mohr-Coulomb failure,1,"A rock mass has a cohesion (c) of 0.3 MPa and an angle of internal friction (φ) of 30°. If the major principal stress (σ1) is 5.0 MPa and the minor principal stress (σ3) is 2.0 MPa, what is the value of the major principal stress at failure, according to the Mohr-Coulomb failure criterion?",4.5 MPa,5.0 MPa,6.0 MPa,7.5 MPa,2
17,Geomechanics & Ground Control,Mohr-Coulomb failure,1,A rock mass has a cohesion (c) of 0.5 MPa and an angle of internal friction (φ) of 30°. What is the major principal stress (σ1) required to cause failure in this rock mass?,0.5 MPa,1.0 MPa,1.732 MPa,2.0 MPa,2
18,Geomechanics & Ground Control,Mohr-Coulomb failure,1,"A rock mass has a cohesion (c) of 1.5 MPa and an angle of internal friction (φ) of 35°. If the major principal stress (σ1) is 10 MPa and the minor principal stress (σ3) is 2 MPa, what is the Mohr-Coulomb failure criterion?",σ1 - σ3 = 8 MPa,σ1 - σ3 = 10 MPa,σ1 - σ3 = 12 MPa,σ1 - σ3 = 15 MPa,2
19,Geomechanics & Ground Control,Mohr-Coulomb failure,1,"A rock mass has a cohesion (c) of 1.2 MPa and an angle of internal friction (φ) of 30°. What is the major principal stress (σ1) required to initiate shear failure, given that the minor principal stress (σ3) is 2 MPa?",σ1 = 2.52 MPa,σ1 = 3.24 MPa,σ1 = 4.32 MPa,σ1 = 5.40 MPa,1
20,Geomechanics & Ground Control,Mohr-Coulomb failure,1,"A rock mass has a cohesion (c) of 0.5 MPa and an angle of internal friction (φ) of 30°. A vertical stress (σv) of 10 MPa is applied to the rock mass. What is the minimum principal stress (σ1) required to initiate failure, assuming a minor principal stress (σ3) of 5 MPa?",15 MPa,12.5 MPa,18 MPa,20 MPa,1
21,Geomechanics & Ground Control,Mohr-Coulomb failure,1,"A rock mass has a cohesion (c) of 100 kPa and an angle of internal friction (φ) of 30°. If the major principal stress (σ1) is 800 kPa and the minor principal stress (σ3) is 200 kPa, what is the magnitude of the major principal stress at failure, according to the Mohr-Coulomb failure criterion?",600 kPa,700 kPa,900 kPa,1100 kPa,2
22,Geomechanics & Ground Control,Mohr-Coulomb failure,1,A rock mass has a cohesion of 2.5 MPa and an angle of internal friction of 30°. What is the major principal stress (σ1) for a minor principal stress (σ3) of 10 MPa?,15 MPa,20 MPa,25 MPa,30 MPa,2
23,Geomechanics & Ground Control,Mohr-Coulomb failure,1,"A rock mass has a cohesion of 100 kPa and an angle of internal friction of 30°. What is the major principal stress (σ1) required to cause failure in the rock mass, given that the minor principal stress (σ3) is 50 kPa?",150 kPa,200 kPa,250 kPa,300 kPa,2
24,Geomechanics & Ground Control,Mohr-Coulomb failure,1,"A rock mass has a cohesion (c) of 0.5 MPa and an angle of internal friction (φ) of 30°. What is the major principal stress (σ1) required to cause failure in the rock mass, given that the minor principal stress (σ3) is 10 MPa?",10.5 MPa,15.0 MPa,20.0 MPa,25.0 MPa,2
25,Geomechanics & Ground Control,Mohr-Coulomb failure,1,"A rock mass has a cohesion (c) of 200 kPa and an angle of internal friction (φ) of 30°. If the major principal stress (σ1) is 800 kPa, what is the minor principal stress (σ3) at which the rock mass will fail according to the Mohr-Coulomb criterion?",600 kPa,800 kPa,"1,200 kPa",not enough information to determine,2
26,Geomechanics & Ground Control,Mohr-Coulomb failure,1,"A rock mass has a cohesion (c) of 100 kPa and an angle of internal friction (φ) of 30°. If the major principal stress (σ1) is 500 kPa, what is the minor principal stress (σ3) required to initiate shear failure according to the Mohr-Coulomb criterion?",250 kPa,300 kPa,350 kPa,400 kPa,2
27,Geomechanics & Ground Control,Mohr-Coulomb failure,1,A rock mass with a cohesion of 50 kPa and an internal friction angle of 30° is subjected to a major principal stress of 200 kPa. The minor principal stress is 100 kPa. What is the factor of safety against failure using the Mohr-Coulomb criterion?,1.25,1.5,1.75,2.0,2
28,Geomechanics & Ground Control,Mohr-Coulomb failure,1,"A rock mass has a cohesion of 150 kPa and an internal friction angle of 35°. What is the major principal stress (σ1) at failure, given that the minor principal stress (σ3) is 100 kPa?",150 kPa,175 kPa,200 kPa,225 kPa,2
29,Geomechanics & Ground Control,Mohr-Coulomb failure,1,"A rock mass has a cohesion value of 150 kPa and an angle of internal friction of 30°. What is the major principal stress (σ1) for a rock mass with a minor principal stress (σ3) of 200 kPa, if the rock mass fails according to Mohr-Coulomb failure criterion?",250 kPa,300 kPa,350 kPa,400 kPa,2
30,Geomechanics & Ground Control,Mohr-Coulomb failure,1,A rock mass has a cohesion (c) of 1.5 MPa and an angle of internal friction (φ) of 30°. The major principal stress (σ1) is 10 MPa and the minor principal stress (σ3) is 4 MPa. What is the failure criterion according to the Mohr-Coulomb theory?,σ1 - σ3 = 6.0 MPa,σ1 - σ3 = 6.0 MPa + 2c,σ1 - σ3 = 6.0 MPa + c - c tan(φ),σ1 - σ3 = 6.0 MPa + c tan(φ),2
31,Geomechanics & Ground Control,Mohr-Coulomb failure,1,A rock mass has a cohesion (c) of 2.5 MPa and an angle of internal friction (φ) of 30°. A vertical tension crack is induced in the rock mass with a normal stress (σn) of 5 MPa. The Mohr-Coulomb failure criterion is given by σf = c + σn ∫ (1 + sin(φ)). What is the maximum principal stress (σf) at failure?,6.5 MPa,7.5 MPa,8.5 MPa,9.5 MPa,2
32,Geomechanics & Ground Control,Mohr-Coulomb failure,1,"A rock mass has a cohesion (c) of 100 kPa and an internal friction angle (φ) of 30°. If the major principal stress (σ1) is 2000 kPa, what is the minor principal stress (σ3) for the rock mass to fail according to the Mohr-Coulomb failure criterion?",σ3 = 1000 kPa,σ3 = 1500 kPa,σ3 = 1800 kPa,σ3 = 2500 kPa,2
33,Geomechanics & Ground Control,Mohr-Coulomb failure,1,"A rock mass has a cohesion (c) of 0.5 MPa and an angle of internal friction (φ) of 30°. What is the major principal stress (σ1) required to cause a failure in the rock mass, if the minor principal stress (σ3) is 10 MPa?",10.5 MPa,12.5 MPa,15.0 MPa,17.5 MPa,2
34,"Mine Planning, Geostatistics & Economics",Net Present Value,1,"A mining project has an initial investment of ₹ 100 crores and a life of 10 years. The annual operating cost is ₹ 10 crores and the annual revenue is ₹ 15 crores. The project has a discount rate of 12% per annum. What is the Net Present Value (NPV) of the project, rounded to the nearest integer?",₹ 50 crores,₹ 75 crores,₹ 100 crores,₹ 125 crores,2
35,"Mine Planning, Geostatistics & Economics",Net Present Value,1,A mining project has an initial investment of ₹ 1.5 crores and a net present value (NPV) of ₹ 2.8 crores. The project has a lifespan of 5 years. What is the approximate internal rate of return (IRR) of the project?,15% per annum,18% per annum,20% per annum,22% per annum,1
36,"Mine Planning, Geostatistics & Economics",Net Present Value,1,A mining project has an initial investment of ₹ 1.5 crore and a life of mine of 10 years. The annual operating cost is ₹ 5 lakhs and the annual revenue is ₹ 15 lakhs. The project is expected to have a net present value (NPV) of ₹ 2.5 crores at a discount rate of 10%. What is the internal rate of return (IRR) of the project?,15%,12%,18%,20%,1
37,"Mine Planning, Geostatistics & Economics",Net Present Value,1,"A mining project has an initial investment of ₹ 10,00,000 and an estimated annual revenue of ₹ 5,00,000. The project is expected to operate for 10 years. If the discount rate is 10% per annum, what is the Net Present Value (NPV) of the project?","₹ 2,50,000","₹ 3,00,000","₹ 3,50,000","₹ 4,00,000",2
38,"Mine Planning, Geostatistics & Economics",Net Present Value,1,"A mining project has an initial investment of ₹ 10 crores and an estimated annual revenue of ₹ 2.5 crores. If the project's life is 5 years, what is the minimum rate of return on investment (IRR) that would make the project economically viable?",15% per annum,18% per annum,20% per annum,22% per annum,1
39,"Mine Planning, Geostatistics & Economics",Economic Evaluation of Mining Projects,1,"A mining project has an initial investment of ₹ 100 crores and an estimated annual revenue of ₹ 50 crores. The project is expected to operate for 10 years. What is the minimum Internal Rate of Return (IRR) required for the project to be considered economically viable, assuming a discount rate of 15%?",10%,12%,15%,18%,1
40,"Mine Planning, Geostatistics & Economics",Net Present Value,1,A mining project involves an initial investment of ₹ 10 crores and is expected to generate a revenue of ₹ 2.5 crores per annum for 5 years. The discount rate is 12% per annum. What is the Net Present Value (NPV) of the project?,₹ 1.25 crores,₹ 1.75 crores,₹ 2.25 crores,₹ 3.25 crores,2
41,Mine Surveying & Geomatics,Bowditch rule traverse closing error,1,"A mine survey traverse has the following closure errors: Easting closure error = 1.23 m, Northing closure error = -0.56 m. The traverse has a total length of 1500 m. What is the magnitude of the traverse closing error using the Bowditch rule?",0.0008 m,0.0012 m,0.0018 m,0.0024 m,2
42,Mine Surveying & Geomatics,Bowditch rule traverse closing error,1,"A mine survey traverse has the following angles and distances: ΔA = 60°, ΔB = 90°, ΔC = 120°, AB = 50 m, BC = 75 m, CA = 100 m. Using the Bowditch rule, what is the error in the closing line CA due to the error in the angle ΔA?",0.02 m,0.05 m,0.10 m,0.15 m,2
43,Mine Surveying & Geomatics,Bowditch rule traverse closing error,1,"A mine survey traverse is closed using the Bowditch rule. If the sum of the squares of the differences in latitude and departure is 0.00065 km², what is the probable error in the closing of the traverse in meters?",0.022 m,0.025 m,0.032 m,0.039 m,2
44,Mine Surveying & Geomatics,Bowditch rule traverse closing error,1,"A traverse has the following angles and distances: A (90°, 100m), B (120°, 120m), C (90°, 80m), D (60°, 150m). If the calculated closing error using the Bowditch rule is 3.5 mm, what is the probable cause?",Inaccurate EDM measurements,Incorrect angle measurements,Insufficient leveling sensitivity,Computation error due to missing line,3
45,Mine Ventilation & Environment,Atkinson's friction law,1,"A mine has an airway with a diameter of 3.5 m. The airway is inclined at an angle of 20° to the horizontal. The air density is 1.2 kg/m³. The air velocity is 10 m/s. The friction factor (f) is 0.02. Using Atkinson's friction law, what is the pressure drop (ΔP) in kPa over a length of 1000 m?",0.45 kPa,0.92 kPa,1.20 kPa,1.50 kPa,2
46,Mine Ventilation & Environment,Atkinson's friction law,1,"A mine ventilation fan is installed in a 1.2 m diameter pipe with a length of 100 m. The air flow rate is 0.5 m³/s and the air pressure is 100 kPa. If the friction factor (f) is 0.02, what is the pressure drop (ΔP) in kPa, using Atkinson's friction law?",10 kPa,20 kPa,30 kPa,40 kPa,2
47,Mine Ventilation & Environment,Atkinson's friction law,1,"A ventilation system in a coal mine has an airflow rate of 10 m³/s. The fan is operating at a pressure of 150 kPa. According to Atkinson's friction law, the pressure drop (ΔP) in meters of water (m) is related to the airflow rate (Q) in m³/s and the friction factor (f) as ΔP = 4.8fQ². If the friction factor is 0.02, what is the pressure drop in meters of water?",1.2 m,2.4 m,3.6 m,4.8 m,2
48,Mine Ventilation & Environment,Atkinson's friction law,1,"A ventilation system in a coal mine has a duct of diameter 1.2 m and length 100 m. The air flow rate is 0.5 m³/s. The pressure drop due to friction is given by Atkinson's law as ΔP = 0.2 f (L/D) ρ v². If the friction factor f is 0.01, what is the pressure drop in kPa?",0.5 kPa,1.0 kPa,2.0 kPa,5.0 kPa,2
49,Mine Ventilation & Environment,Atkinson's friction law,1,A mine ventilation system has a fan installed with a characteristic curve of y = 0.5x² + 2x + 1. The air flow rate is 5 m³/s and the pressure drop is 10 kPa. What is the head loss (in m) due to friction using Atkinson's friction law?,0.5 m,1.25 m,2.5 m,5.0 m,2
50,Mine Ventilation & Environment,Atkinson's friction law,1,"A mine ventilation system has a total length of 1000 m of 0.5 m diameter duct. The air flow rate is 1.5 m³/s and the pressure drop is 0.5 kPa. Using Atkinson's friction law, what is the value of the friction factor (f) for the duct?",0.01,0.015,0.02,0.025,2
51,Mining Machinery & Materials Handling,Koepe winder slip criteria,1,"A Koepe winder is designed to lift 1000 t/h of ore at a speed of 3.5 m/s. The wire rope has a diameter of 60 mm and a breaking load of 200 kN. If the maximum allowable slip is 10% of the load, determine the maximum allowable tension in the wire rope. The density of the ore is 3.0 t/m³.",1200 kN,1500 kN,1800 kN,2000 kN,1
52,Mining Machinery & Materials Handling,Koepe winder slip criteria,1,"A Koepe winder is designed to lift 500 kN at a speed of 10 m/s. If the maximum allowable slip is 10% of the load, determine the minimum required static factor of safety (SFOS) for the wire rope, considering the acceleration due to gravity (g) as 9.81 m/s².",1.98,2.48,3.18,4.28,1
53,Mining Machinery & Materials Handling,Koepe winder slip criteria,1,A Koepe winder is designed to lift 1000 t/h of ore at a speed of 3.5 m/s. The wire rope has a diameter of 80 mm and a breaking load of 120 kN. The maximum allowable slip is 10% of the load. What is the minimum static factor of safety required for the wire rope?,2.5,3.2,4.0,5.5,2
54,Mining Machinery & Materials Handling,Koepe winder slip criteria,1,"A Koepe winder is to be designed to handle a 1.2 m³/s flow rate of a slurry with a density of 1500 kg/m³. The maximum allowable slip is 10% of the rope speed. If the rope speed is 20 m/s, what is the minimum static factor of safety (SF) required for the wire rope?",2.5,3.2,4.0,5.5,2
55,Mining Machinery & Materials Handling,Koepe winder slip criteria,1,"A Koepe winder is used to haul a rope with a mass per unit length of 0.1 t/m. The maximum allowable slip is 10% of the rope length. If the rope is subjected to a tensile force of 100 kN, determine the maximum allowable velocity of the rope to prevent slip.",15 m/s,25 m/s,30 m/s,40 m/s,2
56,Mining Machinery & Materials Handling,Koepe winder slip criteria,1,"A Koepe winder is used to lift a 10 m³/s flow of coal at a height of 100 m. The maximum allowable slip is 10%. If the static factor of safety of the wire rope is 5, determine the minimum permissible tensile strength of the wire rope.",50 MPa,70 MPa,100 MPa,120 MPa,2
57,Mining Machinery & Materials Handling,Koepe winder slip criteria,1,A Koepe winder is used in a coal mine to lift 1000 t/h of coal with a velocity of 2.5 m/s. The wire rope has a diameter of 60 mm and a breaking load of 400 kN. The maximum allowable slip is 10% of the rope's breaking load. What is the minimum static factor of safety (SF) required for the wire rope?,2.5,3.2,4.0,5.0,2
58,Surface & Underground Mining Methods,Bord and Pillar depillaring,1,"A bord and pillar mine is being operated with a pillar extraction ratio of 0.25. If the average pillar strength is 2.5 MPa, what is the maximum allowable pillar extraction height (m) assuming a linear relationship between pillar strength and height?",2.5,5.0,7.5,10.0,2
59,Surface & Underground Mining Methods,Bord and Pillar depillaring,1,"A bord and pillar mine with a working height of 4.5 m and pillar width of 3.0 m has an average pillar strength of 1.5 MPa. If the roof and floor strata have a density of 2.5 t/m³, what is the maximum permissible pillar load in kN?",45.0 kN,67.5 kN,90.0 kN,112.5 kN,2
60,Surface & Underground Mining Methods,Bord and Pillar depillaring,1,"A bord and pillar mine has a pillar size of 5 m x 5 m x 10 m. The average density of the coal is 1.4 t/m³. If the mine is to be operated at a safety factor of 1.2, what is the maximum allowable pillar load in kN?",kN,kN,kN,kN,1
61,Surface & Underground Mining Methods,Bord and Pillar depillaring,1,A bord and pillar mine has a pillar size of 6 m x 6 m x 6 m. The rock mass strength is 10 MPa. The pillar load is calculated to be 100 kN/m². What is the maximum allowable pillar load (in kN/m²) for a safety factor of 2?,50 kN/m²,75 kN/m²,100 kN/m²,150 kN/m²,1
62,Surface & Underground Mining Methods,Bord and Pillar depillaring,1,A bord and pillar mine has a pillar size of 6 m x 6 m x 10 m and a coal seam thickness of 2.5 m. The mining rate is 1000 t/h. The in-situ stress is 2 MPa. What is the approximate powder factor for the depillaring operation?,0.5 kg/m³,0.75 kg/m³,1.0 kg/m³,1.25 kg/m³,2
63,Surface & Underground Mining Methods,Bord and Pillar depillaring,1,"A Bord and Pillar mine has a pillar extraction ratio of 0.25. If the average pillar strength is 2.5 MPa, what is the maximum allowable pillar extraction stress?",0.625 MPa,1.25 MPa,2.5 MPa,5.0 MPa,1
64,Surface & Underground Mining Methods,Bord and Pillar depillaring,1,A bord and pillar mine with a pillar extraction ratio of 0.4 is being operated. The average pillar strength is 3.5 MPa. The extracted coal volume is 100 m³. What is the average pillar load per unit area?,1.4 MPa,2.8 MPa,3.5 MPa,4.2 MPa,2
65,Surface & Underground Mining Methods,Bord and Pillar depillaring,1,"A bord and pillar mine with a pillar size of 6 m x 6 m and a height of 3 m is being depillared. If the average pillar strength is 1.2 MPa, what is the maximum allowable pillar load in kN?",7200 kN,10800 kN,14400 kN,21600 kN,2
66,Surface & Underground Mining Methods,Bord and Pillar depillaring,1,A bord and pillar mine is being operated with a pillar extraction ratio of 0.2. The average pillar strength is 1.5 MPa. The mined coal has a specific gravity of 1.4. The rib pillar width is 3.5 m. What is the maximum allowable pillar extraction width (in m) to avoid pillar instability?,2.5,3.2,4.0,5.5,2
67,Surface & Underground Mining Methods,Bord and Pillar depillaring,1,A bord and pillar mine with a panel size of 100 m x 100 m has a pillar size of 10 m x 10 m. The mine is operated at a depth of 500 m. The in-situ stress is 5 MPa and the rock mass rating is 4. The powder factor for blasting is 0.2 kg/m³. What is the stripping ratio (SR) for this mine?,0.5,1.0,1.5,2.0,1
68,Engineering Mathematics,Matrix eigenvalues,2,"A 3x3 matrix A has eigenvalues λ1 = 4, λ2 = 2, and λ3 = 1. If A is symmetric, which of the following is TRUE?",The trace of A is equal to the sum of its eigenvalues.,The determinant of A is equal to the product of its eigenvalues.,The matrix A satisfies its own characteristic equation.,The eigenvalues of A are real and distinct.,2
69,Engineering Mathematics,Matrix eigenvalues,2,"The eigenvalues of a matrix [A] are given by the characteristic equation |λI - [A]| = 0. If [A] = [[2, 1], [4, 3]], what is the value of the product of the eigenvalues?",λ1 × λ2 = 1,λ1 × λ2 = 5,λ1 × λ2 = 6,λ1 × λ2 = 9,2
70,Engineering Mathematics,Matrix eigenvalues,2,"For a square matrix A, if λ = 5 is an eigenvalue, then which of the following is true?",A is singular,The determinant of A is 5,The eigenvalue λ = 5 satisfies the characteristic equation |A - λI| = 0,The eigenvalue λ = 5 satisfies the Cayley-Hamilton theorem,3
71,Engineering Mathematics,Matrix eigenvalues,2,"The eigenvalues of a 2x2 matrix [a, b; c, d] are given by λ = (d - a ± √((d - a)² + b*c)) / 2. If the matrix represents the stress tensor of a material and the eigenvalues are 0.5 MPa and 1.2 MPa, what is the value of the determinant of the matrix?",0.6 MPa,0.8 MPa,1.0 MPa,1.7 MPa,2
72,Engineering Mathematics,Matrix eigenvalues,2,"A 2x2 matrix A has eigenvalues β = 2 and γ = 3. What is the value of the expression A^2 - 4A + 6I, where I is the identity matrix?",A = 2I,A = 3I,A = 0,A = 6I,2
73,Engineering Mathematics,Matrix eigenvalues,2,"The eigenvalues of a 2x2 matrix [a, b; c, d] are given by λ = (d - a ± √(b^2 + c^2 + a*d - b*c)) / 2. If the matrix represents the stress tensor of a material with Young's modulus E = 200 GPa, and the principal stresses are σ1 = 100 MPa and σ2 = 50 MPa, what are the eigenvalues in MPa?","λ1 = 100 MPa, λ2 = 50 MPa","λ1 = 150 MPa, λ2 = 25 MPa","λ1 = 50 MPa, λ2 = 100 MPa","λ1 = 125 MPa, λ2 = 75 MPa",2
74,General Aptitude & Reasoning,Logical deduction,2,"A conveyor belt transports coal at a speed of 5 m/s. If the coal is to be unloaded at a rate of 10 kN, what percentage of the conveyor belt's capacity is utilized?",12.5%,15%,20%,25%,2
75,General Aptitude & Reasoning,Logical deduction,2,"A conveyor belt is moving at a speed of 5 m/s. If the length of the belt is 100 m, and it is being loaded at a rate of 0.2 m³/s, what is the percentage increase in the mass of the belt per second?",0.01%,0.1%,1%,10%,3
76,General Aptitude & Reasoning,Logical deduction,2,"A conveyor belt is moving at a speed of 2.5 m/s. If it is stopped suddenly, what is the minimum distance required to stop the belt, if the initial kinetic energy of the belt is 15 kJ?",10 m,20 m,25 m,30 m,2
77,General Aptitude & Reasoning,Logical deduction,2,"A conveyor belt is moving at a speed of 2.5 m/s. If it is loaded with 5 tons of coal, and the coal is to be unloaded in 4 minutes, what is the rate of unloading in tons per hour?",2.5 tons/hour,5 tons/hour,10 tons/hour,12.5 tons/hour,3
78,General Aptitude & Reasoning,Logical deduction,2,A conveyor belt is moving at a speed of 2.5 m/s. A box of mass 150 kg is placed on it. The coefficient of kinetic friction between the box and the belt is 0.2. What is the minimum power required to move the box at this speed?,25 W,50 W,75 W,100 W,2
79,General Aptitude & Reasoning,Logical deduction,2,"A conveyor belt is moving at a speed of 2.5 m/s. If it is stopped suddenly, what is the minimum time required to stop a 5-tonne load, given that the deceleration is 2.5 m/s²?",0.5 seconds,1 second,1.25 seconds,2 seconds,2
80,General Aptitude & Reasoning,Logical deduction,2,"A mine has a production rate of 1,000,000 tonnes per year. If the mine operates for 350 days in a year, what is the average production rate in tonnes per day?","2,857 tonnes/day","2,000 tonnes/day","1,428 tonnes/day","3,571 tonnes/day",2
81,General Aptitude & Reasoning,Logical deduction,2,"A mine has two parallel haulage roads, A and B, with lengths of 500 m and 750 m, respectively. If the speed of the haulage truck on road A is 20 km/h and on road B is 15 km/h, and the time taken to cover road A is 15 minutes, what is the percentage increase in time taken to cover road B?",5%,10%,15%,20%,2
82,General Aptitude & Reasoning,Logical deduction,2,"A mine has two parallel inclined planes of equal length with an angle of 30° to the horizontal. A 5 m³/s water flow is passing through one of the planes. If the average velocity of water flow in the plane is 2 m/s, what is the pressure at the bottom of the plane (in kPa)?",10 kPa,20 kPa,30 kPa,40 kPa,1
83,Geomechanics & Ground Control,Mohr-Coulomb failure,2,"A rock mass has a cohesion of 0.5 MPa and an angle of internal friction of 30°. If the major principal stress is 5 MPa and the minor principal stress is 2 MPa, what is the factor of safety against failure using the Mohr-Coulomb criterion?",1.25,1.5,1.75,2.0,2
84,Geomechanics & Ground Control,Mohr-Coulomb failure,2,"A rock mass is subjected to a major principal stress of 10 MPa and a minor principal stress of 5 MPa. The cohesion of the rock is 100 kPa. The angle of internal friction is 30°. What is the critical state of stress at failure, according to the Mohr-Coulomb failure criterion?","σ1 = 12.5 MPa, σ3 = 2.5 MPa","σ1 = 15 MPa, σ3 = 0 MPa","σ1 = 10 MPa, σ3 = 5 MPa","σ1 = 12.5 MPa, σ3 = 5 MPa",0
85,Geomechanics & Ground Control,Mohr-Coulomb failure,2,"A rock mass has a cohesion of 250 kPa and an angle of internal friction of 30°. If the major principal stress is 800 kPa, what is the minor principal stress (σ₂) at failure?",600 kPa,550 kPa,650 kPa,750 kPa,2
86,Geomechanics & Ground Control,Mohr-Coulomb failure,2,A rock mass is subjected to a major principal stress of 10 MPa and a minor principal stress of 5 MPa. The cohesion (c) of the rock is 0.5 MPa. What is the angle of internal friction (φ) if the rock fails in Mohr-Coulomb failure criterion?,10°,20°,30°,45°,2
87,Geomechanics & Ground Control,Mohr-Coulomb failure,2,"A rock mass has a uniaxial compressive strength of 25 MPa and a tensile strength of 2.5 MPa. If the major principal stress is 15 MPa and the minor principal stress is 5 MPa, what is the critical state of stress at the point of failure according to the Mohr-Coulomb failure criterion?",10 MPa (tensile),12 MPa (tensile),15 MPa (compressive),17 MPa (compressive),2
88,Geomechanics & Ground Control,Mohr-Coulomb failure,2,"A rock mass has a cohesion (c) of 150 kPa and an angle of internal friction (φ) of 30°. If the major principal stress (σ1) is 800 kPa and the minor principal stress (σ3) is 200 kPa, what is the Mohr-Coulomb failure criterion?",σ1 - σ3 = 600 kPa,σ1 - σ3 = 600 kPa + 2c tan(φ),σ1 - σ3 = 600 kPa + 2c tan(φ) - p,σ1 - σ3 = 600 kPa - 2c tan(φ),1
89,Geomechanics & Ground Control,Mohr-Coulomb failure,2,"A rock mass has a cohesion (c) of 0.5 MPa and an angle of internal friction (φ) of 30°. If the major principal stress (σ1) is 5 MPa and the minor principal stress (σ3) is 2 MPa, what is the value of the shear strength (τ) according to the Mohr-Coulomb failure criterion?",1.25 MPa,2.12 MPa,3.53 MPa,4.78 MPa,2
90,Geomechanics & Ground Control,Mohr-Coulomb failure,2,"A rock mass with a cohesion of 0.2 MPa and an angle of internal friction of 30° is subjected to a major principal stress of 5 MPa. If the rock mass is assumed to fail according to the Mohr-Coulomb criterion, what is the minimum minor principal stress required to cause failure?",1.67 MPa,2.00 MPa,2.50 MPa,3.33 MPa,2
91,"Mine Planning, Geostatistics & Economics",Net Present Value,2,"A mining project has an initial investment of ₹ 100 lakhs and an estimated annual production of 50,000 tonnes of ore. The ore is valued at ₹ 2.5 lakhs per tonne. The project is expected to operate for 10 years. If the discount rate is 12% per annum, what is the Net Present Value (NPV) of the project?",₹ 15.93 crores,₹ 16.23 crores,₹ 16.53 crores,₹ 16.83 crores,1
92,"Mine Planning, Geostatistics & Economics",Net Present Value,2,"A mining project requires an initial investment of ₹ 10 crores. The estimated annual cash inflow is ₹ 2.5 crores. The project is expected to operate for 5 years. The discount rate is 12% per annum. What is the Net Present Value (NPV) of the project, rounded to the nearest integer?",₹ 1.23 crores,₹ 1.25 crores,₹ 1.29 crores,₹ 1.32 crores,2
93,"Mine Planning, Geostatistics & Economics",Net Present Value,2,"A mining company is planning to invest in a new project with an initial investment of ₹ 10,000,000. The project is expected to generate annual cash flows of ₹ 5,000,000 for 5 years, followed by a perpetual annuity of ₹ 2,000,000 per year. If the discount rate is 12% per annum, what is the Net Present Value (NPV) of the project?","₹ 12,345,678","₹ 13,456,789","₹ 14,567,890","₹ 15,678,901",0
94,"Mine Planning, Geostatistics & Economics",Net Present Value,2,"A mining project has an initial investment of ₹ 10 million and an estimated annual revenue of ₹ 2.5 million. The project is expected to last for 5 years. Assuming a discount rate of 12% per annum, what is the Net Present Value (NPV) of the project?",₹ 1.15 million,₹ 1.25 million,₹ 1.35 million,₹ 1.45 million,2
95,"Mine Planning, Geostatistics & Economics",Net Present Value,2,"A mining project has an initial investment of ₹ 10,00,000 and an estimated annual revenue of ₹ 15,00,000 for 5 years. If the discount rate is 12% per annum, what is the Net Present Value (NPV) of the project?","₹ 3,47,000","₹ 3,82,000","₹ 4,17,000","₹ 4,52,000",0
96,"Mine Planning, Geostatistics & Economics",Net Present Value,2,A mining project requires an initial investment of ₹ 10 crores. The project is expected to generate a revenue of ₹ 1.5 crores per annum for 5 years. The discount rate is 12% per annum. What is the Net Present Value (NPV) of the project?,₹ 7.32 crores,₹ 7.45 crores,₹ 7.58 crores,₹ 7.71 crores,2
97,"Mine Planning, Geostatistics & Economics",Mine Planning,2,"A mine is being planned to extract 100,000 tonnes of ore per year for the next 10 years. The initial investment required is ₹ 50 crores. The annual operating cost is ₹ 15 crores, and the annual revenue is ₹ 25 crores. Assuming a discount rate of 10% and a life of mine of 10 years, what is the Net Present Value (NPV) of the mine?",₹ 75 crores,₹ 150 crores,₹ 225 crores,₹ 300 crores,2
98,Mine Surveying & Geomatics,Bowditch rule traverse closing error,2,"A mine survey traverse consists of 8 lines with a total length of 1200 m. If the traverse closing error is 1.2 m using Bowditch rule, what is the sensitivity of the traverse?",0.0001,0.001,0.01,0.1,2
99,Mine Surveying & Geomatics,Bowditch rule traverse closing error,2,"A mine survey traverse has the following measurements: AB = 100 m, BC = 120 m, CD = 90 m, DA = 150 m. Using the Bowditch rule, calculate the closing error in the traverse. If the error is within the acceptable limit of 0.1%, what is the sensitivity of the leveling?",0.04 m,0.05 m,0.06 m,0.07 m,0
100,Mine Surveying & Geomatics,Bowditch rule traverse closing error,2,"A mine survey traverse is conducted using a theodolite with an EDM instrument. The traverse is closed using the Bowditch rule. If the calculated closing error is 1.2 mm and the traverse length is 10.5 km, what is the sensitivity of the EDM instrument in mm/m?",0.11 mm/m,0.12 mm/m,0.13 mm/m,0.14 mm/m,2
101,Mine Surveying & Geomatics,Bowditch rule traverse closing error,2,"A mine survey traverse has the following angles and distances: ∠A = 60°, ∠B = 90°, ∠C = 120°, AB = 50 m, BC = 75 m, CA = 100 m. If the calculated value of ∠A using the Bowditch rule is 60.000°, what is the traverse closing error in seconds of arc?",6.4,7.2,8.0,9.6,2
102,Mine Surveying & Geomatics,Bowditch rule traverse closing error,2,"A mine survey traverse consists of 5 lines with the following bearings and distances: Line 1: N 30° E, 100 m; Line 2: N 60° E, 120 m; Line 3: N 90° E, 150 m; Line 4: S 90° E, 150 m; Line 5: S 60° E, 120 m. The closing error is 0.5 m. Using the Bowditch rule, what is the probable error in the traverse?",0.25 m,0.30 m,0.35 m,0.40 m,2
103,Mine Surveying & Geomatics,Bowditch rule traverse closing error,2,A traverse is closed using the Bowditch rule. The sum of the easting and northing closures are 0.15 m and 0.20 m respectively. The length of the traverse is 500 m. What is the magnitude of the traverse closing error?,0.0003 m,0.0006 m,0.0012 m,0.0024 m,2
104,Mine Surveying & Geomatics,Bowditch rule traverse closing error,2,"A mine survey traverse consists of 5 stations. The latitude and departure of the closing line are 120.0 m and 30.0 m respectively. The cumulative latitude and departure errors are 0.5 m and 0.2 m respectively. Using the Bowditch rule, what is the closing error in the traverse?",0.5 m,0.6 m,0.7 m,0.8 m,2
105,Mine Surveying & Geomatics,Bowditch rule traverse closing error,2,"A mine survey traverse is closed using Bowditch's rule. The traverse has a total length of 10.5 km. If the closing error is 1.8 m and the traverse is closed with a cumulative error of 0.12 m, what is the sensitivity of the traverse?",0.001 Ns²/m⁸,0.012 Ns²/m⁸,0.012 kN/m,0.12 MPa/m,1
106,Mine Surveying & Geomatics,Bowditch rule traverse closing error,2,"A mine traverse is closed using the Bowditch rule. If the closing error is 0.05 m and the length of the traverse is 5.2 km, what is the sensitivity of the traverse?",0.0096 m/km,0.0097 m/km,0.0098 m/km,0.0099 m/km,2
107,Mine Surveying & Geomatics,Bowditch rule traverse closing error,2,"A traverse has been measured using the Bowditch rule. The closing error is found to be 2.5 m. If the traverse is to be adjusted, what is the correction to be applied to the last line of the traverse, if the length of the last line is 120 m?",2.5 m,1.25 m,0.625 m,3.125 m,2
108,Mine Surveying & Geomatics,Bowditch rule traverse closing error,2,"A mine traverse is conducted using a theodolite. The Bowditch rule is applied to compute the closing error. If the cumulative error in latitude is 1.2' and the cumulative error in departure is 2.5', what is the magnitude of the closing error in meters?",0.0005 m,0.0012 m,0.0025 m,0.0050 m,2
109,Mine Surveying & Geomatics,Bowditch rule traverse closing error,2,"A mine survey traverse is conducted using a total station with an EDM accuracy of ±2 mm + 2 ppm. If the traverse is closed using the Bowditch rule, and the closing error is found to be 1.5 m, what is the probable cause of this error?",Insufficient number of checkpoints,Inaccurate EDM measurements,Incorrect application of the Bowditch rule,"Leveling sensitivity exceeding 1:10,000",1
110,Mine Ventilation & Environment,Atkinson's friction law,2,"A mine ventilation fan is installed in a 100 m long duct with a diameter of 2 m. The air flow rate is 10 m³/s. The pressure drop due to friction is given by Atkinson's friction law as ΔP = (f ⋆ L / D) ⋆ (ρ ⋆ V² / 2). If the friction factor f is 0.02, the density of air ρ is 1.2 kg/m³, and the velocity V is 5 m/s, what is the pressure drop ΔP in kPa?",0.06 kPa,0.12 kPa,0.24 kPa,0.48 kPa,2
111,Mine Ventilation & Environment,Atkinson's friction law,2,"A mine ventilation fan is installed to handle a flow rate of 1.2 m³/s. The fan's characteristic curve shows that the head developed by the fan is 10 m of water when the flow rate is 1.2 m³/s. Using Atkinson's friction law, the friction loss (in kN) in a 100 m long mine airway with a diameter of 2.5 m and a velocity of 10 m/s is approximately:",0.5 kN,1.0 kN,1.5 kN,2.0 kN,2
112,Mine Ventilation & Environment,Atkinson's friction law,2,"A mine ventilation fan is operating at a flow rate of 2.5 m³/s and a pressure of 10 kPa. The fan's characteristic curve shows a head loss of 5 Ns²/m⁸ at this operating point. Using Atkinson's friction law, what is the equivalent head loss due to friction in the duct, if the velocity head is 2.5 Ns²/m⁸?",3.5 Ns²/m⁸,4.0 Ns²/m⁸,4.5 Ns²/m⁸,5.0 Ns²/m⁸,2
113,Mine Ventilation & Environment,Atkinson's friction law,2,"A ventilation system in a coal mine has a fan with a characteristic curve that is a straight line with a slope of 0.8 kN/m³/s. The Atkinson's friction law is given by f = 0.2 (V^2 / g) (dP / dx). If the air flow rate is 1.5 m³/s, the pressure drop (dP) over a distance of 100 m is measured to be 20 kPa. What is the value of the friction factor (f) in Ns²/m⁸?",0.3 Ns²/m⁸,0.5 Ns²/m⁸,0.7 Ns²/m⁸,1.0 Ns²/m⁸,2
114,Mine Ventilation & Environment,Atkinson's friction law,2,"A mine ventilation system uses a fan to move 200 m³/s of air through a 1.5 m diameter pipe with a length of 1000 m. The air has a density of 1.2 kg/m³. If the fan's power is 100 kW, what is the pressure drop (in kPa) across the fan, assuming a friction factor of 0.02 and neglecting minor losses?",5.3 kPa,6.2 kPa,7.1 kPa,8.0 kPa,2
115,Mine Ventilation & Environment,Atkinson's friction law,2,"A mine ventilation system consists of a 100 m long, 1.2 m diameter steel pipe with a roughness of 0.05 mm. The air flow rate is 10 m³/s. If the pressure drop due to friction is 10 kPa, what is the value of the friction factor (f) using Atkinson's friction law?",0.006,0.012,0.018,0.024,1
116,Mine Ventilation & Environment,Atkinson's friction law,2,"A ventilation system in a mine has a straight run of 100 m long and 1.5 m² cross-sectional area. The air flow rate is 10 m³/s. The pressure drop due to friction is given by Atkinson's law as ΔP = (f · L · ρ · v²) / (2 · D). If the friction factor f is 0.02, the air density ρ is 1.2 kg/m³, and the pipe diameter D is 0.5 m, what is the pressure drop ΔP in kPa?",0.24 kPa,2.4 kPa,24 kPa,240 kPa,2
117,Mine Ventilation & Environment,Atkinson's friction law,2,"A mine air fan is installed in a 1.5 m diameter, 100 m long rectangular duct with a uniform velocity of 10 m/s. The air is at a temperature of 25°C and a pressure of 101.3 kPa. Using Atkinson's friction law, what is the pressure drop (in kPa) across the fan?",0.15 kPa,0.30 kPa,0.45 kPa,0.60 kPa,2
118,Mining Machinery & Materials Handling,Koepe winder slip criteria,2,"A Koepe winder is used to lift 100 m³/s of ore at a speed of 3 m/s. If the maximum allowable slip is 10% and the static factor of safety of the wire rope is 5, determine the minimum required tensile strength of the wire rope.",0.5 MPa,1.25 MPa,2.5 MPa,5 MPa,2
119,Mining Machinery & Materials Handling,Koepe winder slip criteria,2,"A Koepe winder is used in a coal mine to lift 50 m³/s of rock at 30° angle. The wire rope has a breaking load of 100 kN. If the static factor of safety is 5, what is the maximum permissible slip of the wire rope?",0.05 m,0.10 m,0.15 m,0.20 m,2
120,Mining Machinery & Materials Handling,Koepe winder slip criteria,2,"A Koepe winder is used to hoist a 50 m long rope with a mass of 100 kg/m. If the rope is wound at a speed of 10 m/s, and the maximum permissible slip is 10% of the rope mass, determine the minimum required static factor of safety for the wire rope.",2.5,3.2,4.1,5.5,2
121,Mining Machinery & Materials Handling,Koepe winder slip criteria,2,"A Koepe winder is designed to lift 1000 t/h of ore at a speed of 6 m/s. If the maximum allowed slip is 10% and the wire rope has a static factor of safety of 5, determine the minimum required tensile strength of the wire rope. The density of the ore is 3.5 t/m³.",10 kN/mm²,15 kN/mm²,20 kN/mm²,25 kN/mm²,2
122,Mining Machinery & Materials Handling,Koepe winder slip criteria,2,"A Koepe winder is designed to lift a load of 500 kN at a speed of 3 m/s. If the wire rope has a static factor of safety of 5, what is the maximum permissible slip (in %) for the given load?",1.1%,1.2%,1.5%,1.8%,2
123,Mining Machinery & Materials Handling,Koepe winder slip criteria,2,"A Koepe winder is used to lift a load of 1000 kN at a speed of 2 m/s. If the maximum allowed slip is 10% of the load, what is the minimum required tension in the wire rope, assuming a static factor of safety of 5? (Given: Young's modulus of the wire rope = 200 GPa)",10.0 MPa,12.0 MPa,15.0 MPa,20.0 MPa,2
124,Surface & Underground Mining Methods,Bord and Pillar depillaring,2,"A Bord and Pillar mine has a coal seam of thickness 3.5 m. The pillar width is 4.5 m. If the average density of coal is 1.4 t/m³, what is the maximum allowable pillar load in kN, considering a factor of safety of 2?",0.63 kN,1.26 kN,2.53 kN,5.06 kN,2
125,Surface & Underground Mining Methods,Bord and Pillar depillaring,2,"A bord and pillar mine is being operated with a pillar extraction ratio of 0.25. If the average pillar strength is 5.5 MPa, what is the maximum pillar size (in m) that can be extracted without causing a pillar failure?",2.2 m,2.5 m,3.0 m,3.5 m,2
126,Surface & Underground Mining Methods,Bord and Pillar depillaring,2,"A Bord and Pillar mine with a dimension of 10 m x 10 m x 6 m high has a pillar size of 2.5 m x 2.5 m. The coal seam has a density of 1.4 t/m³. If the pillar extraction ratio is 0.2, what is the volume of coal extracted per pillar?",1.5 m³,3 m³,4.5 m³,6 m³,2
127,Surface & Underground Mining Methods,Bord and Pillar depillaring,2,A bord and pillar mine has a pillar size of 6 m x 6 m x 6 m. The density of the ore is 3.5 t/m³. The uniaxial compressive strength of the ore is 120 MPa. The pillar is to be extracted by depillaring. The powder factor for the blasting operation is 0.6 kg/m³. What is the approximate stripping ratio for this mine?,0.8,1.2,1.5,2.0,2
128,Surface & Underground Mining Methods,Bord and Pillar depillaring,2,"A bord and pillar mine with a pillar extraction ratio of 0.4 is being operated. The average pillar strength is 2.5 MPa. The extracted coal has a bulk density of 0.7 t/m³. If the pillar extraction area is 1000 m², what is the total weight of coal extracted per square meter of pillar extraction area?",0.7 kN/m²,1.1 kN/m²,1.5 kN/m²,2.2 kN/m²,2
129,Surface & Underground Mining Methods,Bord and Pillar depillaring,2,"A bord and pillar mine with a coal seam thickness of 2.5 m is being depillared using a 5 m x 5 m pillar layout. The coal density is 1.4 t/m³. If the pillar is being depillared using a 45° cut, what is the approximate volume of coal (in m³) that will be extracted from the pillar per meter of cut?",2.5 m³/m,5.0 m³/m,7.5 m³/m,10.0 m³/m,2
130,Surface & Underground Mining Methods,Bord and Pillar depillaring,2,"In Bord and Pillar mining, the pillar strength is generally estimated using the following formula: P = (1/3) δ ∗ A, where P is the pillar strength, δ is the rock mass strength and A is the pillar area. If the rock mass strength δ is 5 MPa and the pillar area A is 10 m², what is the pillar strength P?",50 kN,50 kN,50 kN,0.05 Ns²/m⁸,0
131,Surface & Underground Mining Methods,Bord and Pillar depillaring,2,"A bord and pillar mine has a pillar size of 6 m x 6 m x 10 m. If the rock mass strength is 10 MPa, what is the percentage of pillar extraction to maintain a stable roof?",15% to 20%,20% to 25%,25% to 30%,30% to 35%,2
132,Surface & Underground Mining Methods,Bord and Pillar depillaring,2,"A bord and pillar mine has a pillar size of 6 m x 6 m x 10 m. If the coal density is 1.5 t/m³ and the desired extraction ratio is 80%, what is the volume of coal to be extracted from a 100 m x 100 m x 10 m sub-block?",150 m³,200 m³,250 m³,300 m³,2
133,Surface & Underground Mining Methods,Bord and Pillar depillaring,2,A bord and pillar mine has a pillar size of 6 m x 6 m x 10 m. The average density of the coal is 1.4 t/m³. The pillar is to be depillared using a continuous miner. The cutting height is 3 m. What is the approximate stripping ratio for this mine?,1.0,1.5,2.0,3.0,2
134,Surface & Underground Mining Methods,Bord and Pillar depillaring,2,"A bord and pillar mine is being operated with a pillar extraction ratio of 0.3. If the average pillar strength is 2.5 MPa and the average in-situ stress is 2.8 MPa, what is the approximate percentage of pillar extraction?",10%,20%,25%,30%,3
135,Engineering Mathematics,Matrix eigenvalues,3,The eigenvalues of the matrix [2 1; 1 2] are (a) real and distinct (b) real and equal (c) complex conjugates (d) purely imaginary,real and distinct,real and equal,complex conjugates,purely imaginary,1
136,Engineering Mathematics,Matrix eigenvalues,3,"The eigenvalues of a matrix are found to be √3, 1, and -1. The matrix is used to represent the stress transformation in a material. If the principal stresses are 10 MPa, 5 MPa, and -5 MPa, what is the maximum shear stress in the material?",5 MPa,10 MPa,15 MPa,20 MPa,2
137,Engineering Mathematics,Matrix eigenvalues,3,"The eigenvalues of a square matrix A are denoted as λ1, λ2, ... λn. Which of the following statements is NOT true?",The sum of the eigenvalues of A is equal to the sum of the diagonal elements of A,The product of the eigenvalues of A is equal to the determinant of A,The eigenvalues of A are always real numbers,The eigenvalues of A are always positive numbers,3
138,Engineering Mathematics,Matrix eigenvalues,3,"A 2x2 matrix A has eigenvalues λ1 = 5 and λ2 = 3. If the determinant of A is 15, what is the trace of matrix A?",8,10,12,15,1
139,Engineering Mathematics,Matrix eigenvalues,3,"The eigenvalues of a 2x2 matrix A = [[4, 2], [1, 3]] are given by the characteristic equation |A - λI| = 0. If the eigenvalues are denoted as λ1 and λ2, then which of the following is a correct relation between the eigenvalues?",λ1 + λ2 = 7,λ1 * λ2 = 12,λ1^2 + λ2^2 = 29,λ1 - λ2 = 1,2
140,Engineering Mathematics,Matrix eigenvalues,3,"The eigenvalues of a 2x2 matrix [a, b; c, d] are given by λ = (d - a ± √((d - a)^2 + b^2c^2)) / 2. If the eigenvalues are 2 and 3, and the matrix is invertible, then the determinant of the matrix is:",1 MPa,-1 MPa,4 MPa,Not determinable,0
141,Engineering Mathematics,Matrix eigenvalues,3,"A 2x2 matrix A has eigenvalues 3 and 5. If A = [[4, 2], [3, 5]], what is the value of the trace of A?",10,12,15,18,0
142,Engineering Mathematics,Matrix eigenvalues,3,"For a 2x2 matrix [a, b; c, d] with a = 10 MPa and d = 5 MPa, the eigenvalues are given by the characteristic equation λ^2 - (a + d)λ + (ad - bc) = 0. If the eigenvalues are such that λ1 = 15 MPa and λ2 = 3 MPa, then the value of b is",b = 2.5 kN/m²,b = -2.5 kN/m²,b = 5 kN/m²,b = -5 kN/m²,1
143,General Aptitude & Reasoning,Logical deduction,3,"A conveyor belt transports coal at a rate of 2.5 m³/s. If the belt is 10 m long and the coal is being unloaded at a rate of 0.5 m/s, what is the percentage increase in the unloading rate if the length of the belt is increased to 15 m?",10%,20%,25%,30%,2
144,General Aptitude & Reasoning,Logical deduction,3,"A water pump is designed to discharge 0.2 m³/s of water from a reservoir at a height of 15 m above the ground. If the pump operates for 8 hours a day, how many days will it take to empty a reservoir with a capacity of 1200 m³? Assume the pump operates at 80% efficiency.",10 days,12 days,15 days,18 days,2
145,General Aptitude & Reasoning,Logical deduction,3,"A conveyor belt is moving at a speed of 2.5 m/s. A box of mass 250 kg is placed on it. If the coefficient of friction between the box and the belt is 0.2, what is the minimum power required to move the box at the same speed?",0.625 kW,1.25 kW,2.5 kW,5 kW,1
146,General Aptitude & Reasoning,Logical deduction,3,"A conveyor belt transports coal at a rate of 1000 kg/min. If the belt speed is 2.5 m/s and the width of the belt is 1.2 m, what is the volume flow rate of coal being transported?",0.6 m³/s,1.2 m³/s,2.4 m³/s,3.6 m³/s,2
147,General Aptitude & Reasoning,Logical deduction,3,"A conveyor belt transports coal at a speed of 4 m/s. If the coal is to be carried for 10 km, what is the time taken in seconds, considering the conveyor belt is moving with a constant speed?",10 s,20 s,25 s,30 s,2
148,General Aptitude & Reasoning,Logical deduction,3,"A conveyor belt is moving at a speed of 10 m/s. A 500 kg load is placed on it. If the coefficient of friction between the load and the belt is 0.2, what is the minimum power required to move the load at the same speed?",2.5 kW,5 kW,10 kW,20 kW,2
149,General Aptitude & Reasoning,Logical deduction,3,"A stone is thrown upwards from the top of a 10 m high cliff with an initial velocity of 10 m/s. If the acceleration due to gravity is 9.8 m/s², the time taken by the stone to reach the ground is approximately:",1.0 s,1.5 s,2.0 s,2.5 s,2
150,Geomechanics & Ground Control,Mohr-Coulomb failure,3,"A rock mass has a cohesion (c) of 100 kPa and an internal friction angle (φ) of 30°. Determine the major principal stress (σ1) required to cause a failure in the rock mass, given that the minor principal stress (σ3) is 50 kPa. Assume that the rock mass is dry and that the pore pressure is negligible.",150 kPa,200 kPa,250 kPa,300 kPa,2
151,Geomechanics & Ground Control,Mohr-Coulomb failure,3,A rock mass has a cohesion (c) of 100 kPa and an angle of internal friction (φ) of 30°. The major principal stress (σ1) is 2000 kPa. Determine the minor principal stress (σ2) at which the rock mass will fail according to the Mohr-Coulomb failure criterion.,1500 kPa,1200 kPa,1800 kPa,2500 kPa,2
152,Geomechanics & Ground Control,Mohr-Coulomb failure,3,"A rock mass has a cohesion (c) of 0.5 MPa and an angle of internal friction (φ) of 30°. If the major principal stress (σ1) is 5 MPa and the minor principal stress (σ3) is 2 MPa, what is the normal stress (σn) on a plane with a dip angle of 45° to the horizontal?",σn = 3.53 MPa,σn = 4.24 MPa,σn = 5.00 MPa,σn = 6.35 MPa,2
153,Geomechanics & Ground Control,Mohr-Coulomb failure,3,"A rock mass has a uniaxial compressive strength of 30 MPa. If the major and minor principal stresses are 20 MPa and 10 MPa, respectively, what is the cohesion (c) of the rock mass, given that the angle of internal friction (φ) is 30°?",10 kPa,20 kPa,30 kPa,40 kPa,2
154,"Mine Planning, Geostatistics & Economics",Net Present Value,3,A mining project has an initial investment of ₹ 10 crores and an estimated annual revenue of ₹ 5 crores for 5 years. The operating costs are ₹ 2 crores per year. The discount rate is 10% per annum. Calculate the Net Present Value (NPV) of the project.,₹ 18.18 crores,₹ 20.20 crores,₹ 22.22 crores,₹ 24.24 crores,0
155,"Mine Planning, Geostatistics & Economics",Geostatistics,3,"A spherical semivariogram model has a sill of 100 m² and a nugget effect of 10 m². The Ordinary Kriging estimation variance is given by σ² = (3 - φ)φ / (2φ²), where φ is the effective range of the semivariogram. If the effective range is 500 m, what is the estimation variance?",0.006 m²,0.012 m²,0.018 m²,0.024 m²,1
156,"Mine Planning, Geostatistics & Economics",Economic Evaluation,3,"A mining project has an initial investment of ₹ 1.2 crores and an estimated annual operating cost of ₹ 0.8 crores. The project is expected to produce 5000 tonnes of ore per year, with an average grade of 2.5% Cu. The market price of copper is ₹ 45,000 per tonne. The project is expected to operate for 5 years. If the discount rate is 12% per annum, what is the Net Present Value (NPV) of the project?",₹ 1.35 crores,₹ 1.52 crores,₹ 1.70 crores,₹ 2.05 crores,2
157,"Mine Planning, Geostatistics & Economics",Net Present Value,3,"A mining project has an initial investment of ₹ 1.2 crores and expected annual revenue of ₹ 1.5 crores. The project is expected to run for 5 years. If the discount rate is 12% per annum, what is the Net Present Value (NPV) of the project?",₹ 0.75 crores,₹ 1.12 crores,₹ 1.35 crores,₹ 1.50 crores,1
158,"Mine Planning, Geostatistics & Economics",Net Present Value,3,"A mining project has an initial investment of ₹ 10 crores and an estimated annual operating cost of ₹ 5 crores. The project is expected to produce 5,00,000 tonnes of ore per year for 10 years, with an average grade of 2% Cu. The metal price is ₹ 35,000 per tonne of Cu. Assuming a discount rate of 12% and using the present worth factor, calculate the Net Present Value (NPV) of the project.",₹ 12.35 crores,₹ 14.21 crores,₹ 16.07 crores,₹ 18.93 crores,2
159,"Mine Planning, Geostatistics & Economics",Net Present Value,3,"A mining project requires an initial investment of ₹ 1.2 crores. The project is expected to generate an annual revenue of ₹ 0.9 crores for 5 years. The annual operating cost is ₹ 0.3 crores. The salvage value at the end of 5 years is ₹ 0.2 crores. If the discount rate is 10% per annum, what is the Net Present Value (NPV) of the project?",₹ 0.6 crores,₹ 1.2 crores,₹ 1.8 crores,₹ 2.4 crores,0
160,"Mine Planning, Geostatistics & Economics",Net Present Value,3,"A mining project with a capital investment of ₹ 100 crores and an annual operating cost of ₹ 20 crores is expected to produce 5 million tonnes of coal over 10 years. The selling price of coal is ₹ 150 per tonne. If the project has a life of mine (LOM) rate of return of 15% and a net present value (NPV) of ₹ 50 crores, what is the internal rate of return (IRR) of the project?",10%,12%,15%,18%,2
161,"Mine Planning, Geostatistics & Economics",Net Present Value,3,"A mining project has an initial investment of ₹ 1.5 crores and a projected annual revenue of ₹ 2.5 crores. The project is expected to operate for 10 years. If the discount rate is 12% per annum, what is the Net Present Value (NPV) of the project?",₹ 1.8 crores,₹ 2.3 crores,₹ 2.8 crores,₹ 3.2 crores,2
162,"Mine Planning, Geostatistics & Economics",Net Present Value,3,"A mining project has an initial investment of ₹ 10 crores and an annual operating cost of ₹ 5 crores. The project is expected to produce 100,000 tonnes of ore per year for 10 years, with an average grade of 2% Cu. The price of Cu is ₹ 40/kg. Assuming a discount rate of 12% and using the present value factor, calculate the Net Present Value (NPV) of the project.",₹ 23.11 crores,₹ 30.45 crores,₹ 37.79 crores,₹ 45.13 crores,2
163,"Mine Planning, Geostatistics & Economics",Net Present Value,3,"A mining project requires an initial investment of ₹ 10,000,000 and is expected to generate a revenue of ₹ 2,500,000 per annum for the next 5 years. If the project's net present value (NPV) is ₹ 1,800,000, what is the discount rate (r) at which the project is being evaluated?",10%,12%,15%,18%,1
164,"Mine Planning, Geostatistics & Economics",Net Present Value,3,"A mine is expected to produce 50,000 tonnes of ore per year for the next 10 years. The operating cost is estimated to be ₹ 1,500 per tonne, and the revenue from the sale of ore is estimated to be ₹ 3,000 per tonne. The initial investment for the mine is ₹ 5,000,000. If the discount rate is 10% per annum, what is the Net Present Value (NPV) of the mine?","₹ 2,500,000","₹ 3,500,000","₹ 4,500,000","₹ 5,500,000",2
165,"Mine Planning, Geostatistics & Economics",Net Present Value,3,"A mining project has an initial investment of ₹ 10,000,000 and an estimated life of 5 years. The annual operating cost is ₹ 2,000,000 and the annual revenue is ₹ 5,000,000. If the salvage value at the end of the project is ₹ 1,500,000, what is the Net Present Value (NPV) of the project, assuming a discount rate of 12% per annum?","₹ 1,250,000","₹ 2,500,000","₹ 3,750,000","₹ 5,000,000",2
166,"Mine Planning, Geostatistics & Economics",Net Present Value,3,"A mining project has an initial investment of ₹ 10 crores and an estimated annual cash inflow of ₹ 2.5 crores. The project is expected to operate for 10 years. Calculate the Net Present Value (NPV) of the project, assuming a discount rate of 10% per annum.",₹ 2.5 crores,₹ 5 crores,₹ 7.65 crores,₹ 10 crores,2
167,Mine Surveying & Geomatics,Bowditch rule traverse closing error,3,"A mine survey traverse is closed using the Bowditch rule. If the closing error is 3.75 m and the traverse is 1500 m long, what is the sensitivity of the traverse?",0.0025 m/m,0.00275 m/m,0.00325 m/m,0.00375 m/m,2
168,Mine Surveying & Geomatics,Bowditch rule traverse closing error,3,"A traverse has the following angles and distances: A-B = 120°, B-C = 90°, C-D = 150°, A-D = 60°, AB = 100 m, BC = 50 m, CD = 120 m. If the closing error is 1.2 m, what is the error in the length of the closing line AD?",0.6 m,0.8 m,1.0 m,1.2 m,2
169,Mine Surveying & Geomatics,Bowditch rule traverse closing error,3,"A mine survey traverse consists of 10 stations. The closing error in the traverse is 1.5 m. If the traverse is to be closed using the Bowditch rule, and the traverse is to be adjusted to a closed polygon, what is the correction to be applied to the EDM measurements to achieve this?",0.15 m,0.30 m,1.50 m,3.00 m,2
170,Mine Surveying & Geomatics,Bowditch rule traverse closing error,3,"A mine survey traverse is carried out using a total station. The traverse is closed using the Bowditch rule. If the calculated closing error is 1.2 mm and the leveling sensitivity is 0.5 mm/m, what is the sensitivity of the traverse?",0.6 mm/m,1.2 mm/m,2.4 mm/m,4.8 mm/m,2
171,Mine Surveying & Geomatics,Bowditch rule traverse closing error,3,"A mine survey traverse of 10 km is conducted using a total station. The traverse is closed using the Bowditch rule. If the closing error is 1.2 m, what is the sensitivity of the traverse?",0.00012 m²/m,0.00012 m²/km,0.00012 m/km,0.12 m²/km,3
172,Mine Surveying & Geomatics,Bowditch rule traverse closing error,3,"A mine survey traverse is closed using the Bowditch rule. The traverse has a total length of 1000 m. If the traverse is closed with an error of 1.5 m, what is the sensitivity of the traverse?",0.0015 m/m,0.0018 m/m,0.0021 m/m,0.0025 m/m,2
173,Mine Surveying & Geomatics,Bowditch rule traverse closing error,3,"A mine survey traverse consists of 5 stations with the following coordinates in meters: A(100, 200), B(150, 250), C(200, 300), D(250, 350), E(300, 400). The traverse is closed using the Bowditch rule. If the closing error is 2.5 m, what is the average error per station in mm?",1.25 mm,2.5 mm,5.0 mm,10.0 mm,2
174,Mine Surveying & Geomatics,Bowditch rule traverse closing error,3,"A traverse of 10 km is measured using a total station. The Bowditch rule traverse closing error is calculated as 1.5 m. If the traverse is to be adjusted using a leveling loop with a sensitivity of 1:100,000, what is the adjustment in meters?",1.5 m,1.5 m + 0.01 m,1.5 m + 0.001 m,1.5 m - 0.01 m,2
175,Mine Surveying & Geomatics,Bowditch rule traverse closing error,3,"A mine survey traverse consists of 8 lines with a total length of 12.5 km. If the traverse closing error is 1.2 m, what is the average error per meter using the Bowditch rule?",0.00096 m/m,0.00098 m/m,0.0010 m/m,0.0012 m/m,2
176,Mine Surveying & Geomatics,Bowditch rule traverse closing error,3,"A mine survey traverse consists of 8 lines with a total length of 5.6 km. If the traverse closing error is 0.02% using the Bowditch rule, what is the error in metres?",0.112 m,0.112 m,0.113 m,0.114 m,0
177,Mine Surveying & Geomatics,Bowditch rule traverse closing error,3,"A mine survey traverse consists of 5 sides with the following angles and lengths: AB = 100 m, BC = 120 m, CD = 90 m, DE = 110 m, EA = 130 m, ∠ABC = 60°, ∠BCD = 90°, ∠CDE = 120°, ∠DEA = 150°. The traverse is closed using Bowditch's rule. If the calculated error in the closing is 0.05 m, what is the sensitivity of the traverse?",0.05 m/m,0.10 m/m,0.15 m/m,0.20 m/m,1
178,Mine Ventilation & Environment,Atkinson's friction law,3,"A mine ventilation system uses a fan with a characteristic curve that is a parabola. The fan's power input is 100 kW. The pressure difference across the fan is 10 kPa. The air flow rate is 10 m³/s. If the fan's efficiency is 80%, what is the power input required to maintain the same air flow rate and pressure difference when the fan's speed is doubled?",50 kW,100 kW,200 kW,400 kW,2
179,Mine Ventilation & Environment,Atkinson's friction law,3,"A mine ventilation system uses a fan with a characteristic curve that is a parabola with the equation Q = 0.5 × N^2, where Q is the airflow rate in m^3/s and N is the fan speed in rpm. If the airflow rate is 10 m^3/s and the fan speed is 500 rpm, what is the value of the coefficient of friction (f) in Atkinson's friction law, given by f = √(2 × ΔP / (ρ × v^2)), where ΔP is the pressure drop in kPa, ρ is the air density in kg/m^3, and v is the airflow velocity in m/s?",0.5,1.0,1.4,2.0,1
180,Mine Ventilation & Environment,Atkinson's friction law,3,"A mine ventilation fan is to be designed to handle a flow rate of 5 m³/s at a pressure of 1500 Pa. The fan is to operate at a speed of 1000 rpm. If the friction factor (f) is 0.02 and the pipe diameter is 1.5 m, determine the power required (in kW) using Atkinson's friction law. The fan characteristic curve is given by the equation: Q = 0.5 ∗ D² ∗ N³.",1.25 kW,2.5 kW,5.0 kW,10.0 kW,2
181,Mine Ventilation & Environment,Atkinson's friction law,3,"A ventilation system in a coal mine has a pipe diameter of 1.2 m and a length of 1000 m. The air flow rate is 10 m³/s. If the velocity head is negligible, and the friction factor is 0.02, what is the pressure drop (in kPa) along the pipe, assuming a roughness height of 0.05 mm and a fluid density of 1.2 kg/m³?",2.4 kPa,4.8 kPa,6.0 kPa,9.6 kPa,2
182,Mine Ventilation & Environment,Atkinson's friction law,3,"A ventilation system in a coal mine has a pipe diameter of 1.2 m and a length of 100 m. The air flow rate is 0.5 m³/s. The pressure drop due to friction is given by Atkinson's law as ΔP = (f ⋆ L ⋆ ρ ⋆ v^2) / (2 ⋆ D). If the friction factor (f) is 0.02, the air density (ρ) is 1.2 kg/m³, and the velocity (v) is 10 m/s, what is the pressure drop (ΔP) in kPa?",0.48 kPa,0.96 kPa,1.92 kPa,2.88 kPa,2
183,Mine Ventilation & Environment,Atkinson's friction law,3,"A mine ventilation fan has a fan characteristic curve with a head-discharge relationship given by Q = 1.5 × √(H) m³/s, where Q is the airflow rate and H is the head in m of water. If the fan is operating at a head of 10 m of water, what is the airflow rate?",2.12 m³/s,2.24 m³/s,2.36 m³/s,2.48 m³/s,2
184,Mine Ventilation & Environment,Atkinson's friction law,3,"A mine ventilation fan is installed to control airflow in a 100 m long tunnel with a cross-sectional area of 5 m². The fan is rated at 100 kW and has a characteristic curve with a head-discharge relationship given by H = 0.1Q² + 0.5Q. If the fan operates at a flow rate of 2.5 m³/s, what is the pressure drop (in kPa) in the tunnel due to the fan's operation?",10.0 kPa,12.5 kPa,15.0 kPa,17.5 kPa,2
185,Mining Machinery & Materials Handling,Koepe winder slip criteria,3,"A Koepe winder is designed to lift 1000 t/h of coal at a speed of 4 m/s. The maximum allowed slip is 5%. If the actual slip is 4%, determine the static factor of safety (SF) of the wire rope, given that the breaking load of the rope is 150 kN and the working load is 100 kN.",SF = 1.5,SF = 2.0,SF = 2.5,SF = 3.0,2
186,Mining Machinery & Materials Handling,Koepe winder slip criteria,3,A Koepe winder is used to lift 1000 t/h of coal at a speed of 2.5 m/s. The wire rope has a diameter of 50 mm and a mass per unit length of 0.02 kg/m. The maximum allowable slip is 5%. Calculate the maximum allowable tensile force (F) in the wire rope.,F = 2500 kN,F = 3000 kN,F = 3500 kN,F = 4000 kN,2
187,Mining Machinery & Materials Handling,Koepe winder slip criteria,3,"A Koepe winder is used to lift a 50 t load at a speed of 1.5 m/s. The maximum allowable slip is 1.2%. If the wire rope has a static factor of safety of 5 and a breaking load of 120 kN, determine the maximum allowable torque (in Nm) on the drum.",120 Nm,150 Nm,180 Nm,200 Nm,2
188,Mining Machinery & Materials Handling,Koepe winder slip criteria,3,"A Koepe winder is designed to handle a 100 m long rope with a diameter of 100 mm. If the rope is subjected to a tensile load of 500 kN, and the rope's breaking strength is 1000 kN, determine the minimum static factor of safety required to prevent rope slip. Assume a rope velocity of 10 m/s.",1.5,2.0,2.5,3.0,1
189,Mining Machinery & Materials Handling,Koepe winder slip criteria,3,"A Koepe winder is used in a coal mine to lift a load of 500 kN at a speed of 1.2 m/s. The wire rope has a diameter of 60 mm and a breaking load of 1000 kN. If the static factor of safety is 5, what is the maximum permissible slip (in %) for the winder?",1.25%,1.5%,2.0%,2.5%,2
190,Mining Machinery & Materials Handling,Koepe winder slip criteria,3,"A Koepe winder is used to lift a 100 m long ore bucket of 1.5 m³ volume at a speed of 2 m/s. The maximum allowable slip is 10% of the rope length. If the rope is made of a material with a static factor of safety of 5, determine the minimum required tensile strength of the rope.",10 kN/m,15 kN/m,20 kN/m,25 kN/m,2
191,Mining Machinery & Materials Handling,Koepe winder slip criteria,3,"A Koepe winder is designed to handle a coal haulage rope of diameter 80 mm and mass per unit length of 0.1 kg/m. If the winder is operating at a speed of 10 m/s and the rope is subjected to a tension of 100 kN at the drum, what is the maximum permissible slip velocity (in m/s) to avoid rope damage?",0.1 m/s,0.5 m/s,1.0 m/s,1.5 m/s,2
192,Mining Machinery & Materials Handling,Koepe winder slip criteria,3,A Koepe winder is used to lift 50 m³/s of rock at 1000 m depth. The maximum permissible slip is 10% of the load. The wire rope has a static factor of safety of 4. The breaking load of the wire rope is 2000 kN. The angle of wrap is 8 times. The weight of the rock is 28 kN/m³. Determine the maximum allowable power for the Koepe winder. Assume g = 9.81 m/s².,1.28 × 10^5 W,1.93 × 10^5 W,2.48 × 10^5 W,3.03 × 10^5 W,1
193,Mining Machinery & Materials Handling,Koepe winder slip criteria,3,"A Koepe winder is designed to lift 1000 t/h of ore at a speed of 2.5 m/s. The wire rope has a diameter of 80 mm and a breaking load of 200 kN. If the static factor of safety is 5, what is the maximum allowable slip (in %) between the wire rope and the drum?",3.12%,4.25%,5.50%,6.75%,1
194,Surface & Underground Mining Methods,Bord and Pillar depillaring,3,"A bord and pillar mine with a total pillar extraction ratio of 0.5 is being operated. The pillar is 10 m high and 5 m wide. If the average density of the coal is 1.5 t/m³, what is the total weight of coal that needs to be extracted from the pillar?",2250 kg,3375 kg,4500 kg,5625 kg,1
195,Surface & Underground Mining Methods,Bord and Pillar depillaring,3,"A bord and pillar mine has a pillar size of 6.5 m x 6.5 m and a coal density of 1.4 t/m³. The pillar is subjected to a uniform stress of 1.8 MPa. If the pillar is to be depillared using a mechanical depillaring system, what is the approximate volume of coal that needs to be removed to achieve a pillar extraction ratio of 0.7?",50 m³,65 m³,80 m³,100 m³,2
196,Surface & Underground Mining Methods,Bord and Pillar depillaring,3,"A bord and pillar mine is being operated with a pillar extraction ratio of 0.3. The average pillar strength is 2.5 MPa. If the pillar extraction area is 1000 m², what is the total pillar resistance force (kN) that needs to be considered in the depillaring design?",2500 kN,750 kN,3000 kN,6000 kN,1
197,Surface & Underground Mining Methods,Bord and Pillar depillaring,3,"A bord and pillar mine with a panel width of 6.5 m and a pillar width of 4.5 m is being operated. The average coal density is 1.4 t/m³. The mine is expected to produce 5000 t/day of coal. The stripping ratio is 3.2. What is the powder factor for the blast, if the total explosive consumption is 50 kg/day?",0.15 kg/t,0.20 kg/t,0.25 kg/t,0.30 kg/t,2
198,Surface & Underground Mining Methods,Bord and Pillar depillaring,3,"A bord and pillar mine has a pillar size of 6 m x 6 m x 6 m. The rock mass has a uniaxial compressive strength of 120 MPa. If the pillar is to be depillared using a mechanical depillaring method, what is the approximate percentage of the pillar that can be safely extracted?",20%,25%,30%,35%,2
199,Surface & Underground Mining Methods,Bord and Pillar depillaring,3,"A bord and pillar mine has a pillar width of 6 m and a height of 4 m. The in-situ stress is 2.5 MPa. The pillar strength is given by the equation: P = (σ × A) / (1 + (σ / σ_c)^n). Where, σ = in-situ stress, A = pillar area, σ_c = critical stress, and n = empirical constant. Assuming σ_c = 5.5 MPa and n = 2, what is the pillar strength P in kN?",10.3 kN,12.5 kN,15.1 kN,18.2 kN,2
200,Surface & Underground Mining Methods,Bord and Pillar depillaring,3,"A bord and pillar mine has a pillar size of 6 m x 6 m x 6 m. The in-situ stress at the mine is 2 MPa in the x-direction, 1.5 MPa in the y-direction, and 1 MPa in the z-direction. The rock mass modulus is 10 GPa. What is the approximate factor of safety for the pillar, considering the major principal stress?",1.5,1.8,2.2,3.0,2
201,Engineering Mathematics,Matrix eigenvalues,4,"A matrix A has eigenvalues 2 and 3. If A = [4 2; 2 3], what is the value of det(A - λI)?",15,20,25,30,2
202,Engineering Mathematics,Matrix eigenvalues,4,"A 3x3 matrix A has eigenvalues ε1 = 2, ε2 = 3, and ε3 = 4. If the eigenvector corresponding to ε2 is [1, 2, 3], what is the value of the expression A^2 · [1, 2, 3]?","A = [18, 36, 54]","B = [6, 12, 18]","C = [12, 24, 36]","D = [24, 48, 72]",2
203,Engineering Mathematics,Matrix eigenvalues,4,"A square matrix A has eigenvalues λ1 = 2 and λ2 = 3. If A = [ [ 4, 2 ], [ 2, 1 ] ], what is the value of det(A - λI)?",10,12,15,20,0
204,Engineering Mathematics,Matrix eigenvalues,4,"A 3x3 matrix A has eigenvalues λ1 = 4, λ2 = 2, and λ3 = 1. If the determinant of A is 8, what is the value of the trace of A?",4,6,8,10,2
205,Engineering Mathematics,Matrix eigenvalues,4,"The eigenvalues of a 2x2 matrix [a, b; c, d] are given by the equation λ^2 - (a + d)λ + (ad - bc) = 0. Which of the following is the correct application of the Cayley-Hamilton theorem?",The characteristic equation is used to find the eigenvalues.,The Cayley-Hamilton theorem states that every square matrix satisfies its own characteristic equation.,The eigenvalues are found by solving the quadratic equation λ^2 - (a + d)λ + (ad - bc) = 0.,The determinant of the matrix is used to find the eigenvalues.,1
206,Engineering Mathematics,Matrix eigenvalues,4,"A square matrix A has eigenvalues λ1 = 2 and λ2 = 3. If A is a 2x2 matrix, the value of the expression (A^2 - 5A + 6I) is equal to:",4A - 6I,6A - 4I,A^2 - 2A - 6I,2A - 3I,2
207,Engineering Mathematics,Matrix eigenvalues,4,"A square matrix A has eigenvalues λ1 and λ2. If the characteristic equation of A is given by (λ2 - 4λ + 3) = 0, determine the sum of the eigenvalues of the matrix A.",λ1 + λ2 = 8,λ1 + λ2 = 2,λ1 + λ2 = 3,λ1 + λ2 = 4,2
208,Engineering Mathematics,Matrix eigenvalues,4,"A 3x3 matrix A has the following eigenvalues: λ1 = 2, λ2 = 3, λ3 = 4. If the matrix A is represented as [a] = [1 2 3; 4 5 6; 7 8 9], what is the value of the determinant of [a]?",det([a]) = 24 MPa,det([a]) = -24 MPa,det([a]) = 0,det([a]) = 48 MPa,2
209,General Aptitude & Reasoning,Logical deduction,4,"A conveyor belt is moving at a speed of 5 m/s. A box is being loaded onto the belt at a point where the angle of inclination of the belt is 30° with the horizontal. If the box weighs 2000 N, what is the force required to hold the box in place?",500 N,1000 N,1500 N,2000 N,2
210,General Aptitude & Reasoning,Logical deduction,4,"A rectangular water tank has a length of 4 m, a width of 3 m, and a height of 2 m. Water is being pumped into the tank at a rate of 0.2 m³/s. If the tank is initially empty, how long will it take to fill the tank to 75% of its capacity?",2.4 s,4.8 s,6.0 s,8.0 s,2
211,General Aptitude & Reasoning,Logical deduction,4,"A pipe of length 100 m and diameter 0.5 m is to be transported on a truck. If the speed of the truck is 30 km/h, and the pipe is to be transported in 2 hours, what is the minimum power required to lift the pipe?",10 kW,20 kW,30 kW,40 kW,1
212,General Aptitude & Reasoning,Logical deduction,4,"A conveyor belt transports coal at a rate of 1200 kg/h. If the belt speed is 4.5 m/s and the width of the belt is 1.2 m, what is the mass flow rate of coal in kg/m²s?",150 kg/m²s,200 kg/m²s,250 kg/m²s,300 kg/m²s,2
213,General Aptitude & Reasoning,Logical deduction,4,"A conveyor belt is moving at a speed of 2.5 m/s. A box is placed on the belt and is being transported. If the length of the belt is 50 m and the time taken to cover this length is 20 seconds, what is the percentage increase in the speed of the belt if the length is doubled to 100 m and the time taken is halved to 10 seconds?",5%,10%,15%,20%,2
214,General Aptitude & Reasoning,Logical deduction,4,"A pipe of 10 mm diameter and 100 m length is connected to a pump that supplies water at a rate of 0.01 m³/s. If the pump's power consumption is 5 kW, what is the percentage increase in the water flow rate if the pipe's diameter is increased to 15 mm while keeping the length constant?",10%,15%,20%,25%,2
215,General Aptitude & Reasoning,Logical deduction,4,"A conveyor belt transports coal at a rate of 100 m³/s. The coal is to be stored in a silo with a capacity of 500 m³. If the conveyor belt operates for 8 hours a day, how many days will it take to fill the silo?",4 days,5 days,6 days,7 days,2
216,General Aptitude & Reasoning,Logical deduction,4,"A conveyor belt, 2.5 m wide and moving at 4.2 m/s, is carrying limestone at a rate of 1500 kg/h. If the density of limestone is 1.6 t/m³, what is the power consumed by the conveyor belt in kW?",2.5 kW,3.2 kW,4.1 kW,5.5 kW,2
217,General Aptitude & Reasoning,Logical deduction,4,"A conveyor belt moves at a speed of 4 m/s. It carries a load of 2 kN. If the load is to be doubled, by how much percentage will the power required to move the load increase?",25%,50%,100%,200%,2
218,General Aptitude & Reasoning,Logical deduction,4,"A rectangular swimming pool is 25 m long, 10 m wide, and 1.5 m deep. Water is being pumped into the pool at a rate of 0.2 m³/s. If the pool is initially empty, how long will it take to fill the pool to a depth of 1 m?",10 hours,12 hours,15 hours,18 hours,2
219,General Aptitude & Reasoning,Logical deduction,4,"A mine has two parallel haulage roads, one on each side of a 100 m long tunnel. The speed of the haulage truck on Road A is 10 km/h and on Road B is 15 km/h. If the truck on Road A takes 20 minutes to cover the tunnel, how much time will the truck on Road B take to cover the same distance?",15 minutes,20 minutes,25 minutes,30 minutes,2
220,Geomechanics & Ground Control,Mohr-Coulomb failure,4,"A rock mass has a uniaxial compressive strength of 250 MPa. If the major principal stress is 150 MPa and the minor principal stress is 50 MPa, what is the cohesion (c) of the rock mass using the Mohr-Coulomb failure criterion?",30 N/m²,50 N/m²,70 N/m²,90 N/m²,2
221,Geomechanics & Ground Control,Mohr-Coulomb failure,4,"A coal mine has a rock mass with a uniaxial compressive strength (UCS) of 25 MPa and a rock mass rating (RMR) of 55. If the major principal stress (σ₁) is 10 MPa, what is the minor principal stress (σ₂) for a cohesion (c) of 1.5 MPa and an angle of internal friction (φ) of 30°?",6.19 MPa,6.42 MPa,6.67 MPa,7.15 MPa,2
222,Geomechanics & Ground Control,Mohr-Coulomb failure,4,A rock mass has a cohesion (c) of 0.5 MPa and an angle of internal friction (φ) of 30°. The uniaxial compressive strength (σc') of the rock is 100 MPa. Determine the major principal stress (σ1) at which the rock will fail according to the Mohr-Coulomb criterion.,50 MPa,75 MPa,100 MPa,125 MPa,1
223,Geomechanics & Ground Control,Mohr-Coulomb failure,4,"A rock mass with a uniaxial compressive strength of 25 MPa is subjected to a major principal stress of 10 MPa and a minor principal stress of 4 MPa. Using the Mohr-Coulomb failure criterion, what is the angle of internal friction (in degrees) of the rock mass?",20°,25°,30°,35°,2
224,Geomechanics & Ground Control,Mohr-Coulomb failure,4,"A rock mass has a uniaxial compressive strength (UCS) of 30 MPa and a density of 2.8 g/cm³. The major principal stress (σ1) is 20 MPa and the minor principal stress (σ3) is 10 MPa. The cohesion (c) and angle of internal friction (φ) of the rock mass are 2.5 MPa and 35°, respectively. According to the Mohr-Coulomb failure criterion, the shear strength of the rock mass is given by τ = c + (σn)tan(φ). What is the shear strength (τ) of the rock mass?",5.5 MPa,7.5 MPa,10.0 MPa,12.5 MPa,2
225,Geomechanics & Ground Control,Mohr-Coulomb failure,4,"A rock mass is subjected to a major principal stress of 15 MPa and a minor principal stress of 5 MPa. The cohesion (c) of the rock mass is 0.5 MPa. The angle of internal friction (φ) is 30°. The Mohr-Coulomb failure criterion is given by σ = c + σ_n tan(φ), where σ_n is the normal stress on the failure plane. What is the maximum normal stress on the failure plane at failure?",5.0 MPa,6.25 MPa,7.5 MPa,10.0 MPa,2
226,Geomechanics & Ground Control,Mohr-Coulomb failure,4,"A rock mass has a cohesion of 0.5 MPa and an angle of internal friction of 30°. If a vertical stress of 10 MPa acts on it, what is the major principal stress (σ1) required to initiate failure?",9.5 MPa,10.5 MPa,11.5 MPa,12.5 MPa,2
227,"Mine Planning, Geostatistics & Economics",Net Present Value,4,"A mining company is evaluating the feasibility of extracting a copper deposit. The initial investment required is ₹ 1.2 crores. The estimated annual production is 1000 tonnes, with a copper content of 12%. The market price of copper is ₹ 45 per kg. The project is expected to run for 10 years, with a salvage value of ₹ 0.2 crores at the end of the project. If the company uses a discount rate of 10% per annum, what is the Net Present Value (NPV) of the project?",₹ 1.53 crores,₹ 1.85 crores,₹ 2.17 crores,₹ 2.43 crores,1
228,"Mine Planning, Geostatistics & Economics",Net Present Value,4,"A mining company is evaluating the feasibility of a new project. The initial investment required is ₹ 10 crores. The project is expected to generate revenue of ₹ 2.5 crores per year for 5 years, with a maintenance cost of ₹ 0.5 crores per year. The company uses a discount rate of 12% per annum. What is the Net Present Value (NPV) of the project?",₹ 1.23 crores,₹ 1.85 crores,₹ 2.15 crores,₹ 2.50 crores,2
229,"Mine Planning, Geostatistics & Economics",Net Present Value,4,A mining project has an initial investment of ₹ 10 million and is expected to generate annual cash flows of ₹ 2.5 million for 5 years. The project's cost of capital is 12% per annum. Calculate the Net Present Value (NPV) of the project.,₹ 6.15 million,₹ 6.95 million,₹ 7.75 million,₹ 8.55 million,2
230,"Mine Planning, Geostatistics & Economics",Net Present Value,4,A mining project has an initial investment of ₹ 10.5 crores and an estimated annual revenue of ₹ 2.8 crores. The project is expected to operate for 5 years. The discount rate is 12% per annum. Calculate the Net Present Value (NPV) of the project.,₹ 1.23 crores,₹ 1.53 crores,₹ 1.83 crores,₹ 2.13 crores,1
231,"Mine Planning, Geostatistics & Economics",Net Present Value,4,A mining project involves an initial investment of ₹ 10 lakhs and a total revenue of ₹ 50 lakhs. The project has a lifespan of 5 years. The discount rate is 10% per annum. What is the Net Present Value (NPV) of the project?,₹ 18.18 lakhs,₹ 20.45 lakhs,₹ 22.73 lakhs,₹ 25 lakhs,2
232,"Mine Planning, Geostatistics & Economics",Net Present Value,4,"A coal mine has estimated reserves of 10 million tonnes with an average grade of 3.5% ash content. The current market price of coal is ₹ 1200 per tonne. The annual operating cost is ₹ 1.2 million. The annual discount rate is 10%. What is the Net Present Value (NPV) of the mine, rounded to the nearest integer?","₹ 14,492,000","₹ 15,230,000","₹ 15,982,000","₹ 16,750,000",2
233,"Mine Planning, Geostatistics & Economics",Net Present Value,4,"A mining project has an initial investment of ₹ 10,00,000 and an estimated annual revenue of ₹ 15,00,000. The project is expected to operate for 5 years. The discount rate is 12% per annum. Calculate the Net Present Value (NPV) of the project.","₹ 72,19,119","₹ 72,19,119","₹ 72,19,119","₹ 72,19,119",0
234,"Mine Planning, Geostatistics & Economics",Net Present Value,4,"A mining project has an initial investment of ₹ 10,00,000 and an annual operating cost of ₹ 50,000. The project is expected to produce 5,00,000 tonnes of ore per annum for 10 years, with a revenue of ₹ 100 per tonne. The project's Net Present Value (NPV) is calculated using a discount rate of 10% per annum. If the project's internal rate of return (IRR) is 12%, what is the minimum value of the spherical semivariogram sill (C₀) that would make the project economically viable?","₹ 2,00,000","₹ 1,50,000","₹ 3,00,000","₹ 4,00,000",2
235,"Mine Planning, Geostatistics & Economics",Net Present Value,4,A mining project has an initial investment of ₹ 10 crores and an expected annual benefit of ₹ 2.5 crores. The project is expected to last for 10 years. The discount rate is 12% per annum. What is the Net Present Value (NPV) of the project?,₹ 2.31 crores,₹ 2.53 crores,₹ 2.65 crores,₹ 2.87 crores,1
236,"Mine Planning, Geostatistics & Economics",Net Present Value,4,"A mining project has an initial investment of ₹ 10,000,000. The annual operating cost is ₹ 1,000,000 and the annual revenue is ₹ 2,500,000. The project is expected to run for 10 years. If the discount rate is 10% per annum, what is the Net Present Value (NPV) of the project?","₹ 2,500,000","₹ 3,500,000","₹ 5,000,000","₹ 10,000,000",2
237,"Mine Planning, Geostatistics & Economics",Net Present Value,4,"A mining project requires an initial investment of ₹ 1.5 crores. The project is expected to generate annual revenues of ₹ 4 crores for 5 years, and annual operating costs of ₹ 1.8 crores for the same period. Assuming a discount rate of 12% and a tax rate of 30%, calculate the Net Present Value (NPV) of the project.",₹ 1.25 crores,₹ 1.50 crores,₹ 1.75 crores,₹ 2.00 crores,2
238,Mine Surveying & Geomatics,Bowditch rule traverse closing error,4,"A traverse is closed using the Bowditch rule. The closing error is found to be 1.5 mm. If the surveyor intends to compute the missing line, what is the minimum number of stations required for the computation?",3,4,5,6,1
239,Mine Surveying & Geomatics,Bowditch rule traverse closing error,4,"A mine survey traverse is closed using the Bowditch rule. The closing error is found to be 1.2 m. If the traverse is to be repeated, what is the minimum number of additional survey lines required to be measured to reduce the closing error to 0.3 m?",4 lines,5 lines,6 lines,7 lines,2
240,Mine Surveying & Geomatics,Bowditch rule traverse closing error,4,"A mine survey traverse of 10 km is closed using the Bowditch rule. The closure error is found to be 1.5 m. If the traverse is to be adjusted to a closed figure, the correction to be applied to the EDM measured distance of 500 m between stations 5 and 6 is",0.0003 m,0.003 m,0.03 m,0.3 m,2
241,Mine Surveying & Geomatics,Bowditch rule traverse closing error,4,"A mine survey traverse consists of 5 stations with the following measurements: AB = 50.0 m, BC = 75.0 m, CD = 30.0 m, DA = 85.0 m and angle ∠BAC = 120°. The traverse is closed using the Bowditch rule. If the calculated error in closing the traverse is 0.05 m, what is the sensitivity of the traverse to the angle ∠BAC?",0.005 rad/m,0.01 rad/m,0.02 rad/m,0.03 rad/m,2
242,Mine Surveying & Geomatics,Bowditch rule traverse closing error,4,"A mine survey traverse consists of 10 stations with a total length of 1200 m. The traverse is closed using the Bowditch rule. What is the magnitude of the closing error in meters, if the difference in latitude and departure is 0.02 m and 0.03 m respectively?",0.01 m,0.02 m,0.03 m,0.04 m,2
243,Mine Surveying & Geomatics,Bowditch rule traverse closing error,4,"A traverse has the following measurements: AB = 50.00 m, BC = 75.00 m, CD = 30.00 m, DA = 80.00 m. The closing error is calculated using the Bowditch rule. If the calculated error is 0.15 m, what is the value of the missing line, BC?",74.85 m,75.00 m,75.15 m,74.95 m,0
244,Mine Surveying & Geomatics,Bowditch rule traverse closing error,4,"A mine traverse is closed using the Bowditch rule, and the following data is obtained: 

H1 = 100.000 m, H2 = 99.995 m, H3 = 100.005 m, H4 = 99.995 m, 

The traverse is closed with an error of 0.01 m. If the leveling sensitivity is 1:10,000, what is the sensitivity correction to be applied to the traverse?",0.0001 m,0.001 m,0.01 m,0.1 m,1
245,Mine Surveying & Geomatics,Bowditch rule traverse closing error,4,"A mine survey traverse consists of 10 stations with a total length of 1500 m. The traverse is closed using the Bowditch rule. If the closing error is 0.3 m and the average latitude of the traverse is 45°, what is the probable error in the traverse?",0.15 m,0.2 m,0.25 m,0.3 m,2
246,Mine Ventilation & Environment,Atkinson's friction law,4,A mine ventilation system has a length of 1000 m with a diameter of 3.5 m. The air velocity is 10 m/s. The roughness factor is 0.015. Calculate the pressure drop using Atkinson's friction law.,0.5 MPa,1.2 MPa,2.5 MPa,4.8 MPa,2
247,Mine Ventilation & Environment,Atkinson's friction law,4,"A ventilation system in an underground mine has a total pressure loss of 1.2 kPa/m. Atkinson's friction law is given by f = 0.02 Re^(-0.52) + 0.0005 Re^(-0.15). A fan is used to overcome this pressure loss. If the fan's characteristic curve is a straight line with a slope of 1.5 kPa/m³/s, what is the minimum air flow rate required to overcome the pressure loss?",0.8 m³/s,1.2 m³/s,1.5 m³/s,2.0 m³/s,2
248,Mine Ventilation & Environment,Atkinson's friction law,4,"A mine ventilation system has a main fan with a characteristic curve given by Q = 2.5 P^0.7, where Q is the airflow rate in m³/s and P is the fan pressure in kPa. If the fan pressure is 10 kPa, what is the airflow rate?",1.75 m³/s,2.25 m³/s,2.5 m³/s,3.0 m³/s,2
249,Mine Ventilation & Environment,Atkinson's friction law,4,"A mine ventilation system has a 0.5 m diameter steel pipe with a length of 1000 m. The air flow rate is 0.2 m³/s. If the friction factor (f) is 0.02, what is the pressure drop (ΔP) in kPa, using Atkinson's friction law?",0.45 kPa,0.65 kPa,0.85 kPa,1.05 kPa,1
250,Mine Ventilation & Environment,Atkinson's friction law,4,"Determine the value of 'f' in Atkinson's friction law, where the pressure drop per unit length is 0.2 MPa/m and the air velocity is 10 m³/s. The friction factor 'f' is given by the equation: f = (0.2 / 10)² / (0.2 / 10) × 10⁸.",0.02 Ns²/m⁸,0.02 Ns²/m⁸,0.002 Ns²/m⁸,0.2 Ns²/m⁸,0
251,Mine Ventilation & Environment,Atkinson's friction law,4,"A mine ventilation system has a fan with a characteristic curve given by Q = 3.5m³/s × (P² - 0.5) where Q is the airflow rate and P is the pressure difference across the fan in kPa. If the fan is operating at a pressure difference of 2.5 kPa, what is the airflow rate through the fan?",8.75 m³/s,10.12 m³/s,11.5 m³/s,12.87 m³/s,1
252,Mine Ventilation & Environment,Atkinson's friction law,4,"A ventilation main of 0.5 m diameter and 1000 m length is to be ventilated with a fan having a characteristic curve with a pressure coefficient of 0.6. The air flow rate is 2.5 m³/s. The friction factor (J) for the main is given by Atkinson's law as J = 0.2 + (0.3 * (Q² / (d² * L))). If the fan operates at a pressure of 50 kPa, what is the correct value for the friction factor (J)?",0.55,0.65,0.75,0.85,2
253,Mine Ventilation & Environment,Atkinson's friction law,4,"A mine ventilation system uses a fan to maintain a pressure difference of 10 kPa between the intake and return airways. The fan's characteristic curve shows a pressure increase of 5 kPa for a flow rate of 1.5 m³/s. According to Atkinson's friction law, the head loss (H) in the airway is given by H = (f ∙ L ∙ Q²) / (2 ∙ g ∙ D⁵), where f is the friction factor, L is the length of the airway, Q is the flow rate, g is the acceleration due to gravity, and D is the diameter of the airway. If the diameter of the airway is 1.2 m, the length of the airway is 1000 m, and the friction factor is 0.02, what is the head loss in the airway?",0.015 Ns²/m⁸,0.030 Ns²/m⁸,0.045 Ns²/m⁸,0.060 Ns²/m⁸,2
254,Mine Ventilation & Environment,Atkinson's friction law,4,"A ventilation system in a mine has a fan with a characteristic curve given by Q = 3.5m³/s × (P² - 0.5) where Q is the airflow rate and P is the fan pressure in kPa. If the fan pressure is 2.5 kPa, what is the airflow rate?",7.5 m³/s,10.0 m³/s,12.5 m³/s,15.0 m³/s,2
255,Mine Ventilation & Environment,Atkinson's friction law,4,"A mine airway has a length of 1000 m and a diameter of 2.5 m. The airway is ventilated by a fan with a power input of 250 kW. The air density is 1.2 kg/m³. Using Atkinson's friction law, calculate the pressure drop (ΔP) in MPa, assuming a flow rate of 5 m³/s.",0.012 MPa,0.015 MPa,0.018 MPa,0.022 MPa,2
256,Mine Ventilation & Environment,Atkinson's friction law,4,"A ventilation system in a mine has a fan with a characteristic curve given by Q = 2.5 × (P² - 100) where Q is in m³/s and P is in kPa. If the fan is operating at a pressure of 150 kPa, what is the volumetric flow rate?",1.25 m³/s,2.5 m³/s,3.75 m³/s,5.0 m³/s,2
257,Mine Ventilation & Environment,Atkinson's friction law,4,"A mine airway with a diameter of 4 m and a length of 1000 m is ventilated with a flow rate of 10 m³/s. The airway has a roughness factor of 0.02. Using Atkinson's friction law, calculate the pressure drop (ΔP) in kN/m². The air density is 1.2 kg/m³ and the kinematic viscosity is 15 × 10⁻⁶ m²/s.",0.5 kN/m²,1.2 kN/m²,2.5 kN/m²,5.0 kN/m²,2
258,Mining Machinery & Materials Handling,Koepe winder slip criteria,4,A Koepe winder is used to lift 1000 t/h of coal at a speed of 5 m/s. The maximum allowable slip is 10% of the speed. The static factor of safety of the wire rope is 4.5. The mass density of the coal is 800 kg/m³. The diameter of the wire rope is 120 mm. The angle of wrap is 3. The angle of friction is 20°. The coefficient of friction is 0.25. The weight of the coal per unit volume is 8 kN/m³. The weight of the empty bucket is 2 kN. The acceleration due to gravity is 9.81 m/s². What is the maximum allowable stress in the wire rope?,10.8 MPa,12.1 MPa,14.5 MPa,16.2 MPa,2
259,Mining Machinery & Materials Handling,Koepe winder slip criteria,4,"A Koepe winder is used to haul ore from a depth of 500 m. The maximum permissible slip is 5% of the rope length. If the rope is 100 mm in diameter and the specific weight of the rope is 7.85 kN/m³, determine the maximum permissible tension (T) in the rope, given that the friction factor (μ) is 0.2. Assume the acceleration due to gravity (g) is 9.81 m/s².",T = 1.53 × 10^5 N,T = 1.93 × 10^5 N,T = 2.33 × 10^5 N,T = 2.73 × 10^5 N,1
260,Mining Machinery & Materials Handling,Koepe winder slip criteria,4,"A Koepe winder is used to haul a 100 m long rope with a mass of 1200 kg/m. The rope is wound at a speed of 2.5 m/s. If the static factor of safety of the rope is 5, what is the maximum allowable slip (in %) of the rope?",2.5%,3.125%,4.17%,5%,2
261,Mining Machinery & Materials Handling,Koepe winder slip criteria,4,"A Koepe winder is designed to lift 500 kN at a speed of 1.2 m/s. If the maximum permissible slip is 10% of the load, determine the minimum required static factor of safety for the wire rope. The effective angle of wrap is 6. The rope diameter is 0.1 m. The density of the rope is 7800 kg/m³. The coefficient of friction between the rope and the drum is 0.2. The rope's working stress is 120 MPa.",1.15,1.25,1.35,1.45,2
262,Surface & Underground Mining Methods,Bord and Pillar depillaring,4,"A bord and pillar mine has a pillar size of 6 m x 6 m x 6 m. If the roof and floor rocks have a compressive strength of 20 MPa each, what is the percentage of pillar extraction that can be safely done without causing roof collapse?",25%,30%,35%,40%,2
263,Surface & Underground Mining Methods,Bord and Pillar depillaring,4,"A bord and pillar mine is being developed in a coal seam of thickness 4.5 m. The pillar width is 6.5 m. The in-situ stress at the depth of 300 m is 10 MPa. The coal seam has a density of 1.4 t/m³. The gas content of the coal is 5.2 m³/kg. The ventilation rate required for the mine is 0.25 m³/s. What is the stripping ratio (t of waste rock/t of coal) for this mine, if the powder factor for the blast is 0.8 kg/m³ and the blast frequency is 2 blasts/day?",1.5,1.8,2.1,2.5,1
264,Surface & Underground Mining Methods,Bord and Pillar depillaring,4,A bord and pillar mine with a panel width of 15 m and a pillar size of 6 m x 6 m is being depillared. The roof span is 6 m and the average roof density is 2.5 kN/m³. The depillaring is done using a mechanical loader. The maximum permissible powder factor for the mine is 0.6 kg/m³. The average powder factor used in the mine is 0.4 kg/m³. What is the minimum percentage increase in the powder factor required to achieve the permissible powder factor?,10%,15%,20%,25%,2
265,Surface & Underground Mining Methods,Bord and Pillar depillaring,4,"A bord and pillar mine with a pillar size of 6 m x 6 m x 6 m is to be depillared using a continuous miner. The roof and floor rock mass is of average uniaxial compressive strength (UCS) of 20 MPa. If the pillar is to be extracted in 8 hours, what is the maximum rate of advance (m/h) of the continuous miner, assuming a safety factor of 1.5 for the pillar extraction?",0.5 m/h,1.0 m/h,1.5 m/h,2.0 m/h,2
266,Surface & Underground Mining Methods,Bord and Pillar depillaring,4,"A bord and pillar mine has a pillar size of 4 m x 4 m x 6 m. The coal density is 1.4 t/m³. If the pillar is to be depillared at a rate of 10 m³/s, what is the total weight of coal to be removed per hour?",1200 kN,1500 kN,1800 kN,2000 kN,2
267,Surface & Underground Mining Methods,Bord and Pillar depillaring,4,A bord and pillar mine is being operated at a depth of 500 m. The pillar width is 6 m and the extraction ratio is 0.7. The in-situ stress is 2.5 MPa. What is the pillar load per unit area?,1.1 MPa,1.5 MPa,2.0 MPa,2.5 MPa,2
268,Engineering Mathematics,Matrix eigenvalues,5,"A square matrix A has eigenvalues 2, 3, and 4. If A = [[4, 1, 0], [1, 2, 1], [0, 1, 3]], what is the value of the determinant of (A - 3I)?",det(A - 3I) = 1 m³/s,det(A - 3I) = 4 m³/s,det(A - 3I) = 10 m³/s,det(A - 3I) = 20 m³/s,2
269,Engineering Mathematics,Matrix eigenvalues,5,"A 3x3 matrix A has eigenvalues 2, 3, and 4. The Cayley-Hamilton theorem states that every square matrix satisfies its own characteristic equation. If A = [[a, b, c], [d, e, f], [g, h, i]], then the value of (a + e + i) is:",6,8,10,12,2
270,Engineering Mathematics,Matrix eigenvalues,5,"A square matrix A has eigenvalues λ1 = 2 and λ2 = 3. If A is a 2x2 matrix with determinant 6, what is the value of its trace?",1,4,5,7,1
271,Engineering Mathematics,Matrix eigenvalues,5,"The eigenvalues of a matrix A are given by λ1 = 4 and λ2 = 2. If A = [ 2 1 1 3 ] , what is the value of the expression |A - 3I|, where I is the identity matrix?",24,27,30,36,3
272,Engineering Mathematics,Matrix eigenvalues,5,"A 3x3 matrix A has eigenvalues 1, 2, and 3. If A is raised to the power of 2, what is the value of the trace of A^2?",9,12,15,18,0
273,Engineering Mathematics,Matrix eigenvalues,5,"The eigenvalues of a 2x2 matrix A = [[3, 1], [1, 2]] are λ1 and λ2. If the determinant of A is 6, what is the value of λ1λ2?",4,6,8,10,0
274,Engineering Mathematics,Matrix eigenvalues,5,"The characteristic equation of a 2x2 matrix A is given by (λ² - 6λ + 8) = 0. If the eigenvalues of A are λ₁ and λ₂, then the value of λ₁λ₂ is",2,4,6,8,3
275,Engineering Mathematics,Matrix eigenvalues,5,"The eigenvalues of a 2x2 matrix [A] = [[2, 1], [3, 4]] are calculated using the characteristic equation |A - λI| = 0. If the eigenvalues are λ1 and λ2, and the matrix A satisfies the Cayley-Hamilton theorem, then the value of λ1 + λ2 is:",5.0,6.0,7.0,8.0,1
276,Engineering Mathematics,Matrix eigenvalues,5,"A 3x3 matrix A has eigenvalues λ1, λ2, and λ3. If det(A) = 24 MPa and λ1 = 2, then the sum of the reciprocals of the eigenvalues is _______.",4 MPa,6 MPa,8 MPa,10 MPa,2
277,Engineering Mathematics,Matrix eigenvalues,5,"The eigenvalues of a 2x2 matrix [A] = [[3, 2], [4, 5]] are λ1 and λ2. If λ1 = 6, determine the value of λ2.",4,8,10,12,1
278,Engineering Mathematics,Cayley-Hamilton theorem,5,"If A = 
[1  2]
[4  5] is a 2x2 matrix, and λ is an eigenvalue of A, then which of the following is a correct application of the Cayley-Hamilton theorem?",λ^2 - 6λ - 4 = 0,λ^2 - 6λ + 4 = 0,λ^2 + 6λ - 4 = 0,λ^2 - 6λ + 2 = 0,0
279,General Aptitude & Reasoning,Logical deduction,5,"A water channel has a uniform cross-sectional area of 0.5 m² and a flow rate of 2.5 m³/s. If the water level in the channel is 1.2 m, what is the average flow velocity in the channel?",0.5 m/s,1.25 m/s,2.5 m/s,5.0 m/s,2
280,General Aptitude & Reasoning,Logical deduction,5,"A rectangular water tank has a length of 4 m, a width of 3 m, and a height of 2 m. If the tank is filled at a rate of 0.5 m³/s, and the water is being pumped out at a rate of 0.2 m³/s, what is the net rate of change of water level in the tank after 10 minutes?",0.05 m/min,0.10 m/min,0.15 m/min,0.20 m/min,2
281,General Aptitude & Reasoning,Logical deduction,5,A conveyor belt is moving at a speed of 10 m/s. A box is placed on the belt and is displaced by 50 m in 10 seconds. What is the acceleration of the box?,1 m/s²,2 m/s²,5 m/s²,10 m/s²,2
282,Geomechanics & Ground Control,Mohr-Coulomb failure,5,"A rock mass is subjected to a major principal stress of 10 MPa and a minor principal stress of 6 MPa. Using the Mohr-Coulomb failure criterion, determine the cohesion (c) of the rock mass if the angle of internal friction (φ) is 30° and the normal stress (σn) is 8 MPa.",2.5 kN/m²,5.0 kN/m²,10.0 kN/m²,15.0 kN/m²,2
283,Geomechanics & Ground Control,Mohr-Coulomb failure,5,"A coal mine has a seam with a uniaxial compressive strength of 30 MPa. The major and minor principal stresses are 20 MPa and 10 MPa, respectively. If the angle of internal friction is 25°, what is the value of the cohesion (c) in MPa?",1.2,1.5,2.0,2.5,2
284,Geomechanics & Ground Control,Mohr-Coulomb failure,5,"A rock mass has a uniaxial compressive strength (UCS) of 250 MPa. Using the Mohr-Coulomb failure criterion, determine the major principal stress (σ1) at failure, given that the minor principal stress (σ3) is 50 MPa and the angle of internal friction (φ) is 30°.",200 MPa,220 MPa,250 MPa,280 MPa,2
285,Geomechanics & Ground Control,Mohr-Coulomb failure,5,"A rock mass is subjected to a major principal stress of 10 MPa and a minor principal stress of 5 MPa. Using the Mohr-Coulomb failure criterion, determine the cohesion (c) of the rock mass if the angle of internal friction (φ) is 30°.",2.5 MPa,5.0 MPa,7.5 MPa,10.0 MPa,2
286,Geomechanics & Ground Control,Mohr-Coulomb failure,5,"A rock mass with a uniaxial compressive strength (UCS) of 40 MPa and a rock mass rating (RMR) of 55 is subjected to a major principal stress of 20 MPa. Determine the minor principal stress (σ2) required to initiate failure using the Mohr-Coulomb failure criterion, assuming a friction angle (φ) of 30° and a cohesion (c) of 2 MPa.",10.0 MPa,12.5 MPa,15.0 MPa,17.5 MPa,2
287,Geomechanics & Ground Control,Mohr-Coulomb failure,5,"A rock mass with a Young's modulus of 10 GPa and a Poisson's ratio of 0.3 is subjected to a major principal stress of 20 MPa. Using the Mohr-Coulomb failure criterion, determine the minor principal stress at failure, given that the cohesion (c) is 2 MPa and the angle of internal friction (φ) is 30°.",10 MPa,15 MPa,18 MPa,25 MPa,2
288,Geomechanics & Ground Control,Mohr-Coulomb failure,5,"A rock mass with a uniaxial compressive strength of 150 MPa is subjected to a major principal stress of 80 MPa and a minor principal stress of 20 MPa. Determine the factor of safety against failure using the Mohr-Coulomb criterion, given that the cohesion (c) is 10 MPa and the angle of internal friction (φ) is 30°.",1.25,1.50,1.75,2.00,2
289,Geomechanics & Ground Control,Mohr-Coulomb failure,5,"A coal mine is excavated at a depth of 400 m. The in-situ rock mass has a uniaxial compressive strength of 50 MPa. If the major and minor principal stresses are 30 MPa and 20 MPa, respectively, what is the angle of internal friction (in degrees) according to the Mohr-Coulomb failure criterion?",20°,30°,40°,50°,1
290,"Mine Planning, Geostatistics & Economics",Net Present Value,5,"A mining project has a total investment cost of ₹ 1.5 crores and an expected annual production of 500,000 tonnes of ore. The market price of the ore is ₹ 3.5 per kg. The project is expected to operate for 10 years. The discount rate is 12% per annum. Calculate the Net Present Value (NPV) of the project.",₹ 2.43 crores,₹ 2.13 crores,₹ 2.83 crores,₹ 1.93 crores,1
291,"Mine Planning, Geostatistics & Economics",Net Present Value,5,"A mining project requires an initial investment of ₹ 10,00,000. The project is expected to generate a revenue of ₹ 2,00,000 in the first year, ₹ 2,50,000 in the second year, and ₹ 3,00,000 in the third year. The project is expected to have a useful life of 3 years. The discount rate is 12% per annum. Calculate the Net Present Value (NPV) of the project.","₹ 1,50,000","₹ 1,80,000","₹ 2,10,000","₹ 2,40,000",2
292,"Mine Planning, Geostatistics & Economics",Net Present Value,5,"A mining project has an initial investment of ₹ 10,00,000 and an expected annual revenue of ₹ 2,50,000 for the next 5 years. The project has a life of mine of 10 years with an annual operating cost of ₹ 75,000. The discount rate is 12% per annum. Calculate the Net Present Value (NPV) of the project.","₹ 3,50,000","₹ 4,00,000","₹ 4,50,000","₹ 5,00,000",2
293,"Mine Planning, Geostatistics & Economics",Net Present Value,5,"A mining project has an initial investment of ₹ 10,000,000 and an estimated life of 5 years. The annual operating cost is ₹ 2,000,000 and the annual revenue is ₹ 3,500,000. The discount rate is 12% per annum. If the project is expected to produce 100,000 tonnes of ore per year, with an average grade of 2.5% Cu, what is the Net Present Value (NPV) of the project?","₹ 8,419,919","₹ 8,419,919","₹ 8,419,919","₹ 8,419,919",0
294,"Mine Planning, Geostatistics & Economics",Net Present Value,5,A mining project has an initial investment of ₹ 1.5 crores and an estimated life of 5 years. The annual operating cost is ₹ 2.5 crores and the annual revenue is ₹ 4.5 crores. The discount rate is 10% per annum. Calculate the Net Present Value (NPV) of the project.,₹ 1.2 crores,₹ 1.5 crores,₹ 1.8 crores,₹ 2.1 crores,2
295,"Mine Planning, Geostatistics & Economics",Net Present Value,5,"A mining project has an initial investment of ₹ 10 crores and is expected to generate a revenue of ₹ 5 crores in the first year, ₹ 6.5 crores in the second year, and ₹ 8 crores in the third year. The project has a life of 3 years and the discount rate is 12% per annum. Calculate the Net Present Value (NPV) of the project.",₹ 1.25 crores,₹ 2.50 crores,₹ 3.75 crores,₹ 5.00 crores,2
296,"Mine Planning, Geostatistics & Economics",Net Present Value,5,A mining project has an initial investment of ₹ 10 crores and an estimated life of 5 years. The annual operating cost is ₹ 2.5 crores and the annual revenue is ₹ 4.5 crores. The discount rate is 12% per annum. Calculate the Net Present Value (NPV) of the project.,₹ 1.2 crores,₹ 1.5 crores,₹ 1.8 crores,₹ 2.1 crores,2
297,"Mine Planning, Geostatistics & Economics",Mine Planning,5,"A coal mine is planned to operate for 10 years with an initial investment of ₹ 10 crores. The annual operating cost is ₹ 2.5 crores. The net present value (NPV) of the project is estimated to be ₹ 15 crores. If the internal rate of return (IRR) of the project is 12% per annum, what is the estimated annual revenue of the project?",₹ 5.25 crores,₹ 6.25 crores,₹ 7.25 crores,₹ 8.25 crores,2
298,Mine Surveying & Geomatics,Bowditch rule traverse closing error,5,"A mine survey traverse consists of 5 legs with the following angles and distances: Leg 1: 60°, 150m; Leg 2: 90°, 200m; Leg 3: 120°, 100m; Leg 4: 150°, 250m; Leg 5: 90°, 300m. The traverse is closed using the Bowditch rule. If the computed closing error is 1.23 m, what is the probable cause of the error?",Insufficient number of observations,Incorrect EDM instrument calibration,Leveling sensitivity exceeded,Inconsistent traverse direction,3
299,Mine Surveying & Geomatics,Bowditch rule traverse closing error,5,"A mine survey traverse consists of 5 angles and 5 sides. The Bowditch rule traverse closing error is calculated to be 1.2 mm. If the traverse is to be closed by the missing line method, what is the length of the missing line, if the closure error is to be reduced to 0.5 mm?",2.4 m,2.5 m,2.6 m,2.7 m,1
300,Mine Surveying & Geomatics,Bowditch rule traverse closing error,5,"A mine survey traverse consists of 12 lines with a total length of 1200 m. The traverse is closed using the Bowditch rule. If the closing error is 0.5 m, what is the standard deviation of the traverse?",0.05 m,0.1 m,0.15 m,0.2 m,2
301,Mine Surveying & Geomatics,Bowditch rule traverse closing error,5,"A mine survey traverse consists of 5 stations with the following angles and distances: 
Station 1 to 2: 60°, 100m; Station 2 to 3: 90°, 150m; Station 3 to 4: 120°, 200m; Station 4 to 5: 135°, 250m; Station 5 to 1: 45°, 300m. The traverse is closed by the Bowditch rule. If the calculated closing error is 0.5m, what is the percentage error in the traverse?",0.05%,0.15%,0.25%,0.35%,2
302,Mine Surveying & Geomatics,Bowditch rule traverse closing error,5,"A traverse consisting of 5 sides with angles measured by EDM is closed using Bowditch's rule. The closing error is found to be 3.2 mm. If the length of the longest side is 250 m, what is the sensitivity of the traverse?",0.000128 m/rad,0.000256 m/rad,0.000384 m/rad,0.000512 m/rad,1
303,Mine Surveying & Geomatics,Bowditch rule traverse closing error,5,"A mine survey traverse consists of 5 stations with latitudes and departures measured with an EDM. The Bowditch rule traverse closing error is calculated to be 2.5 mm. If the traverse is to be adjusted for closure, what is the amount of correction to be applied to the EDM measurement of the closing line, assuming a leveling sensitivity of 1:100,000 and a closure error of 2.5 mm?",2.5 mm,2.5 mm + 0.025 mm,2.5 mm - 0.025 mm,0 mm,2
304,Mine Surveying & Geomatics,Bowditch rule traverse closing error,5,"A mine survey traverse consists of 5 lines. The closure error in the traverse is 3.5 mm. If the traverse is to be adjusted using the Bowditch rule, what is the value of the correction to be applied to the 4th line?",0.85 mm,1.25 mm,1.60 mm,2.10 mm,2
305,Mine Surveying & Geomatics,Bowditch rule traverse closing error,5,"A traverse has the following angles and distances: A (90°, 100m), B (120°, 80m), C (150°, 120m), D (180°, 90m). The EDM instrument has a systematic error of 0.05% and a random error of 2mm. The leveling instrument has a sensitivity of 1 mm/m. Calculate the traverse closing error using the Bowditch rule.",0.024 m,0.034 m,0.044 m,0.054 m,2
306,Mine Surveying & Geomatics,Bowditch rule traverse closing error,5,"A traverse consists of 10 lines with a total length of 1200 m. If the closing error using the Bowditch rule is 0.05 m, what is the average error in the traverse?",0.005 m,0.01 m,0.015 m,0.02 m,2
307,Mine Surveying & Geomatics,Bowditch rule traverse closing error,5,"A mine survey traverse has the following angles and distances: 

A = 60°, B = 90°, C = 120°, 

AB = 50 m, BC = 75 m, CA = 100 m. 

Using the Bowditch rule, calculate the closing error in the traverse.",0.23 m,0.35 m,0.49 m,0.67 m,2
308,Mine Surveying & Geomatics,Bowditch rule traverse closing error,5,"A traverse has the following angles: A = 72°45', B = 108°15', C = 45°30', and D = 90°. The closing error is computed using the Bowditch rule. If the calculated error is 2.5' and the EDM instrument has a sensitivity of 1.5 mm, what is the probable cause of the error?",Insufficient number of observations,Instrumental error due to EDM sensitivity,Traverse closure error due to angle measurement,Compass error during traverse,1
309,Mine Surveying & Geomatics,Bowditch rule traverse closing error,5,"A traverse has the following angles and distances: 

A - 60°, 100m
B - 90°, 120m
C - 120°, 80m
D - 150°, 180m

The traverse is closed using Bowditch's rule. If the calculated closing error is 0.3m, what is the sensitivity of the leveling instrument used in the traverse?",0.1 x 10^-3 mV/m,0.3 x 10^-3 mV/m,1.0 x 10^-3 mV/m,3.0 x 10^-3 mV/m,2
310,Mine Ventilation & Environment,Atkinson's friction law,5,"A ventilation system in a coal mine has a total resistance of 1.5 Ns²/m⁸. If the fan is operating at a flow rate of 0.5 m³/s, and the static pressure is 20 kPa, what is the power required to operate the fan, assuming a fan efficiency of 80%?",15 kW,20 kW,25 kW,30 kW,2
311,Mine Ventilation & Environment,Atkinson's friction law,5,"A mine air fan has a characteristic curve with a pressure head (ΔP) of 25 kPa at a flow rate (Q) of 2.5 m³/s. If the fan operates under the same conditions but with a pressure head of 30 kPa, what is the corresponding change in flow rate (Q')?",0.5 m³/s,1.25 m³/s,2.0 m³/s,3.75 m³/s,2
312,Mine Ventilation & Environment,Atkinson's friction law,5,"Air flows through a 100 m long, 0.5 m diameter mine airway at a flow rate of 2.5 m³/s. The airway is rough, with a roughness height of 0.01 m. The air density is 1.2 kg/m³. The friction factor can be estimated using Atkinson's friction law. What is the pressure drop (in kPa) along the airway?",0.45 kPa,1.35 kPa,2.25 kPa,3.15 kPa,2
313,Mine Ventilation & Environment,Atkinson's friction law,5,"A ventilation system in a mine has a total equivalent length of 1200 m and a diameter of 2.5 m. If the air flow rate is 0.5 m³/s and the pressure drop is 1.2 kPa, determine the fan power required using Atkinson's friction law, where f = 0.02 Ns²/m⁸. What is the power in kW?",0.45 kW,0.55 kW,0.65 kW,0.75 kW,2
314,Mine Ventilation & Environment,Atkinson's friction law,5,"A ventilation system in a coal mine is using a fan with a characteristic curve given by Q = 0.5 ∗ P^1.2. If the fan is operating at a pressure of 50 kPa, what is the volumetric flow rate (m^3/s) of air being transported through the system?",0.5 m^3/s,1.0 m^3/s,2.5 m^3/s,4.0 m^3/s,2
315,Mine Ventilation & Environment,Atkinson's friction law,5,"A mine ventilation fan is operating at a flow rate of 10 m³/s. The fan's characteristic curve indicates a head loss of 50 kPa when the fan is delivering 10 m³/s. If the fan's power consumption is 150 kW, and the mine air is at 25°C and 101.3 kPa, what is the fan's efficiency, expressed as a percentage?",55%,60%,65%,70%,2
316,Mine Ventilation & Environment,Atkinson's friction law,5,"A mine ventilation fan is installed to handle a volume flow rate of 0.5 m³/s. The pressure drop across the fan is measured to be 1.2 kPa. According to Atkinson's friction law, the power required to drive the fan can be calculated using the formula: P = 0.0018 × Q^2 × ΔP, where P is in kW, Q is in m³/s, and ΔP is in kPa. What is the power required to drive the fan, assuming an efficiency of 80%?",0.9 kW,1.2 kW,1.5 kW,1.8 kW,2
317,Mine Ventilation & Environment,Atkinson's friction law,5,"A ventilation system in a coal mine has a fan with a characteristic curve given by Q = 0.5 * √(P) where Q is the airflow rate in m³/s and P is the pressure in kPa. The system also has a pipe with a length of 1000 m and an internal diameter of 1.5 m. The air density is 1.2 kg/m³. Using Atkinson's friction law, what is the minimum pressure required to maintain an airflow rate of 10 m³/s through the pipe?",15.5 kPa,31.0 kPa,46.5 kPa,62.0 kPa,2
318,Mining Machinery & Materials Handling,Koepe winder slip criteria,5,"A Koepe winder is used for hoisting ore from a depth of 500 m. The wire rope has a diameter of 80 mm and a mass per unit length of 0.02 kg/m. If the maximum permissible slip is 10% and the static factor of safety is 5, what is the maximum tension in the wire rope?",10 kN,20 kN,30 kN,40 kN,2
319,Mining Machinery & Materials Handling,Koepe winder slip criteria,5,"A Koepe winder is used to lift 200 t of ore per minute at a speed of 1.2 m/s. If the maximum allowable slip is 10%, calculate the minimum required static factor of safety for the wire rope.",1.25,1.5,1.8,2.2,2
320,Mining Machinery & Materials Handling,Koepe winder slip criteria,5,"A Koepe winder is used to lift a load of 500 kN at a speed of 2.5 m/s. The wire rope has a diameter of 50 mm and a breaking load of 1200 kN. If the static factor of safety is 4, what is the maximum allowed slip (in %) of the wire rope?",1.2%,1.5%,1.8%,2.1%,2
321,Mining Machinery & Materials Handling,Koepe winder slip criteria,5,"A Koepe winder is used for hoisting ore from a mine. The wire rope has a diameter of 100 mm and is subjected to a tension of 500 kN. The maximum allowable slip between the wire rope and the drum is 10%. If the static factor of safety (Fs) for the wire rope is 4, determine the minimum required breaking load (Tb) of the wire rope.",Tb = 2.5 × 500 kN,Tb = 3.125 × 500 kN,Tb = 4.0 × 500 kN,Tb = 5.0 × 500 kN,1
322,Mining Machinery & Materials Handling,Koepe winder slip criteria,5,"A Koepe winder is used to lift 1000 t/h of ore at a speed of 2.5 m/s. The diameter of the wire rope is 80 mm and the angle of wrap is 6. If the ultimate tensile strength of the wire rope is 1600 MPa, what is the minimum value of the static factor of safety (n) to prevent slip?",2.3,2.5,2.8,3.1,2
323,Mining Machinery & Materials Handling,Koepe winder slip criteria,5,"A Koepe winder is used to hoist a 1000 m long rope with a mass per unit length of 0.5 kg/m. The rope is subjected to a static load of 50 kN. Assuming a dynamic load factor of 1.2, calculate the maximum permissible slip velocity (m/s) for the rope, considering a static factor of safety of 3.",0.05 m/s,0.15 m/s,0.25 m/s,0.35 m/s,1
324,Surface & Underground Mining Methods,Bord and Pillar depillaring,5,"A bord and pillar mine with a working height of 4.5 m and a pillar size of 6 m x 6 m is being depillared. The average density of the coal is 1.4 t/m³. If the mine is operated at a production rate of 1000 t/h, what is the stripping ratio (waste/ore) if the powder factor for blasting is 0.25 kg/m³ and the average resistance of the powered support is 2.5 MPa?",0.85,0.95,1.05,1.15,2
325,Surface & Underground Mining Methods,Bord and Pillar depillaring,5,"A bord and pillar mine has a coal seam thickness of 3.5 m and a pillar width of 4.2 m. The average coal density is 1.35 t/m³. If the mine is to be extracted at a rate of 2.1 m³/s, what is the maximum allowable pillar strength (in MPa) to prevent subsidence?",1.8,2.1,3.2,4.5,2
326,Surface & Underground Mining Methods,Bord and Pillar depillaring,5,"A bord and pillar mine has a pillar size of 6 m x 6 m x 8 m. If the average density of the coal is 1.5 t/m³ and the mining height is 4 m, calculate the weight of coal to be extracted per pillar.",2700 kg,3600 kg,4500 kg,5400 kg,2
327,Surface & Underground Mining Methods,Bord and Pillar depillaring,5,"A bord and pillar mine has a pillar size of 6.5 m x 6.5 m x 10 m. The average density of the coal is 1.35 t/m³. If the pillar is to be extracted by room and pillar method, the volume of the pillar to be extracted is approximately how many cubic meters?",65 m³,130 m³,260 m³,520 m³,2
328,Surface & Underground Mining Methods,Bord and Pillar depillaring,5,"A bord and pillar mine with a pillar size of 6 m x 6 m x 6 m is being depillared. The average strength of the pillars is 1.5 MPa. If the mine is to be extracted at a rate of 1000 m³/s, what is the required blast powder factor for a 10% overbreak? The density of the rock is 2.7 g/cm³.",0.45 kg/m³,0.55 kg/m³,0.65 kg/m³,0.75 kg/m³,2
329,Surface & Underground Mining Methods,Bord and Pillar depillaring,5,"A bord and pillar mine has a pillar size of 5.5 m x 5.5 m. The mining height is 3.5 m. The uniaxial compressive strength of the rock is 120 MPa. If the pillar is to be extracted in a rectangular shape, what is the minimum pillar extraction ratio?",0.25,0.30,0.35,0.40,2
330,Surface & Underground Mining Methods,Bord and Pillar depillaring,5,"A bord and pillar mine has a working height of 3.5 m and a pillar width of 4.2 m. The average density of the coal is 1.4 t/m³. If the mine is to be extracted at a rate of 0.15 m³/s, what is the required pillar extraction rate in m³/s to maintain a stripping ratio of 2.5?",0.03 m³/s,0.045 m³/s,0.06 m³/s,0.09 m³/s,2
331,Surface & Underground Mining Methods,Longwall powered support resistance,5,"A longwall face is equipped with powered support system. The resistance offered by the coal is 100 kN/m. If the face advance is 50 m/day, the total resistance offered by the coal for a 500 m long face is _______.",2500 kN,5000 kN,7500 kN,10000 kN,2
332,Surface & Underground Mining Methods,Bord and Pillar depillaring,5,"A bord and pillar coal mine has a pillar size of 3.5 m x 3.5 m with a spacing of 6 m. The coal seam is 2.5 m thick. The average density of coal is 1.4 t/m³. If the mine extracts 5000 t of coal per day, what is the required pillar strength (in MPa) to prevent collapse?",0.75,1.25,1.75,2.25,2
333,Surface & Underground Mining Methods,Bord and Pillar depillaring,5,"A bord and pillar mine with a pillar size of 4.5 m x 4.5 m and a height of 3 m is being depillared. The average density of the coal is 1.4 t/m³. If the pillar is to be extracted using a longwall shearers with a cutting height of 1.2 m, what is the minimum number of shearer passes required to extract the pillar, given that the shearer has a cutting capacity of 25 m³/s?",10,12,15,18,1
334,Engineering Mathematics,Matrix eigenvalues,6,"The matrix A = 
egin{bmatrix} 2 & 1 \ 3 & 2 \
inish{bmatrix} has eigenvalues λ1 and λ2. If the matrix A is raised to the power of 2, the value of λ1λ2 is approximately equal to?",4.0 MPa,4.5 MPa,5.0 MPa,5.5 MPa,2
335,Engineering Mathematics,Matrix eigenvalues,6,"A square matrix A has eigenvalues λ1 = 2, λ2 = 3. If A = [4 2; 2 3], what is the value of the determinant of (A - λI) using the Cayley-Hamilton theorem?",det(A - λI) = 0,det(A - λI) = 14,det(A - λI) = -14,det(A - λI) = 21,3
336,General Aptitude & Reasoning,Logical deduction,6,"A water tank has two pipes, A and B. Pipe A can fill the tank in 6 hours, while pipe B can fill the tank in 4 hours. If both pipes operate simultaneously, how long will it take to fill the tank? The tank's capacity is 2400 m³.",3 hours,4 hours,5 hours,6 hours,0
337,General Aptitude & Reasoning,Logical deduction,6,"A pump can empty a tank in 6 hours. Another pump, which is 50% more efficient, can empty the same tank in how many hours?",4 hours,3 hours,5 hours,6 hours,1
338,General Aptitude & Reasoning,Logical deduction,6,"A water tank is being filled at a rate of 0.5 m³/s. If the tank has a capacity of 100 m³, how many hours will it take to fill the tank completely?",2.4 hours,2.5 hours,2.8 hours,3.0 hours,2
339,General Aptitude & Reasoning,Logical deduction,6,"A pipe of diameter 0.5 m and length 10 m is connected to a water pump. If the water pump delivers 0.02 m³/s of water at a pressure of 200 kPa, what is the flow velocity (in m/s) of the water in the pipe?",0.1 m/s,0.5 m/s,1.0 m/s,2.0 m/s,2
340,General Aptitude & Reasoning,Logical deduction,6,"A water pump can fill a tank in 3 hours. Due to a leak at the bottom, it takes 8 hours to fill the tank. If the pump is operated for 6 hours, what is the fraction of the tank filled, assuming the leak is not plugged?",1/4,1/3,3/8,1/2,2
341,General Aptitude & Reasoning,Logical deduction,6,"A conveyor belt is moving at a speed of 5 m/s. A box is placed on the belt and is being transported from one end of the belt to the other. If the length of the belt is 100 m and the box is being transported for 20 minutes, what is the distance traveled by the box?",10 m,50 m,100 m,500 m,2
342,General Aptitude & Reasoning,Logical deduction,6,"A mine has two tunnels, A and B, that connect the mine to the surface. Tunnel A is 500 m long and has a cross-sectional area of 2.5 m². Tunnel B is 300 m long and has a cross-sectional area of 1.2 m². If the flow rate of air through Tunnel A is 5 m³/s and the flow rate through Tunnel B is 3 m³/s, what is the ratio of the pressure difference between the two ends of Tunnel A and the two ends of Tunnel B?",1:1,2:3,4:5,5:6,2
343,General Aptitude & Reasoning,Logical deduction,6,"A pipe of length 100 m and diameter 0.5 m is laid on a slope of 1 in 10. If water flows through it at a rate of 0.05 m³/s, what is the pressure head at the exit end?",10 kPa,20 kPa,30 kPa,40 kPa,2
344,General Aptitude & Reasoning,Logical deduction,6,"A conveyor belt transports sand at a rate of 200 m³/s. If the sand is to be stored in a rectangular silo with a base area of 15 m² and a height of 10 m, what is the time taken to fill the silo, in seconds?",150 s,200 s,250 s,300 s,1
345,General Aptitude & Reasoning,Logical deduction,6,"A water tank is being filled at the rate of 0.5 m³/s. If the tank can hold 150 m³ of water, how many hours will it take to fill the tank completely?",2 hours,4 hours,6 hours,8 hours,1
346,General Aptitude & Reasoning,Logical deduction,6,"A water pump, working at 75% of its capacity, can empty a tank in 60 minutes. When working at full capacity, how long will it take to empty the same tank?",40 minutes,45 minutes,50 minutes,60 minutes,2
347,General Aptitude & Reasoning,Logical deduction,6,"A water tank is in the shape of a cone with a height of 10 m and base radius of 4 m. If the water is being pumped out at a rate of 0.2 m³/s, how many hours will it take to empty the tank, which is 75% full?",4.17 hours,4.25 hours,4.33 hours,4.50 hours,2
348,General Aptitude & Reasoning,Logical deduction,6,"A water pump, working at 75% of its capacity, can fill a tank in 8 hours. When working at full capacity, how many hours will it take to fill the same tank?",4 hours,6 hours,8 hours,10 hours,1
349,General Aptitude & Reasoning,Logical deduction,6,"A water pump can empty a tank in 6 hours. Another pump, which is 50% more efficient, can empty the same tank in how many hours?",4 hours,3 hours,5 hours,6 hours,1
350,General Aptitude & Reasoning,Logical deduction,6,A pipe of diameter 0.5 m and length 10 m is filled with water at a flow rate of 0.02 m³/s. What is the time taken (in seconds) for the water to flow through the pipe?,10 seconds,20 seconds,30 seconds,40 seconds,2
351,Geomechanics & Ground Control,Mohr-Coulomb failure,6,"A rock mass has a uniaxial compressive strength of 20 MPa. If the rock mass is subjected to a major principal stress of 10 MPa and a minor principal stress of 5 MPa, determine the cohesion (c) of the rock mass using the Mohr-Coulomb failure criterion, given that the angle of internal friction (φ) is 30°.",2.0 kN/m²,4.0 kN/m²,6.0 kN/m²,8.0 kN/m²,2
352,Geomechanics & Ground Control,Mohr-Coulomb failure,6,"A rock mass with a uniaxial compressive strength of 250 MPa and a tensile strength of 10 MPa is subjected to a major principal stress of 150 MPa. Determine the minor principal stress required for the Mohr-Coulomb failure criterion to be satisfied, given that the angle of internal friction is 30° and the cohesion is 20 MPa.",120 MPa,130 MPa,140 MPa,150 MPa,2
353,Geomechanics & Ground Control,Mohr-Coulomb failure,6,"A rock mass with a uniaxial compressive strength of 50 MPa and a tensile strength of 2 MPa is subjected to a major principal stress of 30 MPa. Determine the minor principal stress required to cause failure, considering a cohesion of 10 MPa and an internal friction angle of 30°.",20 MPa,25 MPa,28 MPa,32 MPa,2
354,Geomechanics & Ground Control,Mohr-Coulomb failure,6,"A rock mass with a uniaxial compressive strength of 150 MPa is subjected to a major principal stress of 80 MPa and a minor principal stress of 30 MPa. Using the Mohr-Coulomb failure criterion, calculate the angle of internal friction (in degrees) for the rock mass. Assume a cohesion value of 5 MPa.",24.74°,30.98°,35.26°,40.51°,2
355,Geomechanics & Ground Control,Mohr-Coulomb failure,6,"A rock mass with a uniaxial compressive strength (UCS) of 35 MPa and a tensile strength of 2.5 MPa is subjected to a major principal stress of 20 MPa. Determine the minor principal stress required to induce a failure in the rock mass using the Mohr-Coulomb failure criterion, where the angle of internal friction is 30° and the cohesion is 2.5 MPa.",10 MPa,12 MPa,15 MPa,20 MPa,2
356,Geomechanics & Ground Control,Mohr-Coulomb failure,6,"A rock mass has a uniaxial compressive strength (UCS) of 30 MPa. The major and minor principal stresses are 20 MPa and 10 MPa, respectively. Determine the factor of safety (FoS) against Mohr-Coulomb failure, given the cohesion (c) as 1.5 MPa and the angle of internal friction (φ) as 30°.",FoS = 2.5,FoS = 3.0,FoS = 3.5,FoS = 4.0,2
357,Geomechanics & Ground Control,Mohr-Coulomb failure,6,A rock mass has a uniaxial compressive strength (UCS) of 120 MPa. The angle of internal friction (φ) is 30° and the cohesion (c) is 5 MPa. Determine the major principal stress (σ1) at failure using the Mohr-Coulomb failure criterion.,80 MPa,90 MPa,100 MPa,110 MPa,2
358,Geomechanics & Ground Control,Mohr-Coulomb failure,6,A coal mine has a rock mass with a uniaxial compressive strength of 50 MPa. The rock mass is classified as RMR 55. Calculate the rock mass strength factor (σc') using the Bieniawski RMR system.,20 MPa,25 MPa,30 MPa,35 MPa,2
359,Geomechanics & Ground Control,Mohr-Coulomb failure,6,"A rock mass has a uniaxial compressive strength (UCS) of 30 MPa. Determine the minor principal stress (σ₃) at failure, if the major principal stress (σ₁) is 20 MPa and the angle of internal friction (φ) is 30°. Assume a cohesion (c) of 2 MPa.",10 MPa,12 MPa,15 MPa,18 MPa,2
360,"Mine Planning, Geostatistics & Economics",Net Present Value,6,"A mining project has an initial investment of ₹ 12,00,000 and an expected annual revenue of ₹ 15,00,000. The project is expected to last for 10 years. If the cost of capital is 12% per annum, calculate the Net Present Value (NPV) of the project.","₹ 1,20,00,000","₹ 1,50,00,000","₹ 1,80,00,000","₹ 2,00,00,000",2
361,"Mine Planning, Geostatistics & Economics",Net Present Value,6,"A mining company is planning to invest in a new coal mine. The initial investment required is ₹ 1.5 crores. The annual operating cost is ₹ 2.5 crores and the annual revenue generated is ₹ 4.5 crores. The mine is expected to operate for 10 years. If the cost of capital is 12% per annum, calculate the Net Present Value (NPV) of the mine.",₹ 1.25 crores,₹ 2.25 crores,₹ 3.25 crores,₹ 4.25 crores,2
362,"Mine Planning, Geostatistics & Economics",Net Present Value,6,"A mining project has an initial investment of ₹ 50 crores and a life of 5 years. The annual operating cost is ₹ 10 crores and the annual revenue is ₹ 20 crores. The project also requires an additional investment of ₹ 5 crores after 3 years. Calculate the Net Present Value (NPV) of the project, assuming a discount rate of 12% per annum.",₹ 12.50 crores,₹ 15.31 crores,₹ 18.21 crores,₹ 21.12 crores,1
363,"Mine Planning, Geostatistics & Economics",Net Present Value,6,"A mining project requires an initial investment of ₹ 10 crores. The expected annual revenue from the project is ₹ 2.5 crores. The project is expected to last for 10 years. If the cost of capital is 12% per annum, calculate the Net Present Value (NPV) of the project.",₹ 1.50 crores,₹ 2.25 crores,₹ 3.00 crores,₹ 4.50 crores,2
364,"Mine Planning, Geostatistics & Economics",Net Present Value,6,"A mining project has an initial investment of ₹ 10,00,000 and an estimated annual production of 5,00,000 tonnes of coal. The revenue generated per tonne of coal is ₹ 150. The project is expected to operate for 10 years. If the discount rate is 12% per annum, calculate the Net Present Value (NPV) of the project.","₹ 2,51,19,111","₹ 2,51,19,211","₹ 2,51,19,311","₹ 2,51,19,411",0
365,"Mine Planning, Geostatistics & Economics",Net Present Value,6,"A mining project requires an initial investment of ₹ 1.5 crores and is expected to generate an annual revenue of ₹ 1.2 crores for the next 5 years. The cost of extraction is ₹ 0.8 crores per year. If the discount rate is 12% per annum, calculate the Net Present Value (NPV) of the project.",₹ 2.34 crores,₹ 2.45 crores,₹ 2.56 crores,₹ 2.67 crores,2
366,"Mine Planning, Geostatistics & Economics",Net Present Value,6,A mining company is planning to invest in a new project with an initial capital outlay of ₹ 10 crores. The project is expected to generate a cash inflow of ₹ 2.5 crores per annum for the next 8 years. The company uses a discount rate of 12% per annum. Calculate the Net Present Value (NPV) of the project.,₹ 1.23 crores,₹ 1.53 crores,₹ 1.83 crores,₹ 2.13 crores,2
367,"Mine Planning, Geostatistics & Economics",Net Present Value,6,"A mining project has an initial investment of ₹ 1.5 crores. The project is expected to generate a revenue of ₹ 2.5 crores in the first year, ₹ 2.2 crores in the second year, and ₹ 2.1 crores in the third year. The project has a life of 3 years. The discount rate is 12% per annum. Calculate the Net Present Value (NPV) of the project.",₹ 0.75 crores,₹ 1.05 crores,₹ 1.25 crores,₹ 1.35 crores,2
368,Mine Surveying & Geomatics,Bowditch rule traverse closing error,6,"A mine survey traverse consists of 8 stations. The closing error is calculated using Bowditch's rule and is found to be 1.2 m. If the length of the traverse is 1500 m, calculate the sensitivity of the traverse.",0.0008 m/km,0.0009 m/km,0.0012 m/km,0.0015 m/km,2
369,Mine Surveying & Geomatics,Bowditch rule traverse closing error,6,"A traverse is measured using EDM and the following data is obtained: AB = 100.00 m, BC = 120.00 m, CD = 150.00 m, DA = 180.00 m. The closing error in the traverse is 0.05 m. If the EDM instrument has an error of 1.5 ppm, calculate the correction to be applied to the measured length AB.",0.0012 m,0.0024 m,0.0036 m,0.0048 m,2
370,Mine Surveying & Geomatics,Bowditch rule traverse closing error,6,"A mine survey traverse consists of 5 sides. The closing error in the traverse is calculated using Bowditch's rule. If the closing error is 1.25 m and the traverse length is 1000 m, calculate the sensitivity of the traverse to the EDM measurement error.",0.00125 Ns²/m⁸,0.00125 kN,0.00125 m³/s,0.00125 m,0
371,Mine Surveying & Geomatics,Bowditch rule traverse closing error,6,"A traverse is closed using the Bowditch rule. The closing error is found to be 1.2 m. If the traverse is to be adjusted, the correction in the EDM distance is to be applied. Given that the EDM distance is 500 m, the correction in the EDM distance (in mm) is:",0.24 mm,0.6 mm,6 mm,12 mm,2
372,Mine Ventilation & Environment,Atkinson's friction law,6,"A ventilator fan is installed in a mine tunnel with a diameter of 4.5 m and a length of 1200 m. The air flow rate is 0.8 m³/s. The velocity pressure is 0.15 kPa. Using Atkinson's friction law, calculate the fan's power requirement (in kW).",5.2 kW,6.8 kW,8.1 kW,9.5 kW,2
373,Mine Ventilation & Environment,Atkinson's friction law,6,"A mine ventilation system has a total length of 1000 m of 0.5 m diameter steel pipe. The air flow rate is 2.5 m³/s. The pressure drop due to friction is given by Atkinson's law as ΔP = (f × L × ρ × v²) / (2 × D). If the friction factor f is 0.02, the air density ρ is 1.2 kg/m³, and the velocity v is 10 m/s, calculate the pressure drop ΔP.",0.15 kPa,1.2 kPa,12 kPa,120 kPa,2
374,Mine Ventilation & Environment,Atkinson's friction law,6,"A ventilation duct of 0.5 m diameter and 100 m length is to be driven by a fan. The air flow rate is 0.2 m³/s. Assuming a friction factor of 0.02, calculate the total pressure drop using Atkinson's friction law.",0.8 kPa,1.2 kPa,1.6 kPa,2.0 kPa,2
375,Mine Ventilation & Environment,Atkinson's friction law,6,"Air flows through a 100 m long, 1 m diameter mine airway with a velocity of 10 m/s. The airway is rough and has a surface roughness of 0.02 m. The air density is 1.2 kg/m³. If the air pressure at the entrance is 100 kPa, determine the pressure drop (in kPa) using Atkinson's friction law.",0.12 kPa,0.24 kPa,0.36 kPa,0.48 kPa,2
376,Mine Ventilation & Environment,Atkinson's friction law,6,"A ventilation system in a coal mine has a total pressure drop of 12.5 kPa over a 100 m long duct. If the air flow rate is 2.5 m³/s, and the Atkinson's friction factor is 0.25, calculate the power required to overcome the pressure drop.",2.5 kW,3.125 kW,4.0 kW,5.0 kW,1
377,Mine Ventilation & Environment,Atkinson's friction law,6,"A mine ventilation fan is installed in a 100 m long, 1.5 m diameter mine tunnel. The air flow rate through the fan is 2.5 m³/s and the static pressure rise across the fan is 10 kPa. Using Atkinson's friction law, determine the fan's power consumption in kW, given that the air's density is 1.2 kg/m³ and the friction factor is 0.02.",5.2 kW,6.1 kW,7.5 kW,8.2 kW,2
378,Mine Ventilation & Environment,Atkinson's friction law,6,"A ventilation system in a coal mine has a fan with a power input of 250 kW. If the fan's efficiency is 80% and the air flow rate is 10 m³/s, what is the pressure rise across the fan, assuming a friction loss of 20 kPa in the duct? Use Atkinson's friction law to solve the question.",25.6 kPa,30.4 kPa,35.2 kPa,40.8 kPa,2
379,Mine Ventilation & Environment,Atkinson's friction law,6,"Air flows through a 1.2 km long mine haulage road with a diameter of 3.5 m at a velocity of 15 m/s. The air pressure at the intake is 100 kPa and at the return is 80 kPa. The friction factor (f) is 0.02. Using Atkinson's friction law, determine the fan power required to overcome the pressure losses in the road.",15.36 kW,16.27 kW,17.19 kW,18.13 kW,2
380,Mine Ventilation & Environment,Atkinson's friction law,6,"A mine ventilation fan with a power rating of 250 kW is connected to a 100 m long duct with a diameter of 1.2 m. Assuming a velocity of 15 m/s, calculate the pressure drop using Atkinson's friction law. Take the value of the friction factor (f) as 0.02. Express your answer in kPa.",0.35 kPa,0.45 kPa,0.55 kPa,0.65 kPa,2
381,Mine Ventilation & Environment,Atkinson's friction law,6,"A ventilation system in a coal mine has a total length of 500 m of 0.5 m diameter pipe. The air flow rate is 0.05 m³/s. If the velocity head is 0.2 m, the pressure drop due to friction using Atkinson's friction law is:",0.15 kPa,0.25 kPa,0.35 kPa,0.45 kPa,2
382,Mining Machinery & Materials Handling,Koepe winder slip criteria,6,"A Koepe winder is designed to lift 1000 t/h of ore with a 50 mm diameter wire rope. If the maximum allowable slip is 2%, calculate the minimum required static factor of safety (SF) for the wire rope. The specific gravity of the ore is 3.5 and the acceleration due to gravity (g) is 9.81 m/s².",1.5,1.8,2.1,2.5,2
383,Mining Machinery & Materials Handling,Shovel-Dumper Match Index,6,"A 1000 t/h shovel is to be matched with a 1200 t/h dumper. If the dumper's speed is 10 km/h and the shovel's speed is 15 km/h, the shovel-dumper match index (SDMI) is",1.25,1.5,1.75,2.0,2
384,Mining Machinery & Materials Handling,Koepe winder slip criteria,6,"A Koepe winder is operating at a speed of 8.5 m/s. The wire rope has a diameter of 50 mm and a breaking load of 200 kN. The static factor of safety (SF) is 5. The slip velocity (v_s) is given by the formula: v_s = v * (1 - e^(-SF * (T/T_b))). If the tension (T) in the wire rope is 120 kN and the breaking tension (T_b) is 40 kN, calculate the slip velocity (v_s) in m/s.",0.4 m/s,1.2 m/s,2.5 m/s,4.8 m/s,2
385,Mining Machinery & Materials Handling,Koepe winder slip criteria,6,"A Koepe winder is used to hoist a 100 m long rope with a diameter of 60 mm. The rope is subjected to a tension of 100 kN at the top and 50 kN at the bottom. Determine the slip velocity (in m/s) at which the rope will start to slip, given that the coefficient of friction between the rope and the drum is 0.2 and the rope's static factor of safety is 5.",0.05 m/s,0.10 m/s,0.15 m/s,0.20 m/s,2
386,Mining Machinery & Materials Handling,Koepe winder slip criteria,6,"A Koepe winder has a drum diameter of 1.5 m and a rope diameter of 0.05 m. The maximum allowed slip is 15%. If the actual slip is 12%, calculate the static factor of safety of the wire rope.",1.2,1.5,1.8,2.1,2
387,Mining Machinery & Materials Handling,Koepe winder slip criteria,6,"A Koepe winder is used to lift 2000 t/h of ore at a speed of 2.5 m/s. If the wire rope has a diameter of 80 mm and a breaking load of 120 kN, determine the maximum allowable slip. The static factor of safety for the wire rope is 4.5.",0.035 m,0.042 m,0.050 m,0.060 m,2
388,Mining Machinery & Materials Handling,Koepe winder slip criteria,6,"A Koepe winder is designed to lift 1000 kg at a speed of 2.5 m/s. The wire rope has a diameter of 50 mm and a breaking load of 250 kN. If the static factor of safety is 5, determine the maximum tension in the wire rope.",250 N,1250 N,3125 N,6250 N,2
389,Mining Machinery & Materials Handling,Koepe winder slip criteria,6,"A Koepe winder is used to haul a 50 mm diameter rope with a breaking load of 200 kN. The rope is subjected to a tension of 180 kN at the winding drum. If the rope's ultimate tensile strength is 800 MPa, determine the minimum angle of wrap required to prevent slip.",10°,20°,30°,45°,2
390,Surface & Underground Mining Methods,Bord and Pillar depillaring,6,"A bord and pillar mine is being developed in a coal seam with an average thickness of 2.5 m. The pillar width is 6.0 m and the spacing between pillars is 9.0 m. The coal density is 1.4 t/m³. The mine is to be operated at a production rate of 100,000 t/month. The stripping ratio is 2.5. The powder factor for the mine is 0.5 kg/t. The blast energy required per ton of coal mined is 1.8 Ns²/m⁸. Determine the total energy required per month to mine 100,000 t of coal.","450,000 kN","540,000 kN","630,000 kN","720,000 kN",2
391,Surface & Underground Mining Methods,Bord and Pillar depillaring,6,"A bord and pillar mine with a pillar size of 6 m x 6 m x 4 m is being depillared. The in-situ stress at the mine is 2.5 MPa. If the depillaring is done in 3 stages with a 20% reduction in pillar size after each stage, what is the total volume of rock to be extracted in the third stage, given that the initial pillar volume is 144 m³?",96 m³,120 m³,144 m³,192 m³,2
392,Surface & Underground Mining Methods,Bord and Pillar depillaring,6,"A bord and pillar mine has a pillar size of 6 m x 6 m and a coal seam thickness of 2.5 m. If the average density of coal is 1.4 t/m³ and the pillar strength is 1.2 MPa, determine the maximum allowable extraction ratio (ER) in decimal form.",0.25,0.35,0.45,0.55,2
393,Surface & Underground Mining Methods,Bord and Pillar depillaring,6,"A bord and pillar mine with a pillar size of 6 m x 6 m and a height of 4 m is being depillared. If the average density of the coal is 1.5 t/m³, the volume of coal to be extracted per pillar is 72 m³. The mining rate is 20 m³/h. Determine the stripping ratio (SR) in the mine, given that the overburden density is 2.2 t/m³.",0.25,0.30,0.35,0.40,2
394,Surface & Underground Mining Methods,Bord and Pillar depillaring,6,"A bord and pillar mine with a working height of 4.5 m has a pillar size of 6 m x 6 m. The density of the ore is 3.5 t/m³. If the pillar extraction ratio is 0.6, calculate the volume of ore extracted per pillar.",10.8 m³,12.6 m³,15.0 m³,18.0 m³,2
395,Surface & Underground Mining Methods,Bord and Pillar depillaring,6,"A bord and pillar mine with a pillar size of 6.5 m x 6.5 m and a spacing of 7.5 m is to be depillared. If the strength of the coal is 3.5 MPa, the required number of rows to be extracted in one pass, to limit the pillar load to 20% of the coal's strength, is:",3,4,5,6,1
396,Surface & Underground Mining Methods,Bord and Pillar depillaring,6,"A Bord and Pillar mine has a pillar extraction ratio of 0.4 and a coal density of 1.4 t/m³. The pillar size is 4 m x 4 m x 6 m. If the extracted coal volume is 1200 m³, calculate the weight of the extracted coal.",1800 kg,2000 kg,2200 kg,2400 kg,2
397,Surface & Underground Mining Methods,Bord and Pillar depillaring,6,A bord and pillar mine has a pillar size of 5 m x 5 m x 10 m. The coal density is 1.4 t/m³. The pillar is to be depillared by blasting. The powder factor is 0.7 kg/m³. The explosive energy is 4500 J/kg. The coal strength is 10 MPa. Determine the total explosive energy required for depillaring one pillar.,175.0 kJ,200.0 kJ,225.0 kJ,250.0 kJ,2
398,Surface & Underground Mining Methods,Bord and Pillar depillaring,6,"A bord and pillar mine has a pillar size of 6 m x 6 m x 6 m. The average density of the coal is 1.5 t/m³. If the roof and floor of the mine have a thickness of 1 m each, calculate the volume of the coal extracted per m³ of ore mined.",2.25 m³,3.375 m³,4.5 m³,6 m³,1
399,Surface & Underground Mining Methods,Bord and Pillar depillaring,6,"A bord and pillar mine has a pillar size of 4 m x 4 m x 6 m. The density of the coal is 1.5 t/m³. The pillar is to be depillared using a continuous miner. The machine's cutting rate is 20 m³/h. If the coal price is ₹ 2500/t and the cost of the machine is ₹ 1.2 lakh/h, what is the minimum pillar size required to maintain a stripping ratio of 2.5?",2.5 m x 2.5 m x 3 m,3 m x 3 m x 4 m,4 m x 4 m x 5 m,5 m x 5 m x 6 m,2
400,Surface & Underground Mining Methods,Bord and Pillar depillaring,6,"A bord and pillar mine has a pillar size of 6 m x 6 m x 10 m. The average density of the coal is 1.5 t/m³. If the pillar is to be extracted with a depillaring height of 4 m, calculate the volume of coal to be extracted per pillar.",36 m³,48 m³,60 m³,72 m³,2
401,Engineering Mathematics,Matrix eigenvalues,7,"A square matrix A has eigenvalues λ1 = 2, λ2 = 3. If A = [[4, 2], [3, 1]], calculate the value of det(A - λI) when λ = 2.",0.5 MPa,1.0 MPa,1.5 MPa,2.0 MPa,1
402,Engineering Mathematics,Matrix eigenvalues,7,"A square matrix A has eigenvalues λ1 = 2 and λ2 = 3. If A is a 3x3 matrix, the value of the expression (A^2 - 5A + 6I) trace is",12,15,18,21,2
403,Engineering Mathematics,Matrix eigenvalues,7,"A square matrix A has eigenvalues λ1 = 2 and λ2 = 3. If the matrix A is given by A = [[4, 2], [3, 1]], calculate the value of the expression  |A^(2) - 4A + 3I|, where I is the identity matrix.",10.0,15.0,20.0,25.0,2
404,Engineering Mathematics,Matrix eigenvalues,7,"Given a square matrix A = 
[5 2]
[4 3] with eigenvalues λ1 = 6 and λ2 = 2, evaluate the expression (A^2 - 3A + I) * (1/λ1^2 - 1/λ2^2) in terms of the identity matrix I. Express your answer in the form of a 2x2 matrix.","[-3 -4]
[-2 -3]","[ 2  1]
[-1 -2]","[ 4  5]
[ 3  4]","[-1 -2]
[ 2 -1]",1
405,Engineering Mathematics,Matrix eigenvalues,7,"The eigenvalues of a 2x2 matrix A = [[4, 2], [3, 5]] are λ1 and λ2. If the product of the eigenvalues is 20, determine the value of λ1 + λ2.",10,12,15,18,0
406,Engineering Mathematics,Matrix eigenvalues,7,"A square matrix A has eigenvalues λ1 = 3 and λ2 = 2. If A = [[4, 2], [2, 3]], then the value of the expression (A^2 - 5A + I) / (λ1 - λ2) is equal to"," [[-1, 0], [0, -1]]"," [[-2, 1], [1, -2]]"," [[-3, 1], [1, -3]]"," [[-4, 2], [2, -4]]",0
407,Engineering Mathematics,Matrix eigenvalues,7,"A 2x2 matrix A has eigenvalues λ1 = 3 and λ2 = 2. If A = [[4, 2], [3, 5]], then the value of the expression (A^2 - 5A + 2I) / (λ1 - λ2) is","A = [[-1, 1], [1, -1]]","A = [[-2, 2], [2, -2]]","A = [[-3, 3], [3, -3]]","A = [[-4, 4], [4, -4]]",2
408,Engineering Mathematics,Matrix eigenvalues,7,"The eigenvalues of a 2x2 matrix A are 2 and 3. If A = [[4, 2], [3, 5]], then the value of the expression (A^2 - 5A + 6I) / (A - 2I) is _______.","A = [[2, 0], [0, 2]]","B = [[3, 0], [0, 3]]","C = [[6, 0], [0, 6]]","D = [[12, 0], [0, 12]]",0
409,Engineering Mathematics,Matrix eigenvalues,7,"A square matrix A has eigenvalues 2, 3, and 4. If A is a 3x3 matrix, then the value of the expression |A^2 - 4A - 5I| is _______.",100,150,200,250,2
410,Engineering Mathematics,Matrix eigenvalues,7,"A square matrix A has eigenvalues 2 and 3. If the sum of the elements of the main diagonal of A is 8, then the sum of the elements of the main diagonal of A^2 is",14,16,18,20,2
411,Engineering Mathematics,Matrix eigenvalues,7,"The eigenvalues of a 2x2 matrix [a, b; c, d] are given by λ = (d - a ± √((d - a)^2 + b*c)) / 2. If a = 15 MPa, b = 8, c = 6, and d = 20 MPa, calculate the value of the smallest eigenvalue (in MPa).",9.5 MPa,10.5 MPa,11.5 MPa,12.5 MPa,0
412,Engineering Mathematics,Matrix eigenvalues,7,"For the matrix A = [[3, 2], [4, 5]] with eigenvalues λ1 = 7 and λ2 = 1, the value of the expression (A^2 - 8A + 7I) is closest to:"," [[-2, 4], [8, -2]]"," [[-4, 2], [-8, 4]]"," [[-10, 8], [8, -10]]"," [[-12, 8], [8, -12]]",0
413,Engineering Mathematics,Matrix eigenvalues,7,"The eigenvalues of a 2x2 matrix [3 -2; 1 0] are √5 and √5. If the matrix represents the coefficient matrix of a system of differential equations, the time constant of the system is:",0.5 s,1 s,2 s,4 s,2
414,Engineering Mathematics,Cayley-Hamilton Theorem,7,"A square matrix A has a characteristic equation of (λ^2 + 4λ + 13) = 0. If A = [ [3, 2], [2, 3] ], find the value of A^2.","A^2 = [ [ 13, 8], [ 8, 13] ]","A^2 = [ [ 9, 6], [ 6, 9] ]","A^2 = [ [ 7, 4], [ 4, 7] ]","A^2 = [ [ 5, 3], [ 3, 5] ]",2
415,Engineering Mathematics,Matrix eigenvalues,7,"A square matrix A has eigenvalues 2, 3, and 4. If det(A) = 24, then the value of the expression [A^2 + 2A - 3I] is",48I,96I,0,64I,2
416,General Aptitude & Reasoning,Logical deduction,7,"A water pump is discharging water from a reservoir at a rate of 0.5 m³/s. If the pump operates for 12 hours, how many kN·m of work is done by the pump?",720 kN·m,7200 kN·m,72000 kN·m,720000 kN·m,1
417,General Aptitude & Reasoning,Logical deduction,7,"A rectangular water tank has a length of 4 m and a width of 3 m. Water is being pumped into the tank at a rate of 0.2 m³/s. If the tank is initially empty, how long will it take to fill the tank to a depth of 2 m? Assume the tank's bottom is 0.1 m thick.",2.5 hours,3.5 hours,4.2 hours,5.1 hours,2
418,General Aptitude & Reasoning,Logical deduction,7,"A tunnel is to be constructed through a mountain. The average speed of the tunnel boring machine is 25 m/min. If the total length of the tunnel to be constructed is 1200 m and the machine works 8 hours a day, 5 days a week, how many weeks will it take to complete the tunnel?",8 weeks,10 weeks,12 weeks,15 weeks,2
419,General Aptitude & Reasoning,Logical deduction,7,"A water pump discharges water at a rate of 0.3 m³/s into a reservoir with a capacity of 1200 m³. If the pump operates for 8 hours a day, what is the percentage increase in the water level in the reservoir after 30 days?",1.2%,4.8%,12%,48%,3
420,General Aptitude & Reasoning,Logical deduction,7,"A solid cone is placed on a horizontal surface. Its height is 50 mm and the radius of its base is 20 mm. If the cone is subjected to a compressive load, it is found that the compressive stress at the base is 1.5 MPa. Determine the magnitude of the compressive load (in kN) applied on the cone.",0.75 kN,1.5 kN,2.25 kN,3.0 kN,2
421,General Aptitude & Reasoning,Logical deduction,7,"A water pump can fill a tank in 6 hours. However, due to a leak, the pump can only fill the tank in 9 hours. If the leak can empty 2/3rd of the tank in 3 hours, how many hours will it take to fill the entire tank?",3 hours,4 hours,6 hours,9 hours,2
422,General Aptitude & Reasoning,Logical deduction,7,A water tank is in the shape of a cone with a height of 10 m and a base radius of 4 m. It is filled by a pump at a rate of 0.2 m³/s. How many seconds will it take to fill the tank if the cone is 75% full?,120 seconds,150 seconds,180 seconds,200 seconds,2
423,General Aptitude & Reasoning,Logical deduction,7,A water pump is discharging water from a reservoir at a rate of 0.2 m³/s. The water level in the reservoir drops by 1.5 m in 10 minutes. What is the power consumption of the pump in kW?,0.9 kW,1.2 kW,1.5 kW,1.8 kW,2
424,General Aptitude & Reasoning,Logical deduction,7,"A water tank has a capacity of 100 m³. Water is being pumped into the tank at a rate of 2 m³/s. If the tank is already 3/5 full, how much more time (in seconds) will it take to fill the tank completely?",15 s,30 s,45 s,60 s,2
425,General Aptitude & Reasoning,Logical deduction,7,"A pipe of diameter 0.2 m and length 10 m is connected to a reservoir. Water flows through the pipe at a velocity of 2 m/s. If the density of water is 1000 kg/m³, calculate the mass flow rate through the pipe.",0.4 kg/s,2 kg/s,4 kg/s,8 kg/s,2
426,General Aptitude & Reasoning,Logical deduction,7,"A pump is used to discharge water from a reservoir. The reservoir has a capacity of 5.0 × 10^5 m³. If the pump can discharge water at a rate of 2.5 × 10^3 m³/h, how many hours will it take to empty the reservoir? Assume that the reservoir is completely empty when the discharge is completed.",125 hours,150 hours,200 hours,250 hours,2
427,Geomechanics & Ground Control,Mohr-Coulomb failure,7,"A rock mass with a density of 2.7 g/cm³ and a uniaxial compressive strength of 100 MPa is subjected to a major principal stress of 80 MPa and a minor principal stress of 20 MPa. Using the Mohr-Coulomb failure criterion, determine the angle of internal friction (in degrees) if the cohesion is 10 MPa.",24.0°,28.0°,32.0°,36.0°,2
428,Geomechanics & Ground Control,Mohr-Coulomb failure,7,"A coal mine pillar is 5 m x 5 m in cross-section and 10 m high. If the uniaxial compressive strength of the coal is 15 MPa, and the angle of internal friction is 30°, calculate the major principal stress (σ1) at the pillar center, assuming a cohesion of 0.5 MPa. Assume the minor principal stress (σ3) is 0.5 MPa.",3.75 MPa,4.25 MPa,4.75 MPa,5.25 MPa,2
429,Geomechanics & Ground Control,Mohr-Coulomb failure,7,A rock mass with a uniaxial compressive strength (UCS) of 30 MPa is subjected to a major principal stress of 10 MPa and a minor principal stress of 2 MPa. Determine the angle of internal friction (in degrees) using the Mohr-Coulomb failure criterion.,12°,15°,20°,25°,2
430,Geomechanics & Ground Control,Mohr-Coulomb failure,7,"A coal mine has a seam with a uniaxial compressive strength (UCS) of 35 MPa. The major and minor principal stresses are 20 MPa and 10 MPa, respectively. Determine the minor principal stress (σ3) at which the coal seam will fail using the Mohr-Coulomb failure criterion, given that the angle of internal friction (φ) is 30° and the cohesion (c) is 1.5 MPa.",8.18 MPa,9.45 MPa,10.73 MPa,12.01 MPa,2
431,Geomechanics & Ground Control,Mohr-Coulomb failure,7,"A rock mass with a uniaxial compressive strength of 250 MPa is subjected to a major principal stress of 150 MPa and a minor principal stress of 50 MPa. Using the Mohr-Coulomb failure criterion, determine the angle of internal friction (in degrees) for this rock mass.",25°,30°,35°,40°,2
432,Geomechanics & Ground Control,Tributary Area Pillar Stress,7,"A rectangular coal pillar of dimensions 5 m x 3 m is excavated in a coal seam. The in-situ stress at the depth of excavation is 2.5 MPa in the horizontal direction and 1.5 MPa in the vertical direction. If the pillar is subjected to a tributary area of 20 m², determine the average stress (in MPa) on the pillar wall.",1.8 MPa,2.1 MPa,2.5 MPa,3.2 MPa,1
433,Geomechanics & Ground Control,Mohr-Coulomb failure,7,"A coal mine has a seam with a uniaxial compressive strength of 30 MPa. A rock mass has a Bieniawski RMR value of 45. Using the Barton Q-system, determine the rock mass strength parameter (m) if the joint spacing is 1.2 m and the joint condition is fair.",0.5,0.8,1.2,1.5,1
434,"Mine Planning, Geostatistics & Economics",Net Present Value,7,"A mine is planning to extract 100,000 tonnes of ore over the next 5 years. The initial investment is ₹ 50 lakhs, and the annual operating cost is ₹ 10 lakhs. The net revenue per tonne is ₹ 250. The discount rate is 10% per annum. Assuming a spherical semivariogram with a sill of 1.5 MPa² and a nugget effect of 0.2 MPa², and using Ordinary Kriging, what is the Net Present Value (NPV) of the project in lakhs?",- ₹ 32.5 lakhs,- ₹ 25.6 lakhs,₹ 15.8 lakhs,₹ 20.1 lakhs,2
435,Mine Surveying & Geomatics,Bowditch rule traverse closing error,7,"A traverse consists of 5 lines with the following angles: ∠A = 67°, ∠B = 83°, ∠C = 91°, ∠D = 75°, and ∠E = 85°. The closing error using Bowditch's rule is 3.2 mm. If the length of line E is 120.5 m, then the length of line A is:",119.98 m,120.01 m,120.05 m,120.10 m,1
436,Mine Surveying & Geomatics,Bowditch rule traverse closing error,7,"A traverse has the following angles and distances: A(0°, 50m), B(90°, 60m), C(180°, 30m), D(270°, 80m). If the closing error is 3.75mm, calculate the error in the calculated area using the Bowditch rule.",0.0015 m²,0.0030 m²,0.0060 m²,0.0120 m²,2
437,Mine Surveying & Geomatics,Bowditch rule traverse closing error,7,"A mine survey traverse consists of 5 angles and 5 sides. The angles are measured as 63° 27', 72° 15', 41° 30', 85° 40', and 58° 45'. The sides are measured as 250.5 m, 320.8 m, 180.2 m, 420.1 m, and 300.9 m. Using the Bowditch rule, calculate the closing error in the traverse.",0.12 m,0.15 m,0.18 m,0.21 m,2
438,Mine Surveying & Geomatics,Bowditch rule traverse closing error,7,"A mine survey traverse covers a distance of 10 km. The Bowditch rule traverse closing error is calculated to be 1.2 m. If the traverse is to be closed using the missing line method, and the leveling sensitivity is 1 in 10,000, what is the correction to be applied to the EDM measurements in the direction of the traverse closing error?",0.00012 m,0.0012 m,0.012 m,0.12 m,2
439,Mine Surveying & Geomatics,Bowditch rule traverse closing error,7,"A mine survey traverse consists of 5 lines with the following angles and lengths: Line 1: 60°, 150 m; Line 2: 120°, 120 m; Line 3: 30°, 180 m; Line 4: 90°, 100 m; Line 5: 45°, 220 m. If the traverse is closed using the Bowditch rule, and the calculated error is 0.05 m, what is the sensitivity of the leveling instrument used in the traverse, given that the EDM correction for the instrument is 1.2 mm/m?",1: 1000,1: 500,1: 2000,1: 2500,1
440,Mine Surveying & Geomatics,Bowditch rule traverse closing error,7,"A traverse consists of six lines with the following data: Line 1: Azimuth = 45°, Distance = 100 m; Line 2: Azimuth = 135°, Distance = 120 m; Line 3: Azimuth = 225°, Distance = 90 m; Line 4: Azimuth = 315°, Distance = 110 m; Line 5: Azimuth = 45°, Distance = 130 m; Line 6: Azimuth = 135°, Distance = 100 m. If the closing error is to be minimized using the Bowditch rule, what is the value of the correction in meters?",10.00 m,12.50 m,15.00 m,17.50 m,2
441,Mine Ventilation & Environment,Atkinson's friction law,7,"A mine air fan is installed to ventilate a 100 m long, 2 m diameter mine tunnel. The air flow rate is 0.5 m³/s. The fan's characteristic curve shows a head of 50 Pa at this flow rate. If the air density is 1.2 kg/m³, and the friction factor (f) is 0.02, determine the power required to drive the fan, using Atkinson's friction law. Assume the air velocity is 10 m/s.",14.4 kW,15.6 kW,16.8 kW,18.0 kW,2
442,Mine Ventilation & Environment,Mine Ventilation Systems,7,"A fan is installed in a mine ventilation system to supply 1000 m³/s of air at a pressure of 10 kPa. The fan characteristic curve is given by: Q = 10.5 Ns²/m⁸ (ΔP)². If the fan is operating at a flow rate of 900 m³/s, determine the pressure difference across the fan. Assume the fan is operating at the design point.",5.26 kPa,6.12 kPa,7.18 kPa,8.25 kPa,2
443,Mine Ventilation & Environment,Atkinson's friction law,7,"A mine ventilation fan has a characteristic curve with a pressure coefficient (Cp) of 0.8. If the fan is operating at a flow rate of 2.5 m³/s and a pressure drop of 15 kPa is measured, determine the power (in kW) required to operate the fan. Assume the fan's efficiency is 80%.",3.125 kW,3.75 kW,4.375 kW,5 kW,2
444,Mine Ventilation & Environment,Atkinson's friction law,7,"A mine ventilation fan is operating at a flow rate of 0.8 m³/s. The fan's characteristic curve shows a head loss of 10 kPa at this flow rate. If the fan is connected to a 150 m long duct with a diameter of 1.2 m, and the air is flowing through the duct at a velocity of 15 m/s, calculate the pressure drop due to friction using Atkinson's friction law, where the friction factor f is given by f = 0.02. What is the pressure drop in kPa?",8.5 kPa,10.5 kPa,12.5 kPa,15.5 kPa,2
445,Mine Ventilation & Environment,Atkinson's friction law,7,"A ventilation system in a mine has a pressure drop of 12.5 kPa due to the resistance of the duct. Using Atkinson's friction law, determine the velocity of air flowing through the duct, given that the friction factor (f) is 0.035 and the equivalent diameter (D) is 1.2 m. Assume the density of air (ρ) is 1.2 kg/m³.",2.13 m/s,1.85 m/s,2.57 m/s,3.02 m/s,2
446,Mining Machinery & Materials Handling,Koepe winder slip criteria,7,"A Koepe winder is used to lift 1000 t/h of coal at a speed of 4.5 m/s. The wire rope has a mass per unit length of 0.02 kg/m and a diameter of 50 mm. If the maximum permissible slip is 3%, calculate the minimum static factor of safety required for the wire rope.",2.5,3.0,3.5,4.0,2
447,Mining Machinery & Materials Handling,Koepe winder slip criteria,7,A Koepe winder is used to hoist a load of 500 kN at a speed of 2.5 m/s. The wire rope has a diameter of 40 mm and a breaking load of 1200 kN. The angle of wrap is 6 turns. The static factor of safety is 5. Calculate the maximum allowable slip of the wire rope in m/s.,0.05 m/s,0.10 m/s,0.15 m/s,0.20 m/s,2
448,Mining Machinery & Materials Handling,Koepe winder slip criteria,7,A Koepe winder is used to lift 1500 kg of rock per minute at a speed of 3 m/s. The diameter of the wire rope is 50 mm. The maximum permissible slip is 2% of the load. The static factor of safety of the wire rope is 5. Determine the minimum power required to lift the load.,15.6 kW,22.4 kW,31.2 kW,40.8 kW,2
449,Mining Machinery & Materials Handling,Koepe winder slip criteria,7,"A Koepe winder is used to lift 1500 t/h of coal. The rope diameter is 100 mm and the rope speed is 10 m/s. If the rope is subjected to a tensile force of 100 kN, determine the slip criterion for the winder. Assume the rope is made of a material with a Young's modulus of 200 GPa.",0.0025,0.005,0.01,0.015,1
450,Mining Machinery & Materials Handling,Koepe winder slip criteria,7,"A Koepe winder is used for hauling a coal rope with a diameter of 120 mm and a mass per unit length of 0.5 kN/m. If the rope is subjected to a tensile force of 200 kN, what is the maximum allowable slip velocity in m/s? Assume a static factor of safety of 2 and a coefficient of friction between the rope and the sheave of 0.2.",0.05 m/s,0.1 m/s,0.15 m/s,0.2 m/s,2
451,Mining Machinery & Materials Handling,Koepe winder slip criteria,7,"A Koepe winder is used to lift 1000 t/h of ore in a mine. The wire rope has a diameter of 40 mm and a breaking load of 120 kN. The angle of wrap is 6. If the winder is operating at a speed of 2.5 m/s and the load is 50 m above the winder, determine the maximum allowable slip (in %) of the wire rope.",2.5%,3.2%,4.1%,5.0%,1
452,Mining Machinery & Materials Handling,Koepe winder slip criteria,7,"A Koepe winder is used to lift 1000 t/h of coal at a speed of 2.5 m/s. The effective angle of wrap is 5. The wire rope has a diameter of 80 mm and a breaking load of 120 kN. If the static factor of safety is 3, determine the maximum permissible load on the wire rope.",120 kN,150 kN,180 kN,200 kN,2
453,Mining Machinery & Materials Handling,Koepe winder slip criteria,7,"A Koepe winder is used to haul a rope with a mass of 1000 kg/m. The rope is wrapped around a drum with a radius of 1.2 m. If the rope is subjected to a tension of 50 kN, determine the maximum allowable slip velocity (in m/min) for the winder to prevent rope damage. Given: density of rope = 80 kg/m³, coefficient of friction = 0.2.",10.2 m/min,12.5 m/min,15.8 m/min,18.2 m/min,2
454,Mining Machinery & Materials Handling,Koepe winder slip criteria,7,"A Koepe winder is designed to handle a 10 m³/s flow rate of coal. The winder's drum diameter is 3.5 m. If the winder's slip is limited to 10% and the effective angle of wrap is 4π/3, determine the maximum permissible torque (in kN·m) on the drum.",1400,1750,2100,2450,2
455,Mining Machinery & Materials Handling,Koepe winder slip criteria,7,A Koepe winder is used to haul a 10 m long rope with a diameter of 50 mm. The rope is subjected to a tensile load of 500 kN. The rope's ultimate tensile strength is 1200 MPa. The rope's working stress is 60% of its ultimate tensile strength. Determine the minimum speed of the winder in m/min to prevent rope slip.,150 m/min,200 m/min,250 m/min,300 m/min,2
456,Mining Machinery & Materials Handling,Koepe winder slip criteria,7,"A Koepe winder is designed to lift 1000 t/h of ore at a speed of 2.5 m/s. If the wire rope has a diameter of 60 mm and a breaking load of 200 kN, determine the maximum permissible slip (s) in meters. The static factor of safety (SF) is specified as 4. Take the acceleration due to gravity (g) as 9.81 m/s².",0.012 m,0.015 m,0.018 m,0.022 m,2
457,Mining Machinery & Materials Handling,Koepe winder slip criteria,7,A Koepe winder is used in a coal mine to lift 1500 kN of load at a speed of 2.5 m/s. The wire rope has a breaking load of 2500 kN and a diameter of 60 mm. The angle of wrap is 5. The static factor of safety is 4. Calculate the slip velocity (in m/s) of the wire rope.,0.125,0.25,0.5,1,2
458,Mining Machinery & Materials Handling,Koepe winder slip criteria,7,"A Koepe winder is used to lift 1000 t/h of coal at a speed of 2.5 m/s. If the wire rope has a diameter of 50 mm and a breaking load of 150 kN, determine the minimum tension required to prevent slip, given that the static factor of safety is 5. Assume the angle of wrap is 4π radians.",120 kN,150 kN,180 kN,200 kN,2
459,Mining Machinery & Materials Handling,Koepe winder slip criteria,7,"A Koepe winder is to be designed to handle a 10 m³/s flow rate of rock with a density of 1600 kg/m³. If the winder is to be operated at a speed of 3.5 m/s, and the maximum allowable slip is 5%, determine the required tension in the rope. The rope has a static factor of safety of 4.5. Assume the rope's breaking strength is 250 kN.",120 kN,150 kN,180 kN,200 kN,2
460,Surface & Underground Mining Methods,Bord and Pillar depillaring,7,"A bord and pillar mine with a panel width of 6.5 m and a pillar width of 4.2 m has a coal seam thickness of 2.1 m. If the average density of the coal is 1.35 t/m³ and the average strength of the coal is 3.8 MPa, what is the maximum powder factor for safe depillaring? Assume a blasthole diameter of 0.15 m and a powder factor of 0.7 kg/m³.",0.45 kg/m³,0.55 kg/m³,0.65 kg/m³,0.75 kg/m³,2
461,Surface & Underground Mining Methods,Bord and Pillar depillaring,7,A bord and pillar mine is being operated at a depth of 400 m. The pillar size is 6 m x 6 m and the extraction ratio is 0.7. The in situ stress is 10 MPa. The rock mass modulus is 10^6 Ns²/m⁸. The powder factor for the depillaring blast is 0.5 kg/m³. Calculate the stripping ratio.,0.8,0.9,1.1,1.2,2
462,Surface & Underground Mining Methods,Bord and Pillar depillaring,7,"In a bord and pillar mine, the pillars are to be depillared at the end of the mine's life. The pillar dimensions are 6 m x 6 m x 12 m. The uniaxial compressive strength of the coal is 25 MPa. The pillar is to be depillared by blasting. If the powder factor for the blast is 0.6 kg/m³, what is the total energy released in the blast?",1500 kJ,1800 kJ,2000 kJ,2500 kJ,2
463,Surface & Underground Mining Methods,Bord and Pillar depillaring,7,"A bord and pillar mine has a pillar size of 6 m x 6 m x 6 m. If the average density of the coal is 1.4 t/m³, and the pillar is to be extracted by depillaring, what is the volume of coal to be excavated per pillar, assuming a 5% extraction ratio? The extraction ratio is defined as the ratio of extracted coal to the total coal in the pillar.",36 m³,40.8 m³,45 m³,50.4 m³,1
464,Surface & Underground Mining Methods,Bord and Pillar depillaring,7,"A bord and pillar mine has a pillar size of 5 m x 5 m x 10 m. If the average density of the rock is 2.7 t/m³, calculate the weight of the pillar in kN.",14.1 kN,21.6 kN,28.2 kN,35.7 kN,2
465,Surface & Underground Mining Methods,Bord and Pillar depillaring,7,"A bord and pillar mine has a coal seam of 3.5 m thickness. The pillar width is 4.2 m and the spacing between pillars is 6.5 m. If the average density of coal is 1.4 t/m³ and the average density of the pillar material is 2.2 t/m³, calculate the stripping ratio (SR) for this mine.",1.23,1.45,1.67,1.89,2
466,Surface & Underground Mining Methods,Bord and Pillar depillaring,7,"A bord and pillar mine has a pillar size of 6 m x 6 m x 12 m. The coal seam has a thickness of 3.5 m. If the coal density is 1.4 t/m³ and the pillar strength is 0.8 MPa, determine the maximum allowable pillar stress (σ) in MPa, considering the pillar weight and the weight of the overlying coal.",0.6 MPa,0.8 MPa,1.2 MPa,1.6 MPa,2
467,Surface & Underground Mining Methods,Bord and Pillar depillaring,7,"A bord and pillar mine has a pillar size of 6 m x 6 m x 8 m. The rock mass has a uniaxial compressive strength of 120 MPa. If the pillar is to be depillared by blasting, the total explosive energy required per cubic meter of rock is 0.5 kJ/m³. The blast powder factor is 0.6 kg/m³. Calculate the total energy released by the explosive in kN·m.",450 kN·m,500 kN·m,550 kN·m,600 kN·m,2
468,Engineering Mathematics,Matrix eigenvalues,8,"A square matrix A has eigenvalues λ1 = 4, λ2 = 5, and λ3 = 6. If A is a 3x3 matrix, the value of the expression [A^2]11 is closest to:",20,30,40,50,2
469,Engineering Mathematics,Matrix eigenvalues,8,"A square matrix A has eigenvalues λ1 = 2 and λ2 = 3. If A is a 3x3 matrix, the value of the expression |A^2 - 5A + 6I| is closest to:",0.01 kN,0.1 kN,1 kN,10 kN,2
470,Engineering Mathematics,Matrix eigenvalues,8,"A square matrix A has eigenvalues λ1 = 3 and λ2 = -2. If A is a 3x3 matrix with a determinant of 6, and a characteristic equation of (λ + 2)(λ - 3)^2 = 0, what is the value of the matrix A when raised to the power of 2, multiplied by its inverse, and then multiplied by the vector [1, 2, 3]T? The matrix A is given by A = [[a, b, c], [d, e, f], [g, h, i]].","A^2 * A^-1 * [1, 2, 3]T = [12, -24, 36]T","A^2 * A^-1 * [1, 2, 3]T = [-6, 12, -18]T","A^2 * A^-1 * [1, 2, 3]T = [0, 0, 0]T","A^2 * A^-1 * [1, 2, 3]T = [18, -36, 54]T",1
471,Engineering Mathematics,Matrix eigenvalues,8,"A square matrix A has eigenvalues λ1 = 2 and λ2 = 3. If A is a 3x3 matrix, the value of |A - 4I| is (in MPa):",0,6,12,18,2
472,Engineering Mathematics,Matrix eigenvalues,8,"A square matrix A has eigenvalues λ1 = 3 and λ2 = 4. If A is a 3x3 matrix, the value of the determinant of (A - 3I) is",0 kN,-27 kN,27 kN,-81 kN,2
473,Engineering Mathematics,Matrix eigenvalues,8,"A square matrix A has eigenvalues λ1 = 3, λ2 = 4, and λ3 = 5. If A is a 3x3 matrix, and its determinant is 60, then the value of the expression [A^2 + 2A + I] / (1 - λ1)(1 - λ2)(1 - λ3) is equal to",15.5,16.0,17.5,18.0,1
474,Engineering Mathematics,Matrix eigenvalues,8,"A square matrix A has eigenvalues λ1 = 3, λ2 = 4, and λ3 = 5. If A is a 3x3 matrix, the value of the expression (A^2 - 4A + 3I) (A - 5I) is equal to kI, where I is the identity matrix. The value of k is",150,180,200,210,2
475,General Aptitude & Reasoning,Logical deduction,8,"A conveyor belt is moving at a speed of 4.5 m/s. A box is placed on the belt and it travels a distance of 120 m in 30 seconds. If the belt is suddenly stopped, the box will take 2.5 seconds to stop. What is the average deceleration (in m/s²) of the box?",10.8 m/s²,12.5 m/s²,15.6 m/s²,18.2 m/s²,2
476,General Aptitude & Reasoning,Logical deduction,8,"A cylindrical tank of diameter 2m and height 1.5m is filled with water. If the water is flowing out of the tank at a rate of 0.1 m³/s, how much time (in seconds) will it take to empty the tank?",900 s,1000 s,1200 s,1500 s,2
477,General Aptitude & Reasoning,Logical deduction,8,"A conveyor belt moves at a speed of 3 m/s and carries a load of 5 kN. If the belt is 10 m long and the load is uniformly distributed, calculate the maximum pressure exerted on the belt. Assume the belt has a rectangular cross-section of 0.5 m x 0.2 m. If the belt is subjected to a tangential force of 100 N, what is the percentage increase in the maximum pressure?",10% increase in pressure,15% increase in pressure,20% increase in pressure,25% increase in pressure,2
478,General Aptitude & Reasoning,Logical deduction,8,"A conveyor belt is 100 m long and is moving at a speed of 2 m/s. A box is placed at one end of the belt and is released. The box travels 60 m before coming to rest due to friction. Assuming a uniform deceleration, calculate the time taken by the box to cover the next 30 m of the belt.",15 s,20 s,25 s,30 s,2
479,General Aptitude & Reasoning,Logical deduction,8,"A conveyor belt is moving at a speed of 2.5 m/s. It is carrying a load of 500 kg. If the belt is 10 m long and the load is distributed uniformly, what is the minimum time required to stop the load using a frictional braking system that can exert a force of 5 kN?",0.4 s,0.8 s,1.2 s,1.6 s,2
480,General Aptitude & Reasoning,Logical deduction,8,"A conveyor belt is moving at a speed of 5 m/s. It is carrying a load of 10 kN. If the belt is 10 m long and the load is uniformly distributed, what is the minimum power required to move the load at a constant speed, assuming a coefficient of friction between the belt and the load is 0.2?",100 W,200 W,500 W,1000 W,2
481,General Aptitude & Reasoning,Logical deduction,8,"A conveyor belt is moving at a speed of 2.5 m/s. A box of mass 500 kg is placed on the conveyor belt. If the coefficient of kinetic friction between the box and the belt is 0.2, and the angle of inclination of the conveyor belt is 20°, what is the maximum acceleration (in m/s²) that the conveyor belt can have to prevent the box from slipping?",1.25 m/s²,2.5 m/s²,5.0 m/s²,10.0 m/s²,2
482,General Aptitude & Reasoning,Logical deduction,8,"A conveyor belt is moving at a speed of 2.5 m/s. It is carrying a load of 5000 kg. The power required to move the load is 10 kW. If the efficiency of the conveyor belt is 80%, calculate the power required to move the load if the speed of the conveyor belt is increased to 3.5 m/s.",12.5 kW,15 kW,18.75 kW,20 kW,2
483,General Aptitude & Reasoning,Logical deduction,8,"A pipe of length 10 m is filled with water at a rate of 0.2 m³/s. If the pipe has a uniform cross-sectional area of 0.05 m², calculate the time taken for the water level to rise by 2 m.",20 seconds,25 seconds,30 seconds,35 seconds,2
484,General Aptitude & Reasoning,Logical deduction,8,"A cylindrical tank with a height of 10 m and a radius of 4 m is being filled at a rate of 0.5 m³/s. The water level in the tank is currently at 2 m from the bottom. If the tank is being filled for 2 hours, what is the approximate percentage increase in the water level in the tank?",3.5%,4.2%,6.1%,8.5%,2
485,General Aptitude & Reasoning,Logical deduction,8,"A conveyor belt transports coal from a mine at a rate of 200 kg/s. The coal is to be fed into a crusher, which operates at a maximum capacity of 1000 m³/s. If the density of coal is 1.2 t/m³, what percentage of the crusher's capacity is utilized by the conveyor belt?",25%,30%,35%,40%,2
486,General Aptitude & Reasoning,Logical deduction,8,"A water tank has a cylindrical shape with a height of 10 m and a radius of 4 m. Water is being pumped into the tank at a rate of 0.5 m³/s. If the initial water level is at 2 m, how much time (in seconds) will it take to fill the tank to 75% of its capacity?",240 s,360 s,480 s,600 s,2
487,General Aptitude & Reasoning,Data Interpretation,8,"A rectangular water tank has dimensions 6m x 4m x 3m. If the tank is filled at a rate of 0.5 m³/s and the water level rises uniformly, what is the time taken to fill the tank, given that 20% of the tank's volume is filled in the first 10 minutes?",15 minutes,20 minutes,25 minutes,30 minutes,2
488,General Aptitude & Reasoning,Logical deduction,8,"A rectangular water tank has a length of 4 m and a width of 3 m. The height of the tank is 2 m. Water is flowing into the tank at a rate of 0.5 m³/s. If the water level is expected to rise by 1.5 m in the next 10 minutes, calculate the percentage of the tank's capacity that will be filled. Assume the tank is initially empty.",25%,30%,35%,40%,2
489,General Aptitude & Reasoning,Logical deduction,8,"A conveyor belt transports coal at a rate of 2.5 m³/s. The coal is fed into a storage bin at a height of 15 m. The bin has a rectangular base with dimensions 6 m × 8 m. If the coal is to be stored for 5 hours, calculate the total pressure exerted on the bin's base, assuming a uniform distribution of coal. (Take g = 9.81 m/s² and ρ = 800 kg/m³).",14.7 kPa,18.9 kPa,23.1 kPa,28.5 kPa,2
490,General Aptitude & Reasoning,Logical deduction,8,"A water tank is being filled at a rate of 2.5 m³/s. A pump is used to empty the tank at a rate of 0.8 m³/s. If the tank has a capacity of 1500 m³, how many hours will it take to fill the tank if the pump is used to empty the tank for the first 10% of its capacity?",8 hours,9 hours,10 hours,11 hours,2
491,General Aptitude & Reasoning,Logical deduction,8,"A cylindrical tank with a height of 10 m and a radius of 4 m is being filled at a rate of 0.5 m³/s. If the tank is 3/4 full, what is the rate at which the water level is rising, in m/s?",0.125 m/s,0.25 m/s,0.375 m/s,0.5 m/s,2
492,General Aptitude & Reasoning,Logical deduction,8,"A conveyor belt is moving at a speed of 5 m/s. A 2-tonne load is placed on the belt. If the belt is 100 m long and the load is distributed uniformly, what is the pressure exerted by the load on the belt? Assume the density of the load is 8000 kg/m³. The cross-sectional area of the belt is 0.2 m².",20 kPa,25 kPa,30 kPa,35 kPa,2
493,General Aptitude & Reasoning,Logical deduction,8,"A conveyor belt, 100 m long, is moving at 2 m/s. A box, weighing 5 kN, is placed at one end of the belt. If the belt accelerates uniformly at 0.5 m/s², what is the minimum time required for the box to reach the other end of the belt, given that the coefficient of kinetic friction between the box and the belt is 0.2?",20 s,25 s,30 s,35 s,2
494,General Aptitude & Reasoning,Logical deduction,8,"A conveyor belt transports coal at a rate of 120 m³/s. If the coal is to be stored in a silo with a capacity of 5000 m³, how many hours will it take to fill the silo, assuming the conveyor belt operates for 8 hours a day, 5 days a week, and there are 2 conveyor belts operating simultaneously?",The silo will be filled in 10 days,The silo will be filled in 12 days,The silo will be filled in 15 days,The silo will be filled in 20 days,2
495,General Aptitude & Reasoning,Logical deduction,8,"A water tank is in the shape of a right circular cylinder with a height of 10 m and a base radius of 4 m. Water is flowing out of the tank at a rate of 0.2 m³/s. If the density of water is 1000 kg/m³, calculate the power (in kW) being used to pump water out of the tank.",4.8 kW,6.4 kW,8.0 kW,10.7 kW,2
496,General Aptitude & Reasoning,Logical deduction,8,"A conveyor belt transports coal at a rate of 1200 kg/h. It is 50 m long and has a mass of 1500 kg. If the coal is being fed at a rate of 0.5 m³/s, and the belt is moving at a speed of 2.5 m/s, what is the minimum power required to transport the coal, assuming a friction coefficient of 0.2? (Take g = 9.81 m/s²)",6.93 kW,7.23 kW,7.53 kW,8.12 kW,2
497,Geomechanics & Ground Control,Mohr-Coulomb failure,8,"A coal mine has a rock mass with the following properties: RMR = 45, Q = 5.5, and the uniaxial compressive strength of the rock is 120 MPa. The rock mass is subjected to a major principal stress of 10 MPa and a minor principal stress of 5 MPa. Calculate the major principal stress required to initiate shear failure using the Mohr-Coulomb failure criterion, assuming the angle of internal friction is 30° and the cohesion is 1.5 MPa.",15.0 MPa,16.2 MPa,17.5 MPa,18.9 MPa,2
498,Geomechanics & Ground Control,Mohr-Coulomb failure,8,"A rock mass has a cohesion (c) of 0.5 MPa and an angle of internal friction (φ) of 30°. A vertical pillar of 2 m diameter and 10 m height is excavated in the rock mass. If the pillar is subjected to a major principal stress (σ1) of 5 MPa and a minor principal stress (σ2) of 2 MPa, calculate the factor of safety (FoS) against failure using the Mohr-Coulomb criterion. Assume the weight of the pillar is negligible.",1.25,1.50,1.75,2.00,2
499,Geomechanics & Ground Control,Mohr-Coulomb failure,8,"A coal mine has a rock mass with a uniaxial compressive strength of 30 MPa. The rock mass is classified as RMR = 55. If a rock bolt is installed with an anchor length of 2 m and a diameter of 25 mm, and the rock bolt is subjected to a tensile load of 100 kN, what is the factor of safety against failure using the Barton Q-system, assuming a tributary area of 1 m²?","Q = 2.5, fs = 1.8","Q = 2.5, fs = 2.2","Q = 2.2, fs = 1.8","Q = 2.2, fs = 2.2",1
500,Geomechanics & Ground Control,Mohr-Coulomb failure,8,"A coal mine is excavated at a depth of 250 m. The in-situ rock mass has a uniaxial compressive strength of 35 MPa. The rock mass rating (RMR) is 55. The major and minor principal stresses are 20 MPa and 10 MPa, respectively. A rock bolt is installed with an anchor length of 2 m and an anchor diameter of 25 mm. The rock bolt capacity is given by the equation: Q = 0.1 ∗ f ∗ A ∗ L, where f is the anchor strength, A is the anchor area, and L is the anchor length. Determine the rock bolt capacity in kN.",10.0,12.5,15.0,17.5,2
501,"Mine Planning, Geostatistics & Economics",Net Present Value,8,A mining project has an initial investment of ₹ 10 crores and a life of 5 years. The annual operating cost is ₹ 2 crores and the annual revenue is ₹ 4 crores. The project has a semivariogram model with a spherical semivariogram model with a sill of 100 Ns²/m⁸ and a nugget effect of 10 Ns²/m⁸. The Ordinary Kriging estimation variance is 20 Ns²/m⁸. Calculate the Net Present Value (NPV) of the project using a discount rate of 10%.,₹ 12.5 crores,₹ 15.0 crores,₹ 17.5 crores,₹ 20.0 crores,1
502,"Mine Planning, Geostatistics & Economics",Net Present Value,8,"A mining project has an initial investment of ₹ 2.5 crores and an expected annual revenue of ₹ 1.2 crores. The project has a useful life of 5 years and a residual value of ₹ 0.5 crores. The discount rate is 12% per annum. If the spherical semivariogram model has a sill of 100 Ns²/m⁸ and a nugget effect of 50 Ns²/m⁸, and the Ordinary Kriging estimation variance is 20 Ns²/m⁸, what is the Net Present Value (NPV) of the project in ₹?",₹ 4.32 crores,₹ 4.50 crores,₹ 4.68 crores,₹ 5.00 crores,2
503,"Mine Planning, Geostatistics & Economics",Net Present Value,8,"A mine is projected to produce 100,000 tonnes of ore per year for the next 10 years. The operating cost is estimated to be Rs. 50,000 per tonne and the selling price is estimated to be Rs. 70,000 per tonne. The initial investment required for the mine is Rs. 5 crores. The discount rate is 12% per annum. Calculate the Net Present Value (NPV) of the mine.",Rs. 2.35 crores,Rs. 2.50 crores,Rs. 2.65 crores,Rs. 2.80 crores,2
504,"Mine Planning, Geostatistics & Economics",Net Present Value,8,A mining company is planning to invest in an underground coal mine. The initial investment required is ₹ 10 crores. The annual operating cost is ₹ 5 crores. The mine is expected to produce 2.5 million tonnes of coal per year for 15 years. The selling price of coal is ₹ 300 per tonne. The company expects a 10% annual increase in coal prices. The discount rate is 12%. Calculate the Net Present Value (NPV) of the mine.,₹ 2.35 crores,₹ 2.55 crores,₹ 2.75 crores,₹ 3.05 crores,2
505,"Mine Planning, Geostatistics & Economics",Mine Planning,8,A mining company is planning to invest in a new project with an initial capital expenditure of ₹ 50 crores. The project is expected to generate a revenue of ₹ 15 crores per annum for the next 10 years. The company's cost of capital is 12% per annum. Calculate the Net Present Value (NPV) of the project using a discount rate of 10% per annum. Assume a spherical semivariogram model with a sill of 10 Ns²/m⁸ and a nugget effect of 2 Ns²/m⁸. Ordinary Kriging estimation variance is 1.5 Ns²/m⁸. The mine's geology is expected to have an average grade of 1.2% Cu. The project's IRR is expected to be 15% per annum. What is the NPV of the project?,₹ 27.36 crores,₹ 32.19 crores,₹ 37.02 crores,₹ 41.85 crores,2
506,"Mine Planning, Geostatistics & Economics",Net Present Value,8,"A mining project has a capital cost of ₹ 1,00,00,000 and an annual operating cost of ₹ 5,00,000. The project is expected to produce 5000 tonnes of ore per year for 10 years, with an average grade of 2% Cu. The price of copper is ₹ 45/kg. Calculate the Net Present Value (NPV) of the project, assuming a discount rate of 10% per annum. The semivariogram model for the copper grade is given by: γ(h) = C0 + C1 × (3 - 3📝h/r)^2, where C0 = 0.1 and C1 = 0.05. The nugget effect is negligible. Ordinary Kriging estimation variance is 0.01. What is the NPV of the project in ₹?","₹ 9,50,00,000","₹ 10,50,00,000","₹ 11,50,00,000","₹ 12,50,00,000",2
507,Mine Surveying & Geomatics,Bowditch rule traverse closing error,8,"A mine survey traverse consists of 8 angles and 9 sides. The traverse is closed using the Bowditch rule. If the closing error is 3.72 m and the average length of the sides is 50 m, determine the probable error in the traverse. Given: Leveling sensitivity = 1 in 10,000, EDM correction for temperature = 0.5 ppm/°C.",0.012 m,0.015 m,0.018 m,0.022 m,2
508,Mine Surveying & Geomatics,Bowditch rule traverse closing error,8,"A mine survey traverse has the following angles and distances: 

A = 67° 30', B = 90°, C = 76° 20', D = 85° 40', E = 65° 10', F = 75° 40', G = 90°, H = 70° 20', I = 85° 10', J = 60° 30'. 

Calculate the closing error using the Bowditch rule, if the measured value of AB is 250.5 m and CD is 320.8 m, and the computed value of EF is 240.2 m, GH is 310.5 m, and IJ is 220.9 m.",0.123 m,0.234 m,0.098 m,0.156 m,2
509,Mine Surveying & Geomatics,Bowditch rule traverse closing error,8,"A traverse consists of 8 lines with the following details: 
Line 1: Azimuth = 60°, Distance = 150 m, 
Line 2: Azimuth = 120°, Distance = 200 m, 
Line 3: Azimuth = 180°, Distance = 100 m, 
Line 4: Azimuth = 240°, Distance = 250 m, 
Line 5: Azimuth = 300°, Distance = 180 m, 
Line 6: Azimuth = 360°, Distance = 220 m, 
Line 7: Azimuth = 20°, Distance = 260 m, 
Line 8: Azimuth = 280°, Distance = 190 m. The traverse is closed using the Bowditch rule. If the calculated closing error is 1.2 m, what is the value of the missing line distance?",284.92 m,285.92 m,286.92 m,287.92 m,2
510,Mine Surveying & Geomatics,Bowditch rule traverse closing error,8,"A mine survey traverse consists of 5 stations with the following angles and distances: 

 Station 1 to 2: 60°, 100 m 
 Station 2 to 3: 120°, 120 m 
 Station 3 to 4: 30°, 80 m 
 Station 4 to 5: 90°, 150 m 
 Station 5 to 1: 150°, 200 m 

 The traverse is closed using the Bowditch rule. If the calculated closing error is 0.03 m, determine the EDM correction (in mm) to be applied to the last line of the traverse.",2.4 mm,2.7 mm,3.1 mm,3.5 mm,2
511,Mine Surveying & Geomatics,Bowditch rule traverse closing error,8,"A mine survey traverse consists of 5 sides with the following distances in meters: AB = 250.00, BC = 180.00, CD = 320.00, DE = 140.00, EA = 210.00. The angles are: ∠ABC = 120°30', ∠BCD = 145°10', ∠CDE = 95°20', ∠DEA = 110°40', ∠EAB = 105°50'. If the traverse is closed using the Bowditch rule, and the error in closing is found to be 1.2 m, what is the value of the EDM correction (in mm) that should be applied to the last side EA to bring the traverse to closure?",4.2 mm,4.5 mm,4.8 mm,5.1 mm,2
512,Mine Surveying & Geomatics,Bowditch rule traverse closing error,8,"A mine surveyor is conducting a traverse survey using the Bowditch rule. The survey involves three closed loops, and the results are as follows: Loop 1: 100.0 m, Loop 2: 120.0 m, Loop 3: 110.0 m. The surveyor wants to compute the closing error of the traverse. If the EDM correction for the traverse is 1.2 mm and the leveling sensitivity is 1.5 mm/m, what is the magnitude of the closing error in meters?",0.012 m,0.015 m,0.022 m,0.025 m,2
513,Mine Surveying & Geomatics,Bowditch rule traverse closing error,8,"A mine survey traverse consists of 7 stations. The closing error using Bowditch's rule is 1.25 m. If the traverse is to be adjusted, the length of the missing line is required. If the length of the missing line is 250 m, what is the sensitivity of the leveling instrument used in the traverse? Assume the EDM correction is 0.05 m.",0.0005 m/Ns,0.0008 m/Ns,0.0012 m/Ns,0.0015 m/Ns,2
514,Mine Ventilation & Environment,Atkinson's friction law,8,"A ventilation airway is 1000 m long and has a diameter of 2.5 m. The airway is to be ventilated by a fan with a power of 100 kW. If the air density is 1.2 kg/m³, the pressure drop due to friction is 0.8 kPa. Using Atkinson's friction law, determine the fan's operating point on its characteristic curve, assuming a fan efficiency of 80%. The air flow rate is 5 m³/s.","The fan's operating point is at 0.6 m³/s, 0.5 kPa","The fan's operating point is at 1.2 m³/s, 0.8 kPa","The fan's operating point is at 1.8 m³/s, 1.1 kPa","The fan's operating point is at 2.4 m³/s, 1.4 kPa",1
515,Mine Ventilation & Environment,Atkinson's friction law,8,"A mine ventilation system uses a fan to supply air to a 100 m long, 2 m diameter underground tunnel. The air flow rate is 10 m³/s. The fan's characteristic curve is given by Q = 2.5 × P^0.8, where Q is the air flow rate in m³/s and P is the fan power in kW. The pressure drop due to friction in the tunnel is given by −ΔP = 1.5 × v^2, where −ΔP is in kPa and v is the air velocity in m/s. If the fan operates at 75% of its maximum power, what is the pressure difference across the fan?",15.6 kPa,20.5 kPa,25.4 kPa,30.1 kPa,2
516,Mine Ventilation & Environment,Atkinson's friction law,8,"A mine ventilation fan is installed in a 100 m long duct with a diameter of 1.5 m. The air flow rate is 2.5 m³/s. The fan is operating at a pressure of 0.8 kPa. Using Atkinson's friction law, calculate the pressure drop (in kPa) across the fan. The value of the friction factor (f) is 0.02. Assume the air density is 1.2 kg/m³.",0.64 kPa,0.96 kPa,1.28 kPa,1.92 kPa,2
517,Mine Ventilation & Environment,Atkinson's friction law,8,"A mine ventilation fan with a diameter of 2.5 m and a length of 5 m is installed in a 45° bend. The air flow rate is 10 m³/s. The air density is 1.2 kg/m³. The fan's characteristic curve is given by the equation: Head (m) = 0.05 × (Flow rate (m³/s))². Using Atkinson's friction law, determine the pressure drop (kPa) across the bend, considering the fan's head and the natural ventilation pressure (0.05 Ns²/m⁸).",10.4 kPa,12.1 kPa,14.5 kPa,16.8 kPa,2
518,Mine Ventilation & Environment,Atkinson's friction law,8,"A ventilation system in a coal mine has a 100 m long duct with a diameter of 2 m. The air flow rate is 10 m³/s. The fan installed has a characteristic curve with a head coefficient (C_H) of 0.9 and a flow coefficient (C_F) of 1.2. The air density is 1.2 kg/m³. The friction factor (f) is to be determined using Atkinson's friction law. Assuming a pressure drop of 10 kPa over the duct length, what is the value of f?",0.012 Ns²/m⁸,0.015 Ns²/m⁸,0.018 Ns²/m⁸,0.020 Ns²/m⁸,2
519,Mine Ventilation & Environment,Atkinson's friction law,8,"A ventilation system in a mine has a fan with a characteristic curve given by Q = 0.5 × (ΔP)^1.2, where Q is the airflow rate in m³/s and ΔP is the pressure difference across the fan in kPa. If the fan is operating at a pressure difference of 10 kPa, determine the airflow rate through the fan. Assuming the friction factor for the duct is 0.02, use Atkinson's friction law to calculate the additional pressure drop due to friction in a 100 m long duct with a diameter of 1 m.",5.66 m³/s,6.32 m³/s,7.98 m³/s,9.52 m³/s,2
520,Mine Ventilation & Environment,Atkinson's friction law,8,"A mine ventilation fan is installed in a 10 m long and 1.5 m diameter straight duct. The air flow rate is 0.2 m³/s and the air density is 1.2 kg/m³. The fan has a characteristic curve with a head coefficient (C_H) of 1.5. Using Atkinson's friction law, determine the pressure drop (ΔP) in the duct. Assume the air velocity (V) is 10 m/s. The friction factor (f) for the duct is 0.02.",0.5 kPa,1.2 kPa,2.5 kPa,4.0 kPa,2
521,Mine Ventilation & Environment,Atkinson's friction law,8,"A mine air fan is operating at a flow rate of 10 m³/s. The fan characteristic curve shows that the fan is operating at a pressure of 2.5 kPa at this flow rate. If the air flow is passing through a 100 m long duct with a diameter of 1.2 m, and the air is at a temperature of 25°C, calculate the power required to overcome the frictional resistance using Atkinson's friction law. The friction factor (f) for the duct is 0.015.",15.63 kW,18.18 kW,20.83 kW,23.48 kW,2
522,Mine Ventilation & Environment,Atkinson's friction law,8,"A mine ventilation system uses a fan to supply air to a 100 m long, 2 m diameter tunnel. The air velocity is 10 m/s. The fan has a head-discharge characteristic curve given by H = 0.5 * Q^2.5, where H is in m and Q is in m^3/s. The air is flowing through a 90° bend with a radius of 10 m. Assuming a friction factor of 0.02, calculate the total head loss (in m) due to the bend and the fan.",5.0,10.0,15.0,20.0,2
523,Mining Machinery & Materials Handling,Koepe winder slip criteria,8,"A Koepe winder is used to lift 1000 t/h of coal at a speed of 10 m/s. The wire rope has a diameter of 80 mm and a breaking force of 500 kN. If the static factor of safety is 5, determine the maximum allowable tension in the wire rope. Given: angle of wrap = 3 rad, coefficient of friction = 0.2, and the specific gravity of coal = 1.4. Assume the coal density to be 1200 kg/m³. If the calculated tension exceeds the breaking force, what is the percentage of the slip criterion?",180 kN,200 kN,220 kN,240 kN,3
524,Mining Machinery & Materials Handling,Koepe winder slip criteria,8,"A Koepe winder is used to lift 100 m³/s of rock at a speed of 2 m/s. If the angle of wrap is 6 and the breaking load of the wire rope is 2.5 MN, calculate the minimum diameter of the wire rope required to ensure a static factor of safety of 5. Assume the rope is made of a material with a yield strength of 800 MPa.",0.15 m,0.20 m,0.25 m,0.30 m,2
525,Mining Machinery & Materials Handling,Koepe winder slip criteria,8,"A Koepe winder is used in a coal mine to lift 100 m³/s of rock at a speed of 2.5 m/s. The wire rope has a diameter of 80 mm and a mass per unit length of 0.02 kg/m. The angle of wrap is 4π/3. If the maximum allowable slip is 10%, calculate the minimum static factor of safety required for the wire rope.",1.2,1.5,1.8,2.2,2
526,Mining Machinery & Materials Handling,Koepe winder slip criteria,8,"A Koepe winder is used in a coal mine to lift 1000 kg/m³ coal at a speed of 10 m/s. The wire rope has a diameter of 50 mm and a breaking load of 120 kN. If the rope is subjected to a tension of 80 kN, determine the static factor of safety of the rope. Assume the coefficient of friction between the rope and the drum is 0.25.",1.2,1.5,1.8,2.0,2
527,Mining Machinery & Materials Handling,Koepe winder slip criteria,8,"A Koepe winder is used to lift 1000 m³/s of rock at a head of 500 m. The wire rope has a diameter of 0.1 m and a breaking load of 4 MN. The static factor of safety is 5. The angle of wrap is 8 rad. Calculate the maximum permissible speed of the winding drum in m/min, considering the slip criteria.",250 m/min,300 m/min,350 m/min,400 m/min,2
528,Mining Machinery & Materials Handling,Belt conveyor power,8,"A belt conveyor is transporting limestone at a speed of 4.2 m/s. The mass flow rate of limestone is 1200 kg/min. The power required to transport the limestone is given by the formula P = (m × g × v), where m is the mass flow rate, g is the acceleration due to gravity (9.81 m/s²) and v is the velocity. Calculate the power required to transport the limestone. Assume the density of limestone to be 2.6 t/m³.",15.5 kW,18.2 kW,20.9 kW,24.1 kW,2
529,Mining Machinery & Materials Handling,Koepe winder slip criteria,8,"A Koepe winder is used in a coal mine to lift a 50 t load at a speed of 2.5 m/s. The wire rope has a diameter of 80 mm and a breaking load of 200 kN. The angle of wrap around the drum is 6π rad. If the coefficient of friction between the rope and the drum is 0.2, what is the minimum static factor of safety (f) required to prevent slip? Assume the weight of the load (W) is 50 kN.",f = 2.5,f = 3.2,f = 4.0,f = 5.0,2
530,Mining Machinery & Materials Handling,Koepe winder slip criteria,8,A Koepe winder is used to lift 2000 t/h of coal at a speed of 5 m/s. The wire rope has a diameter of 80 mm and a breaking load of 1000 kN. The static factor of safety is 5. The angle of wrap is 4. The coefficient of friction between the wire rope and the drum is 0.2. Determine the maximum permissible slip (in %) for the given operating conditions.,2.5%,3.5%,4.5%,5.5%,2
531,Surface & Underground Mining Methods,Bord and Pillar depillaring,8,"A bord and pillar mine with a dimension of 100 m x 100 m x 50 m is to be depillared. The pillar strength is given by the equation: σ = 1.2 - 0.005h, where σ is in MPa and h is the height of the pillar in m. If the average height of the pillars is 20 m, what is the average pillar strength? The mine is to be depillared using a longwall powered support system with a resistance of 10 kN/m. If the stripping ratio is 3:1, what is the minimum powder factor required for the blast? Assume the rock mass modulus is 10 Ns²/m⁸.","2.4 MPa, 0.15 kg/m³","2.4 MPa, 0.20 kg/m³","2.4 MPa, 0.25 kg/m³","2.4 MPa, 0.30 kg/m³",2
532,Surface & Underground Mining Methods,Bord and Pillar depillaring,8,"A bord and pillar mine has a coal seam thickness of 2.5 m. The pillar width is 4.5 m. The average in-situ stress is 2.5 MPa. The coal density is 1.4 t/m³. The bord and pillar mine is being depillared using a longwall shearer with a cutting height of 1.5 m. The shearer has a power consumption of 250 kW. The shearer is operated for 8 hours a day. The coal is sold at $0.8 per kg. The mine has a daily production of 1000 t. The stripping ratio is 2.5. What is the daily revenue from coal sales, if the coal powder factor is 0.6 kg/t?","Rs. 4,80,000","Rs. 5,60,000","Rs. 6,40,000","Rs. 7,20,000",2
533,Surface & Underground Mining Methods,Bord and Pillar depillaring,8,A bord and pillar mine with a working height of 4.5 m is being depillared. The pillar width is 6.5 m and the height of the pillar is 4.5 m. The in-situ stress at the mine is 2.5 MPa. The elastic modulus of the rock is 20 GPa. The pillar is being depillared using a 15-tonne hydraulic jumbo. The powder factor for the blast is 0.6 kg/m³. The stripping ratio of the mine is 3:1. The density of the rock is 2.7 g/cm³. What is the resistance offered by the powered support system in the depillaring process?,120 kN,150 kN,180 kN,200 kN,2
534,Engineering Mathematics,Matrix eigenvalues,9,"A square matrix A has eigenvalues λ1 = 2, λ2 = 4. If A satisfies the Cayley-Hamilton theorem, the value of the expression (A^2 + 3A + I) is equal to:",A^2 + 3A + 2I,A^2 + 3A + 4I,2A^2 + 3A + I,4A^2 + 3A + 2I,1
535,Engineering Mathematics,Matrix eigenvalues,9,"A square matrix A has eigenvalues λ1 = 2, λ2 = 3, and λ3 = 4. If A = [[3, 1, 1], [1, 2, 1], [1, 1, 3]], then the value of the expression (A^2 + 2A + I) (A^3 - 2A^2 + 2A + I) is equal to kN. What is the value of k?",25 kN,30 kN,35 kN,40 kN,1
536,Engineering Mathematics,Matrix eigenvalues,9,"A square matrix A has eigenvalues λ_1 = 2 and λ_2 = 3. If A is a 3x3 matrix, the value of the determinant of (A - 2I)(A - 3I) is (in MPa).",1200,1800,2400,3600,2
537,Engineering Mathematics,Matrix eigenvalues,9,"A square matrix A has eigenvalues λ1 = 2 and λ2 = 3. If A is a 3x3 matrix, the product of the reciprocals of its eigenvalues is related to the determinant of A as follows: det(A) = k * (1/λ1) * (1/λ2) * (1/λ3). If the determinant of A is 54 MPa, and λ3 = 4, then the value of k is _______.",1.5,2.5,3.5,4.5,2
538,Engineering Mathematics,Matrix eigenvalues,9,"A 3x3 matrix A has eigenvalues λ1 = 2, λ2 = 3, and λ3 = 4. If A is a coefficient matrix in a system of linear differential equations, and the system is described by d²y/dx² + 4dy/dx + 3y = 0, determine the value of y(0) if y(0) = 1 and y'(0) = 2. Use Cayley-Hamilton theorem to solve the equation, and apply Simpson's 1/3 rule for numerical integration. The system is also described by a Poisson distribution with mean (λ) = 1.5 and variance (σ²) = 0.5. What is the probability of occurrence of the event y(0) = 1?",The probability of occurrence is 0.5,The probability of occurrence is 0.75,The value of y(0) is 1.2 kN,The system is unstable,2
539,Engineering Mathematics,Matrix eigenvalues,9,"A square matrix A with dimensions 3x3 is given by: 

A = 
[12  -3  6]
[-3  10  -2]
[6   -2  20]

If the eigenvalues of A are λ1 = 5, λ2 = 3, and λ3 = 2, then the value of the determinant of (A - λI) is closest to:",0.001 kN,0.01 kN,0.1 kN,1 kN,3
540,Engineering Mathematics,Matrix eigenvalues,9,"A hydraulic system consists of a pump and a tank. The pump discharges water at a rate of 0.2 m³/s. The tank has a volume of 10 m³. The pump's power consumption is given by the equation P = (1/2) ∗ ω ∗ (A ∗ B), where ω is the angular velocity of the pump, A and B are 2x2 matrices representing the system's stiffness and damping coefficients respectively. If the eigenvalues of the stiffness matrix are 100 N/m² and 120 N/m², and the eigenvalues of the damping matrix are 0.5 Ns/m² and 0.6 Ns/m², determine the power consumption of the pump when the angular velocity is 500 rad/s.",P = 0.5 kN · m²/s,P = 0.6 kN · m²/s,P = 0.7 kN · m²/s,P = 0.8 kN · m²/s,2
541,Engineering Mathematics,Cayley-Hamilton theorem,9,"A square matrix A has eigenvalues λ1 = 2, λ2 = 3, and λ3 = 4. If A satisfies the characteristic equation (λ^3 - 6λ^2 + 11λ - 6) = 0, then the value of the determinant of (A^2 - 5A + 3I) is _______ MPa.",0.5 MPa,1.0 MPa,2.0 MPa,3.0 MPa,2
542,Engineering Mathematics,Matrix eigenvalues,9,"A square matrix A = 
[ 4  2 ] 
[ 2  4 ] has eigenvalues λ1 = 6 and λ2 = 2. If the matrix A is used to describe the dynamics of a hydraulic system, and the system is subjected to a sinusoidal input of magnitude 10 kN and frequency 2 rad/s, determine the steady-state response of the system using the Cayley-Hamilton theorem. The response is given by the equation x(t) = e^(λ1t) * (C1*cos(ωt) + C2*sin(ωt)), where C1 and C2 are constants. If the response is measured to be x(0) = 5 m and x'(0) = 10 m/s, determine the value of x(π/2) in meters.",x(π/2) = 15 m,x(π/2) = 20 m,x(π/2) = 25 m,x(π/2) = 30 m,2
543,Engineering Mathematics,Matrix eigenvalues,9,"A square matrix A = 
[ 2  1 
-1  3 ] has eigenvalues λ1 = 4 and λ2 = 1. If A is used to represent the system of differential equations dx/dt = Ax, where x is a 2x1 vector, determine the time (in seconds) taken for the system to reach a steady state, given that the initial condition x(0) = [ 1 
0 ] and the system is subjected to a Poisson distribution with a mean of 5. Use the Cayley-Hamilton theorem to solve the differential equations. Apply Simpson's 1/3 rule for numerical integration, with a step size of 0.1 s, to obtain the time taken for the system to reach a steady state.",10.0 s,15.0 s,20.0 s,25.0 s,2
544,Engineering Mathematics,Matrix eigenvalues,9,A hydraulic cylinder has a diameter of 0.2 m and a length of 1.5 m. The cylinder is subjected to a pressure of 4 MPa. The stress tensor is given by σ = [100 0 0; 0 100 0; 0 0 0]. Determine the principal stresses and the maximum shear stress in the cylinder. Use the Cayley-Hamilton theorem to solve for the eigenvalues of the stress tensor.,"The principal stresses are 150 MPa, 150 MPa, and 0 MPa, with a maximum shear stress of 150 MPa.","The principal stresses are 200 MPa, 0 MPa, and -100 MPa, with a maximum shear stress of 200 MPa.","The principal stresses are 100 MPa, 100 MPa, and 0 MPa, with a maximum shear stress of 100 MPa.","The principal stresses are 250 MPa, 0 MPa, and -150 MPa, with a maximum shear stress of 250 MPa.",2
545,General Aptitude & Reasoning,Logical deduction,9,"A cylindrical tank with a height of 10 m and a base radius of 4 m is filled with water at a rate of 0.5 m³/s. If the water level rises by 2.5 m in 10 minutes, what is the percentage increase in the water level in the tank?",5.26%,6.25%,7.69%,8.82%,2
546,General Aptitude & Reasoning,Logical deduction,9,A conveyor belt is moving at a speed of 4.5 m/s. A box is placed on the belt and is carried 120 m in 30 seconds. What is the angle of elevation of the conveyor belt if it makes an angle θ with the horizontal? The mass of the box is 150 kg. Assuming the acceleration due to gravity is 9.81 m/s². The coefficient of friction between the box and the belt is 0.2. What is the minimum power required to move the box?,The minimum power required is 3.8 kW.,The minimum power required is 4.2 kW.,The minimum power required is 4.8 kW.,The minimum power required is 5.1 kW.,2
547,General Aptitude & Reasoning,Logical deduction,9,"A cylindrical water tank has a diameter of 4.8 m and a height of 2.5 m. It is filled with water to a height of 2.2 m. A pipe is connected to the bottom of the tank to discharge water at a rate of 0.02 m³/s. If the water level in the tank is reduced to 1.8 m in 5 minutes, what is the percentage increase in the discharge rate of the pipe? (Assume the density of water to be 1000 kg/m³ and g = 9.81 m/s²).",6.5%,8.2%,9.8%,12.1%,2
548,General Aptitude & Reasoning,Logical deduction,9,"A pump is discharging water from a reservoir at a rate of 0.2 m³/s. The water is being discharged through a pipe of diameter 0.2 m and length 50 m. The discharge velocity is 10 m/s. If the density of water is 1000 kg/m³, the power required to pump water through the pipe is approximately (in kW).",1.2,1.5,2.1,2.5,2
549,General Aptitude & Reasoning,Logical deduction,9,"A conveyor belt is moving at a speed of 4 m/s. A box is placed on the belt and is being transported from point A to point B. The distance between A and B is 120 m. The box is being pulled by a force of 500 N. Assuming the coefficient of friction between the box and the belt is 0.2, and neglecting air resistance, calculate the time taken by the box to reach point B. Given: mass of the box = 200 kg.",30 seconds,40 seconds,50 seconds,60 seconds,2
550,General Aptitude & Reasoning,Logical deduction,9,"A conveyor belt is used to transport coal from a mine to a power plant. The conveyor belt is 5 km long and has a speed of 4 km/h. If the power plant is located at a higher elevation than the mine, and the coal is transported through a 30° inclined plane, what is the minimum power required to transport 1000 tons of coal per hour, assuming a friction coefficient of 0.2? The density of coal is 800 kg/m³.",2.5 MW,3.2 MW,4.5 MW,5.8 MW,2
551,General Aptitude & Reasoning,Logical deduction,9,"A conveyor belt is moving at a speed of 3.5 m/s. A box weighing 2500 N is placed on the belt. If the belt accelerates uniformly from rest to 4.2 m/s in 10 seconds, what is the minimum radius of the circular path traced by the box, if the coefficient of friction between the box and the belt is 0.5?",2.1 m,2.5 m,3.2 m,4.5 m,2
552,General Aptitude & Reasoning,Logical deduction,9,"A conveyor belt transports coal at a rate of 4.5 m³/s. The coal is fed into a crusher, which operates at 80% efficiency. If the crusher's capacity is 2.5 kN, what is the minimum speed at which the conveyor belt must operate to ensure that the coal is crushed at a rate of 1.8 m³/s? Assume the crusher's power consumption is directly proportional to the cube of the conveyor belt's speed.",10 m/s,12 m/s,15 m/s,18 m/s,2
553,General Aptitude & Reasoning,Logical deduction,9,"A conveyor belt transports coal at a rate of 2.5 m³/s. If the coal density is 1.2 t/m³, and the belt speed is 4.2 m/s, calculate the mass flow rate of coal. Assume the coal is transported over a distance of 120 m. If the coal is sold at a rate of 20% of the total cost, and the total cost is $15,000, what is the revenue generated from the sale of coal? Express your answer in the appropriate units.","1200 t/h, $3,000","1500 t/h, $3,750","1800 t/h, $4,500","2000 t/h, $5,000",2
554,General Aptitude & Reasoning,Logical deduction,9,"A conveyor belt is moving at a speed of 2.5 m/s. A box is placed on the conveyor belt and is displaced by 15 m in 12 seconds. If the force applied to the box is 4 kN, calculate the coefficient of friction between the box and the conveyor belt. Assume the mass of the box is 250 kg. The acceleration due to gravity is 9.81 m/s².",0.25,0.30,0.35,0.40,2
555,General Aptitude & Reasoning,Logical deduction,9,"A conveyor belt is moving at 5 m/s. It is carrying coal at a rate of 2.5 m³/s. If the density of coal is 1.4 t/m³, calculate the power required to move the coal. Assume the efficiency of the conveyor belt is 80%.",22.5 kW,28.125 kW,30 kW,35 kW,1
556,Geomechanics & Ground Control,Mohr-Coulomb failure,9,A coal mine is excavating a slope with a 60° inclination. The in-situ rock mass has a Bieniawski RMR of 55. The rock mass is composed of sandstone with a uniaxial compressive strength (UCS) of 30 MPa. The rock mass is also supported by rock bolts with a yield strength of 150 kN. Determine the minimum spacing (m) required to prevent failure along the 30 m high slope. Assume the rock mass is classified as a Q-system rock mass type 2.5. Consider the tributary area pillar stress and the rock bolt capacity.,1.8 m,2.2 m,2.5 m,3.0 m,2
557,Geomechanics & Ground Control,Mohr-Coulomb failure,9,"A coal mine has a rock mass with a uniaxial compressive strength of 30 MPa. The rock mass has a Bieniawski RMR value of 55. Using the Barton Q-system, calculate the rock mass deformation modulus (Erm) in MPa. Assuming a rock bolt with a yield strength of 500 kN/m, what is the minimum required length of the rock bolt to resist a horizontal stress of 5 MPa in a 5 m x 5 m pillar? Neglect any tributary area effects. The rock mass has a unit weight of 25 kN/m³. The rock bolt has a surface area of 0.1 m².","Erm = 10.5 MPa, rock bolt length = 6.2 m","Erm = 12.2 MPa, rock bolt length = 7.5 m","Erm = 9.8 MPa, rock bolt length = 5.9 m","Erm = 11.9 MPa, rock bolt length = 6.8 m",1
558,Geomechanics & Ground Control,Mohr-Coulomb failure,9,"A circular tunnel with a diameter of 3.5 m is excavated in a rock mass with a uniaxial compressive strength of 150 MPa. The rock mass is classified as RMR 55. Using the Barton Q-system, the rock mass strength factor (m) is calculated as Q = 5.5. The rock mass is subjected to a major principal stress of 10 MPa and a minor principal stress of 6 MPa. Determine the factor of safety against Mohr-Coulomb failure using the following formula: FOS = (c + σ_n tan(φ)) / (σ_1 - σ_3), where c = 0.5 m and φ = 30°. Assume a tributary area pillar stress of 2 MPa. A rock bolt with a diameter of 25 mm is installed with an angle of 30° to the horizontal. The rock bolt has a yield strength of 1000 kN/m. Calculate the rock bolt capacity using the following formula: R_bolt = (σ_bolt * A_bolt * cos(θ)) / (1 - sin(θ)^2), where σ_bolt = 100 MPa, A_bolt = 0.785 m^2, and θ = 30°. If the calculated rock bolt capacity is 350 kN, what is the minimum number of rock bolts required to maintain the stability of the tunnel?",6 bolts,8 bolts,10 bolts,12 bolts,2
559,Geomechanics & Ground Control,Mohr-Coulomb failure,9,"A circular tunnel with a diameter of 4 m is excavated in a rock mass with a uniaxial compressive strength of 250 MPa. The rock mass is classified as RMR 55. Assuming a Q-value of 3.5, calculate the factor of safety against Mohr-Coulomb failure for the rock mass. Given: σc' = 150 MPa, σφ' = 30°, σc' / σt' = 2.5. Assume the tunnel is oriented at 45° to the principal stress axes.",FS = 1.25,FS = 1.50,FS = 1.75,FS = 2.00,2
560,Geomechanics & Ground Control,Mohr-Coulomb failure,9,"A rock mass with a uniaxial compressive strength (UCS) of 150 MPa is excavated in a 5 m x 5 m square pillar. The rock mass has a Bieniawski RMR of 55 and a Barton Q-system value of 1.5. Assuming a friction angle of 30° and a cohesion of 5 MPa, calculate the pillar stress (σ) in MPa using the Mohr-Coulomb failure criterion. Given that the rock bolt capacity is 100 kN/m, and the tributary area of the pillar is 25 m², what is the minimum number of rock bolts required to prevent pillar failure?",8,10,12,15,2
561,Geomechanics & Ground Control,Mohr-Coulomb failure,9,"A coal mine pillar with dimensions 10 m x 10 m x 15 m is supporting a tributary area of 300 m². The rock mass has a Bieniawski RMR rating of 55. The rock bolt capacity is 200 kN. The uniaxial compressive strength of the coal is 25 MPa. Determine the factor of safety against Mohr-Coulomb failure, considering the rock bolt capacity and the pillar dimensions. Assume a cohesion of 0.5 MPa and an angle of internal friction of 30°.",1.2,1.5,1.8,2.1,2
562,Geomechanics & Ground Control,Mohr-Coulomb failure,9,"A rock mass with a uniaxial compressive strength of 250 MPa and a rock mass rating (RMR) of 55 is to be excavated in a 10 m high and 5 m wide vertical opening. The rock mass is supported by 20 mm diameter rock bolts with an ultimate tensile strength of 200 kN/m. The rock mass is also subjected to a horizontal stress of 10 MPa. Assuming a tributary area factor of 1.5 and using the Q-system, calculate the factor of safety against Mohr-Coulomb failure for the rock mass. Take into account the effect of the rock bolts and the horizontal stress.",2.15,2.35,2.55,2.75,1
563,Geomechanics & Ground Control,Mohr-Coulomb failure,9,"A coal mine has a seam with a uniaxial compressive strength of 30 MPa. The rock mass has a Bieniawski RMR value of 55. Calculate the rock mass strength using the Barton Q-system. If the rock mass strength is 12.5 MPa, what is the minimum inclination angle (θ) for a tunnel with a diameter of 3.5 m to avoid Mohr-Coulomb failure, considering a tributary area pillar stress of 8 kN/m² and a rock bolt capacity of 100 kN?",θ = 25°,θ = 30°,θ = 35°,θ = 40°,2
564,Geomechanics & Ground Control,Mohr-Coulomb failure,9,"A rock mass with a uniaxial compressive strength of 250 MPa and a density of 2800 kg/m³ is subjected to a major principal stress of 20 MPa and a minor principal stress of 10 MPa. If the rock mass has a friction angle of 30° and a cohesion of 5 MPa, determine the factor of safety against Mohr-Coulomb failure using the Bieniawski RMR and Barton Q-system parameters. Given: RMR = 55, Q = 2.5. Assume the tributary area of the pillar is 10 m². If the rock bolt capacity is 100 kN, what is the minimum number of bolts required to prevent failure?",3 bolts with a spacing of 1.5 m,4 bolts with a spacing of 1.2 m,5 bolts with a spacing of 1 m,6 bolts with a spacing of 0.8 m,2
565,Geomechanics & Ground Control,Mohr-Coulomb failure,9,"A circular rock pillar of diameter 3.0 m and height 5.0 m is subjected to a vertical stress of 20.0 MPa. The rock mass is characterized by a Bieniawski RMR of 60. Using the Barton Q-system, determine the rock mass strength parameter (m i) and calculate the factor of safety (FoS) against Mohr-Coulomb failure. Given: σv = 20.0 MPa, φ = 35°, σn = 10.0 MPa, Q = 5.0, a = 0.5, b = 0.03.","m i = 0.80, FoS = 1.25","m i = 0.90, FoS = 1.30","m i = 0.85, FoS = 1.20","m i = 0.95, FoS = 1.35",2
566,Geomechanics & Ground Control,Mohr-Coulomb failure,9,"A coal mine has a rock mass with the following properties: RMR = 55, Q = 1.5, and a uniaxial compressive strength (σc) of 50 MPa. The mine is excavated to a depth of 200 m. A 5 m x 5 m square pillar is left in place to support the overlying rock. The pillar is subjected to a vertical stress (σv) of 2.5 MPa. Assuming a Mohr-Coulomb failure criterion with a cohesion (c) of 2.5 MPa and an angle of internal friction (φ) of 30°, calculate the factor of safety (FoS) against shear failure. Given that the rock bolt capacity is 100 kN/m, what is the minimum number of rock bolts required to maintain the pillar's stability?","FoS = 1.2, 15 rock bolts","FoS = 1.5, 20 rock bolts","FoS = 1.8, 25 rock bolts","FoS = 2.1, 30 rock bolts",2
567,"Mine Planning, Geostatistics & Economics",Net Present Value,9,"A mining project involves the extraction of 500,000 tonnes of ore at a cost of ₹ 80 per tonne. The ore is expected to contain 0.5% copper. The copper price is ₹ 40 per kg. The project has a lifespan of 5 years. The discount rate is 10% per annum. If the spherical semivariogram model has a sill of 100 m² and a nugget effect of 10 m², and the Ordinary Kriging estimation variance is 20 m², what is the Net Present Value (NPV) of the project in ₹?","₹ 1,25,00,000","₹ 1,50,00,000","₹ 1,75,00,000","₹ 2,00,00,000",2
568,"Mine Planning, Geostatistics & Economics",Mine Planning,9,"A mine is planning to extract 1.2 Mt of ore from a block model with an average grade of 2.5% Cu. The extraction cost is estimated to be ₹ 800 per tonne and the revenue from copper is ₹ 4,500 per tonne. The semivariogram model for the block model is a spherical model with a sill of 0.15 and a nugget effect of 0.005. The Ordinary Kriging estimation variance is 0.02. If the mine is expected to operate for 5 years, with annual extraction rate of 0.24 Mt/year, what is the Net Present Value (NPV) of the mine, assuming a discount rate of 12% per annum?","₹ 1,23,45,600","₹ 1,28,90,400","₹ 1,34,35,200","₹ 1,40,80,000",2
569,Mine Surveying & Geomatics,Bowditch rule traverse closing error,9,"A mine survey traverse consists of 5 legs with the following data: Leg 1: 250 m, 0°, 0.05 m; Leg 2: 180 m, 90°, 0.03 m; Leg 3: 120 m, 90°, 0.02 m; Leg 4: 150 m, 0°, 0.04 m; Leg 5: 220 m, 90°, 0.01 m. The traverse is closed using the Bowditch rule. If the levelled height of the traverse is 100.456 m, what is the closing error in m? Neglect the effect of EDM corrections.",0.002 m,0.005 m,0.008 m,0.012 m,2
570,Mine Surveying & Geomatics,Bowditch rule traverse closing error,9,"A mine survey traverse is conducted using EDM and leveling instruments. The traverse consists of 8 stations. The leveling data shows a sensitivity of 10 mm/km. The EDM data shows a mean error of 2.5 mm and a standard deviation of 1.8 mm. The traverse is closed using the Bowditch rule. If the computed closing error is 4.2 mm, what is the probable error in the traverse?",1.8 mm,2.1 mm,2.5 mm,3.1 mm,2
571,Mine Surveying & Geomatics,Bowditch rule traverse closing error,9,"A mine survey traverse is conducted using a total station with an EDM accuracy of ±2 mm + 2 × 10⁻⁵ L, where L is the length of the line in meters. The traverse consists of 10 lines with a total length of 1200 m. The closing error is computed using the Bowditch rule. If the observed closing error is 0.035 m and the EDM corrections are applied, the actual closing error is:",0.032 m,0.034 m,0.036 m,0.038 m,2
572,Mine Surveying & Geomatics,Bowditch rule traverse closing error,9,"A mine survey traverse consists of 5 angles and 5 sides. The traverse is closed using the Bowditch rule. The angles are measured using an EDM instrument with a standard deviation of 1.5''. The leveling sensitivity is 1:10,000. The EDM corrections are applied as follows: temperature = 25°C, pressure = 1013 mbar, humidity = 60%. If the computed closing error is 2.5 m, what is the probable error in the traverse?",0.5 m,1.0 m,1.5 m,2.0 m,2
573,Mine Ventilation & Environment,Atkinson's friction law,9,"A mine ventilation system uses a centrifugal fan to supply air to a 100 m long tunnel with a diameter of 2.5 m. The air flow rate is 2.5 m³/s and the static pressure loss in the tunnel is 10 kPa. The fan's characteristic curve is given by the equation: Q = 1.2 * N^1.5, where Q is the air flow rate in m³/s and N is the fan speed in rpm. The fan's power consumption is 30 kW. The air density is 1.2 kg/m³. Using Atkinson's friction law, determine the fan's power consumption (in kW) if the fan speed is increased by 20%.",32 kW,35 kW,38 kW,40 kW,2
574,Mine Ventilation & Environment,Atkinson's friction law,9,"A mine ventilation system uses a centrifugal fan to supply air to a 100 m long tunnel with a diameter of 3 m. The air flow rate is 10 m³/s. The fan's characteristic curve is given by: Q = 0.8 × D³ × N², where Q is the air flow rate in m³/s, D is the fan diameter in m, and N is the fan speed in rpm. Atkinson's friction law is given by: f = 0.03 × (D/100)⁸, where f is the friction factor and D is the tunnel diameter in m. The natural ventilation pressure is 0.1 MPa. The air density is 1.2 kg/m³. Using the fan characteristic curve and Atkinson's friction law, calculate the power required to overcome the fan's resistance and the pressure drop due to the tunnel's friction. Compare the two values and determine the percentage of the total power required to overcome the fan's resistance.",The power required to overcome the fan's resistance is 45.6 kW and the pressure drop due to the tunnel's friction is 0.12 MPa.,The power required to overcome the fan's resistance is 53.1 kW and the pressure drop due to the tunnel's friction is 0.15 MPa.,The power required to overcome the fan's resistance is 61.6 kW and the pressure drop due to the tunnel's friction is 0.18 MPa.,The power required to overcome the fan's resistance is 69.9 kW and the pressure drop due to the tunnel's friction is 0.21 MPa.,1
575,Mine Ventilation & Environment,Atkinson's friction law,9,"A 1.2 km long mine haulage road has a rectangular cross-section of 3.5 m x 2.5 m. The air flow rate through the road is 0.15 m³/s. If the air pressure at the entrance is 100 kPa and the air pressure at the exit is 90 kPa, determine the total head loss due to friction using Atkinson's friction law. Given: f = 0.02, e = 0.02, n = 2. The fan characteristic curve is a straight line with a slope of 1.5. The natural ventilation pressure is 0.1 kPa. The Coward flammability triangle is not relevant in this scenario. Assuming the fan operates at 75% of its maximum capacity, calculate the total head loss (in m) due to friction and the required fan power (in kW).",The total head loss due to friction is 14.2 m and the required fan power is 17.5 kW.,The total head loss due to friction is 15.1 m and the required fan power is 18.2 kW.,The total head loss due to friction is 12.5 m and the required fan power is 15.1 kW.,The total head loss due to friction is 16.8 m and the required fan power is 20.5 kW.,2
576,Mine Ventilation & Environment,Atkinson's friction law,9,"A ventilation system in a coal mine has a total length of 1200 m of 0.5 m diameter ductwork. The air flow rate is 20 m³/s at a pressure drop of 150 kPa. Using Atkinson's friction law, determine the equivalent length of a 0.2 m diameter duct with the same pressure drop. Assume a roughness factor of 0.015 and a flow velocity of 30 m/s. The friction factor is given by f = 0.25 + (0.02 / (Re * sqrt(ε/D))), where ε is the roughness height and D is the diameter. The Reynolds number is 25000. If the equivalent length is 1500 m, what is the percentage increase in power consumption of the fan?",5.2%,6.3%,7.4%,8.5%,2
577,Mine Ventilation & Environment,Atkinson's friction law,9,"A mine ventilation system uses a centrifugal fan with a diameter of 1.2 m and a rotational speed of 600 rpm. The air flow rate is 0.4 m³/s and the fan's pressure capacity is 1.5 kPa. If the air density is 1.2 kg/m³, the friction factor 'f' can be calculated using Atkinson's friction law. If the pressure drop in the duct is 2.1 kPa, calculate the value of 'f'.",0.0024,0.0027,0.0031,0.0035,2
578,Mine Ventilation & Environment,Atkinson's friction law,9,"A mine ventilation fan is installed in a 100 m long rectangular duct with a cross-sectional area of 2.5 m². The fan operates at a speed of 750 rpm and develops a pressure of 12 kPa. The air density is 1.2 kg/m³. The friction factor 'f' for the duct is 0.02. Using Atkinson's friction law, determine the fan's actual flow rate (in m³/s). Consider the fan characteristic curve given by the equation: Q = 0.5 ∗ (ΔP)⁰.⁵ ∗ A. Where Q is the flow rate, ΔP is the pressure difference, and A is the cross-sectional area of the duct. Also, account for the effect of natural ventilation pressure, which is 1.5 kPa. Assume the fan's efficiency is 80%.",2.3 m³/s,2.5 m³/s,2.8 m³/s,3.1 m³/s,2
579,Mine Ventilation & Environment,Atkinson's friction law,9,"A mine ventilation system has a main haulage with a length of 1000 m and a diameter of 4 m. The air flow rate is 0.2 m³/s. The air is flowing from a fan with a pressure of 500 Pa and a flow rate of 0.2 m³/s. The fan characteristic curve is given by: Q = 0.15 P^0.5, where Q is the flow rate in m³/s and P is the pressure in Pa. The Atkinson's friction law is given by: f = 0.02 + 0.05 Re^0.5, where f is the friction factor and Re is the Reynolds number. The Coward flammability triangle is not relevant to this problem. Determine the pressure drop in the main haulage using Atkinson's friction law. Assume the air density is 1.2 kg/m³ and the kinematic viscosity is 15 × 10^(-6) m²/s.",The pressure drop is 250 Pa.,The pressure drop is 375 Pa.,The pressure drop is 500 Pa.,The pressure drop is 625 Pa.,1
580,Mining Machinery & Materials Handling,Koepe winder slip criteria,9,"A Koepe winder is used in a coal mine to lift 100 m³/s of rock at a speed of 1.5 m/s. The wire rope has a diameter of 80 mm and a breaking load of 500 kN. The angle of wrap is 6π radians. The coefficient of friction between the rope and the drum is 0.2. The static factor of safety (SF) is 5. The slip velocity (vs) is related to the critical velocity (vc) by the equation vs = vc − (0.1 × vc). The critical velocity is given by vc = √(T ∗ r · sin(θ) / (m ∗ g · SF)), where T is the tension in the rope, r is the radius of the drum, θ is the angle of wrap, m is the mass flow rate, and g is the acceleration due to gravity (9.81 m/s²). The slip velocity is 0.1 m/s. Calculate the critical velocity (vc) and determine which of the following options is correct.",vc = 1.53 m/s,vc = 1.68 m/s,vc = 1.83 m/s,vc = 2.00 m/s,2
581,Mining Machinery & Materials Handling,Koepe winder slip criteria,9,"A Koepe winder is used to lift a 10 m³/s stream of rock with a density of 2.5 t/m³. The winder has a wire rope with a static factor of safety of 5 and a diameter of 0.1 m. If the winder is operating at a speed of 10 m/s and the rock is being lifted at an angle of 30° to the horizontal, determine the maximum permissible slip between the wire rope and the drum. The coefficient of friction between the wire rope and the drum is 0.2. Assume the weight of the wire rope is negligible. The slip is defined as the ratio of the velocity of the wire rope at the drum to the velocity of the wire rope at the load.",0.05,0.10,0.15,0.20,2
582,Mining Machinery & Materials Handling,Koepe winder slip criteria,9,"A Koepe winder is used to lift 10,000 t/h of ore in an underground mine. The wire rope has a diameter of 100 mm and is made of a material with a yield strength of 800 MPa. The winder is operated at a speed of 10 m/s. If the static factor of safety of the wire rope is 5, determine the maximum permissible tension in the rope. Given that the slip criterion for the winder is 1.5% and the efficiency of the winder is 90%, calculate the power required to lift the ore. Assume the density of the ore is 3.5 t/m³. The shovel-dumper match index is 1.2 t/m³/s. If the belt conveyor power is 100 kW, what is the minimum required shovel-dumper match index to maintain a steady flow of 1200 t/h?",The minimum required shovel-dumper match index is 1.5 t/m³/s,The minimum required shovel-dumper match index is 1.8 t/m³/s,The minimum required shovel-dumper match index is 2.0 t/m³/s,The minimum required shovel-dumper match index is 2.2 t/m³/s,2
583,Mining Machinery & Materials Handling,Koepe winder slip criteria,9,"A Koepe winder is designed to lift 500 kN at a speed of 2.5 m/s. The wire rope has a diameter of 50 mm and a breaking load of 1200 kN. The static factor of safety is 5. The angle of wrap around the drum is 6. The coefficient of friction between the rope and the drum is 0.2. The slip ratio is given by the equation: SR = (F / (μ × B × (2 × π × D × N))). Determine the slip ratio SR, if the load F is 550 kN. Also, calculate the minimum speed N (in rpm) required to prevent slip, if the power P is 250 kW. The mass density of the rope is 7800 kg/m³.","SR = 0.12, N = 10.5 rpm","SR = 0.15, N = 12.5 rpm","SR = 0.18, N = 15.0 rpm","SR = 0.20, N = 16.5 rpm",2
584,Mining Machinery & Materials Handling,Koepe winder slip criteria,9,"A Koepe winder is used to lift a rock mass of density 2.8 t/m³ at a rate of 2.5 m³/s. The winder's drum diameter is 6 m, and the rope's radius of gyration is 0.8 m. If the rope's static factor of safety is 5, and the maximum permissible slip is 1.5%, calculate the minimum power required to lift the rock mass. Given: g = 9.81 m/s², μ = 0.35. Assume the rope's mass per unit length is negligible.",P = 1.92 × 10^5 W,P = 2.04 × 10^5 W,P = 2.16 × 10^5 W,P = 2.28 × 10^5 W,1
585,Mining Machinery & Materials Handling,Koepe winder slip criteria,9,"A Koepe winder is to be designed to handle a coal seam with a density of 1.3 t/m³ and a moisture content of 12%. The winder is to be operated at a speed of 10 m/s. If the wire rope has a diameter of 100 mm and a static factor of safety of 5, determine the maximum permissible slip (in %) for the winder. Given: Young's modulus of the wire rope material is 200 GPa. The coefficient of friction between the wire rope and the drum is 0.25. The mass of the coal per unit volume is 1.2 t/m³.",4.2%,5.5%,6.8%,7.1%,2
586,Mining Machinery & Materials Handling,Koepe winder slip criteria,9,"A Koepe winder is used to haul a 100 m long rope with a diameter of 60 mm. The rope has a mass per unit length of 0.02 kg/m and a breaking load of 150 kN. The winder's drum has a radius of 1.2 m and a moment of inertia of 0.5 m^4. The rope is subjected to a tension of 120 kN at the drum. The angular velocity of the drum is 10 rad/s. If the rope's static factor of safety is 5, determine the slip velocity of the rope. Given that the rope's static factor of safety is 5, and the maximum allowable slip velocity is 0.05 m/s, calculate the maximum power (in kW) that the winder can transmit to the rope.",3.75 kW,4.5 kW,5.25 kW,6.0 kW,2
587,Mining Machinery & Materials Handling,Koepe winder slip criteria,9,"A Koepe winder is used to hoist a rope with a diameter of 100 mm and a mass per unit length of 2.5 kg/m. The rope is subjected to a tensile force of 500 kN. Assuming a static factor of safety of 5, determine the maximum permissible speed of the rope in m/s. Given: Young's modulus of the rope material is 1.2 × 10^5 MPa.",10 m/s,12 m/s,15 m/s,18 m/s,2
588,Mining Machinery & Materials Handling,Koepe winder slip criteria,9,"A Koepe winder is used to haul a 50 mm diameter, 8 mm thick steel rope at a speed of 8 m/s. The rope's breaking strength is 130 kN and its weight per meter is 3.5 kg/m. The winder's drum diameter is 2.5 m. If the rope's static factor of safety is 4, determine the maximum allowable tension in the rope. Assuming the rope's angle of wrap around the drum is 120°, calculate the slip velocity of the rope. Given that the rope's allowable slip velocity is 0.1 m/s, select the correct option.",The maximum allowable tension in the rope is 65 kN and the slip velocity is 0.08 m/s.,The maximum allowable tension in the rope is 80 kN and the slip velocity is 0.12 m/s.,The maximum allowable tension in the rope is 90 kN and the slip velocity is 0.15 m/s.,The maximum allowable tension in the rope is 100 kN and the slip velocity is 0.18 m/s.,0
589,Mining Machinery & Materials Handling,Koepe winder slip criteria,9,"A Koepe winder is used to lift 1000 t/h of coal at a speed of 2.5 m/s. The wire rope has a diameter of 80 mm and a breaking load of 500 kN. The static factor of safety is 4. If the angle of wrap is 45°, determine the maximum safe speed of the winding drum to prevent slip. The coefficient of friction between the wire rope and the drum is 0.2. Assume the acceleration due to gravity as 9.81 m/s². Calculate the maximum safe speed.",15.6 m/s,18.2 m/s,20.8 m/s,22.4 m/s,2
590,Mining Machinery & Materials Handling,Koepe winder slip criteria,9,"A Koepe winder is used in a coal mine to lift 1500 kg/m³ rock at a speed of 1.2 m/s. The wire rope has a diameter of 80 mm and a breaking load of 120 kN. The angle of wrap is 10°. If the static factor of safety is 5, what is the maximum permissible slip of the wire rope?",0.012 m,0.015 m,0.018 m,0.022 m,2
591,Mining Machinery & Materials Handling,Koepe winder slip criteria,9,"A Koepe winder is used to lift 2000 t/h of coal at a speed of 2.5 m/s. The wire rope has a diameter of 80 mm and a mass per unit length of 0.02 t/m. The static factor of safety is 5. Calculate the maximum allowable slip (in %) between the wire rope and the drum, considering the power consumed by the winder is 1000 kW. If the maximum allowable power is 1200 kW, what should be the minimum required diameter (in mm) of the wire rope to achieve this power?",6.25%,7.5%,8.33%,9.52%,2
592,Mining Machinery & Materials Handling,Koepe winder slip criteria,9,"A Koepe winder is used to lift 2.5 m³/s of ore from a depth of 500 m. The wire rope has a breaking load of 250 kN and a working load of 100 kN. The static factor of safety (SF) is given by SF = (Breaking Load) / (Working Load). If the wire rope is subjected to a tensile stress of 10 MPa, determine the slip criterion for the Koepe winder. The slip criterion is given by (Tensile Stress) / (Tensile Strength). The tensile strength of the wire rope is 50 MPa. The power required to lift the ore is given by P = (Weight of Ore) x (Velocity of Ore) x (Efficiency of Winder). Assuming an efficiency of 80%, calculate the power required to lift the ore. The weight of the ore is given by W = ρ x g x Q, where ρ is the density of the ore (5.5 t/m³), g is the acceleration due to gravity (9.81 m/s²), and Q is the volumetric flow rate of ore (2.5 m³/s).",The slip criterion is 0.2 and the power required to lift the ore is 1.2 MW,The slip criterion is 0.25 and the power required to lift the ore is 1.5 MW,The slip criterion is 0.3 and the power required to lift the ore is 1.8 MW,The slip criterion is 0.35 and the power required to lift the ore is 2.1 MW,2
593,Surface & Underground Mining Methods,Bord and Pillar depillaring,9,"A bord and pillar mine is being operated in a coal seam with a thickness of 3.5 m. The pillar width is 6 m and the mining height is 4 m. The uniaxial compressive strength of the coal is 30 MPa. If the depillaring operation is carried out using a longwall powered support system with a resistance of 2.5 kN/m, what is the minimum powder factor required to achieve a stripping ratio of 2.5? Assume a blast hole diameter of 0.15 m and a spacing of 1.5 m. The coal density is 1.4 t/m³. The energy released per unit volume of coal is 100 Ns²/m⁸.",0.025 kg/m³,0.050 kg/m³,0.075 kg/m³,0.100 kg/m³,2
594,Surface & Underground Mining Methods,Bord and Pillar depillaring,9,"A bord and pillar mine with a dip of 20° is being operated in a coal seam with a thickness of 3.5 m. The pillar width is 4.5 m and the spacing between pillars is 6.0 m. The coal has a uniaxial compressive strength of 30 MPa. If the depillaring is done using a mechanical excavator with a cutting force of 100 kN, what is the maximum safe pillar load in kN, considering a factor of safety of 2.5? Additionally, if the mining rate is 10 m³/s and the stripping ratio is 2.5, what is the required powder factor for blasting in kg/m³/s? Assume a blast powder factor of 0.5 kg/m³/s for coal.",The maximum safe pillar load is 150 kN and the required powder factor is 0.5 kg/m³/s.,The maximum safe pillar load is 120 kN and the required powder factor is 0.7 kg/m³/s.,The maximum safe pillar load is 180 kN and the required powder factor is 0.4 kg/m³/s.,The maximum safe pillar load is 160 kN and the required powder factor is 0.6 kg/m³/s.,2
595,Surface & Underground Mining Methods,Longwall powered support resistance,9,"A longwall face is 80 m long and 3.5 m high. The powered support resistance is given by the equation: R = 2 × 10^5 × (1 - e^(-0.05 × H)) × (1 - e^(-0.02 × L)), where R is in kN/m and H and L are in meters. If the height of the face is increased by 20% and the length remains unchanged, by what percentage is the resistance reduced?",5%,10%,15%,20%,2
596,Surface & Underground Mining Methods,Bord and Pillar depillaring,9,"A bord and pillar mine with dimensions 100 m x 100 m x 50 m is being depillared. The pillar density is 2.5 m³/kg and the average density of the ore is 3.5 kN/m³. The mining rate is 1000 t/h and the powder factor is 0.2 kg/m³. The blast resistance of the rock is 20 MPa. If the stripping ratio is 2.5:1 and the cost of extraction is $100/t, what is the minimum cost of extraction per ton of ore extracted, in $/t, considering the energy required for depillaring is 10 Ns²/m⁸?",$12.50/t,$15.00/t,$17.50/t,$20.00/t,2
597,Surface & Underground Mining Methods,Bord and Pillar depillaring,9,"A bord and pillar mine has a pillar extraction ratio of 0.8. The average pillar strength is 1.2 MPa and the average roof strength is 2.5 MPa. The mine has a production rate of 1000 tpd. The powder factor for the mine is 0.4 kg/t. The blasting pattern is a square with a side length of 5 m. The explosive used has a density of 1.5 g/cm³ and a detonation velocity of 3000 m/s. If the mine operates for 300 days per year, what is the minimum pillar size required to prevent rockbursts, assuming a blast powder factor of 0.3 kg/t and a stripping ratio of 3:1?",1.2 m x 1.2 m,1.5 m x 1.5 m,1.8 m x 1.8 m,2.1 m x 2.1 m,2
598,Surface & Underground Mining Methods,Longwall powered support resistance,9,"A longwall face is 150 m long and 3.5 m high. The powered support resistance is given by the equation R = (1.2 x 10^5) x (H / (H + 0.5)) x (L / (L + 1)), where R is in kN/m, H is the height of the face in m, and L is the length of the face in m. If the height of the face is increased by 10% and the length is decreased by 5%, calculate the new resistance, given that the initial resistance is 45 kN/m. What is the percentage increase in resistance?",15%,18%,20%,22%,2
599,Surface & Underground Mining Methods,Bord and Pillar depillaring,9,"A bord and pillar mine with a coal seam thickness of 2.5 m is being depillared using a 2.8 m wide cutting machine. The pillar width is 6.5 m and the spacing between pillars is 7.5 m. The average coal density is 1.35 t/m³. The machine's cutting force is 120 kN/m and the friction factor is 0.25. The machine's speed is 2.5 m/s. If the powder factor for the blast is 0.6 kg/m³ and the explosive energy is 4500 MJ/kg, calculate the stripping ratio for the mine. Assume the rock density is 2.5 t/m³. The blasting operation is done in a 24-hour shift. The mine operates 300 days a year. The machine's availability is 90%. The machine's efficiency is 85%. The mine's production cost is ₹ 250/m³. The market price of coal is ₹ 180/m³. The mine's operating cost is ₹ 120/m³. What is the minimum acceptable stripping ratio for the mine to be profitable?",1.2,1.5,1.8,2.2,2
600,Surface & Underground Mining Methods,Bord and Pillar depillaring,9,"A bord and pillar mine with a coal seam thickness of 2.5 m is being depillared using a 5 m x 5 m pillar extraction pattern. The in-situ stress (σh) is 5 MPa and the pillar strength (σc) is 3 MPa. The mining rate is 1000 t/h. If the powder factor (PF) is 0.4 kg/t, calculate the required blast energy (E) in kN·m. Additionally, determine the stripping ratio (SR) if the overburden density (ρ) is 2.5 t/m³ and the coal density (ρc) is 1.5 t/m³.","E = 12000 kN·m, SR = 2.5","E = 18000 kN·m, SR = 1.67","E = 24000 kN·m, SR = 1.33","E = 30000 kN·m, SR = 2.0",2
601,Engineering Mathematics,Matrix eigenvalues,10,"A hydroelectric power plant has a Francis turbine with a rotational speed of 150 rpm. The turbine is modeled using the following state-space representation: 

x' = [ 0.5  1.2; -1.5  0.8 ]x + [ 0.2; 0.1 ]u 
x = [ 1  0; 0  1 ]x 
where x is the state vector and u is the input vector. If the initial condition is x(0) = [ 2; 3 ] and the input is u(t) = 10sin(2πt), find the eigenvalues of the system matrix A and determine the time at which the system will become unstable. Assume the system is initially stable.",The eigenvalues are λ1 = 0.7 and λ2 = 0.3. The system will become unstable at t = 1.2 s.,The eigenvalues are λ1 = 0.8 and λ2 = 0.2. The system will become unstable at t = 2.5 s.,The eigenvalues are λ1 = 0.9 and λ2 = 0.1. The system will become unstable at t = 3.8 s.,The eigenvalues are λ1 = 0.5 and λ2 = 0.5. The system will become unstable at t = 5.1 s.,2
602,Engineering Mathematics,Matrix eigenvalues,10,"A 3x3 matrix A has eigenvalues λ1 = 2, λ2 = 3, and λ3 = 4. If A = [ [ 6, 3, -2 ], [ -3, 7, 1 ], [ 1, -1, 5 ] ], apply Cayley-Hamilton theorem to find the value of A^2, given that the matrix A is in MPa units. Express your answer in Ns²/m⁸.","A^2 = [ [ 12, -6, 4 ], [ -6, 24, -4 ], [ 4, -4, 20 ] ] Ns²/m⁸","A^2 = [ [ 14, -5, 2 ], [ -5, 26, -2 ], [ 2, -2, 18 ] ] Ns²/m⁸","A^2 = [ [ 16, -7, 3 ], [ -7, 32, -3 ], [ 3, -3, 22 ] ] Ns²/m⁸","A^2 = [ [ 18, -8, 4 ], [ -8, 36, -4 ], [ 4, -4, 24 ] ] Ns²/m⁸",0
603,Engineering Mathematics,Matrix eigenvalues,10,"A square matrix A has eigenvalues λ1 = 2 and λ2 = 3. If A is a 3x3 matrix, the value of the determinant of A is (in MPa).",60,90,120,150,3
604,Engineering Mathematics,Matrix eigenvalues,10,"A 5x5 matrix A has eigenvalues λ1 = 2, λ2 = 3, λ3 = 4, λ4 = 5, and λ5 = 6. If A is symmetric, the value of the determinant of the matrix (A - 4I) is closest to (in MPa):",0.25 × 10^6 MPa,1.00 × 10^6 MPa,2.50 × 10^6 MPa,5.00 × 10^6 MPa,2
605,Engineering Mathematics,Matrix eigenvalues,10,"A 3x3 matrix A has eigenvalues λ1 = 5, λ2 = 2, and λ3 = 1. If A is used to model the stress tensor of a rock sample undergoing uniaxial compression, and the principal stresses are σ1 = 20 MPa, σ2 = 10 MPa, and σ3 = 5 MPa, what is the magnitude of the maximum shear stress (τmax) in the sample, using the relation τmax = (σ1 - σ3)/2?",5.0 kN/m²,10.0 kN/m²,15.0 kN/m²,20.0 kN/m²,2
606,Engineering Mathematics,Matrix eigenvalues,10,"A square matrix A has eigenvalues λ1 = 2 and λ2 = 3. If A is a 3x3 matrix, and the determinant of A is 6, then the value of the expression (A^2 + 2A + I) (A - 2I) (A - 3I) is closest to:",36 kN/m³,-72 kN/m³,0.36 kN/m³,-0.72 kN/m³,0
607,General Aptitude & Reasoning,Logical deduction,10,"A conveyor belt is moving at a speed of 20 m/s. A box is placed on the conveyor belt and is being pulled by a force of 5 kN. The coefficient of friction between the box and the conveyor belt is 0.5. If the mass of the box is 500 kg, what is the minimum distance required for the box to be pulled at a constant speed?",10 m,20 m,30 m,40 m,2
608,General Aptitude & Reasoning,Logical deduction,10,"A conveyor belt is moving at a speed of 2.5 m/s. If the length of the conveyor belt is 50 m and it is loaded with a mass of 2000 kg, what is the power required to move the load if the coefficient of friction is 0.2? Assume the acceleration due to gravity as 9.81 m/s². Express your answer in kW.",10.5 kW,12.7 kW,15.1 kW,18.5 kW,2
609,General Aptitude & Reasoning,Logical deduction,10,"A mine has a rectangular tunnel of dimensions 10 m x 5 m. A conveyor belt is installed at one end of the tunnel, and a pump is installed at the other end to transport ore. The conveyor belt has a speed of 2 m/s and the pump has a discharge of 0.5 m³/s. If the density of the ore is 2.5 t/m³, and the power consumed by the pump is 100 kW, what is the percentage increase in the power required to transport the ore by the conveyor belt if the speed of the conveyor belt is reduced by 20%?",15%,20%,25%,30%,2
610,General Aptitude & Reasoning,Logical deduction,10,"A coal mine has two parallel tunnels, A and B, each 1000 m long. Tunnels A and B are connected by a conveyor belt that transports coal at a rate of 100 kN/s. The density of coal is 1.5 t/m³. The conveyor belt is 2.5 m wide and 0.5 m high. If the mine operates 24 hours a day, 365 days a year, and the coal is transported from the end of tunnel A to the end of tunnel B, how many years will it take to transport 100,000 t of coal, considering the conveyor belt is 20% efficient?",10 years,12 years,15 years,18 years,2
611,Geomechanics & Ground Control,Tributary Area Pillar Stress,10,"A rectangular coal pillar of dimensions 10 m x 8 m is excavated in a coal seam with a uniaxial compressive strength of 20 MPa. The pillar is subjected to a vertical stress of 2.5 MPa and a horizontal stress of 1.8 MPa. If a rock bolt of 25 mm diameter is installed at a spacing of 1.5 m, what is the maximum allowable pillar stress (σ) in MPa, considering the rock bolt capacity? Assume the rock bolt capacity is 10% of the pillar stress.",2.4,2.8,3.2,3.6,2
612,Geomechanics & Ground Control,Mohr-Coulomb failure,10,"A coal mine has a rock mass with the following geotechnical properties: π_c = 25°, π_p = 35°, E = 10 GPa, π = 0.3. A rectangular pillar with dimensions 5 m x 3 m is excavated in the rock mass. The pillar is subjected to a vertical stress of 4 MPa. Assuming a tributary area factor of 1.5, determine the axial capacity of a fully bonded rock bolt with a diameter of 25 mm and a length of 5 m. The rock bolt has a tensile strength of 1200 MPa. Neglect the effects of shear resistance.",kN,10.2 kN,8.1 kN,12.5 kN,1
613,Geomechanics & Ground Control,Mohr-Coulomb failure,10,"A circular tunnel with a diameter of 2.5 m is excavated in a rock mass with a uniaxial compressive strength of 30 MPa. The rock mass is classified as RMR 55. Assuming a mean stress of 5 MPa and a minor principal stress of 3 MPa, determine the required rock bolt capacity to maintain the tunnel stability. Use the Barton Q-system to estimate the rock mass quality (Q). Consider a tributary area pillar stress of 0.5 MPa. The rock bolt capacity is given by the equation: σb = (σ3 + σ1) / (2 ∙ tan(φ)), where σ3 and σ1 are the minor and major principal stresses, respectively, and φ is the angle of internal friction. The angle of internal friction for the rock mass can be estimated using the Mohr-Coulomb failure criterion: φ = φc + (σc / (σ3 + σ1)) ∙ tan(φc), where φc is the critical angle of internal friction and σc is the cohesion. Given that the critical angle of internal friction is 30° and the cohesion is 2 MPa, calculate the required rock bolt capacity.",20 kN,25 kN,30 kN,35 kN,2
614,Geomechanics & Ground Control,Mohr-Coulomb failure,10,"A rectangular coal pillar of dimensions 5 m x 4 m x 10 m is excavated in a coal seam with an uniaxial compressive strength of 30 MPa. The pillar is subjected to a vertical stress of 2 MPa and a horizontal stress of 1.5 MPa. The rock mass rating (RMR) of the coal seam is 45. If a 5 m long rock bolt with a yield strength of 150 kN is installed at an angle of 30° to the horizontal, what is the minimum required number of rock bolts to ensure the pillar's stability, considering the Mohr-Coulomb failure criterion and assuming a friction angle of 30°?",6,8,10,12,2
615,Geomechanics & Ground Control,Mohr-Coulomb failure,10,"A rectangular coal pillar of dimensions 10 m x 10 m x 20 m is excavated in a coal seam with a uniaxial compressive strength of 30 MPa. The coal seam is inclined at an angle of 30° to the horizontal. Assuming a friction angle of 30° and a cohesion of 0.5 MPa, determine the factor of safety against Mohr-Coulomb failure using the Bieniawski RMR system. The rock mass rating (RMR) is 55. If the rock bolts are anchored at 10 m depth with a length of 15 m, and have a yield strength of 150 kN, what is the minimum number of bolts required to achieve a factor of safety of 1.5 against rock bolt failure, considering a tributary area of 100 m² and a pillar stress of 4 MPa?",7 bolts,9 bolts,11 bolts,13 bolts,2
616,Geomechanics & Ground Control,Mohr-Coulomb failure,10,"A coal mine has a seam with a thickness of 1.5 m and an in-situ stress of 10 MPa in the horizontal direction and 8 MPa in the vertical direction. The coal has a uniaxial compressive strength of 20 MPa and a cohesion of 0.5 MPa. A rock bolt is to be installed to control the failure of the coal seam. If the rock bolt has a yield strength of 1000 kN/m, what is the maximum length of the rock bolt that can be used to prevent failure of the coal seam? Assume a tributary area of 5 m² and a Bieniawski RMR rating of 55. The Barton Q-system parameters are Q = 3, a = 0.5, and m = 0.02. The rock bolt capacity is given by the equation: σb = Q ∗ (σ1 − σ3) ∗ (1 + a ∗ (σ1 + σ3) / 2 ∗ (c ∗ tan(π ∗ m / 2))).",6.25 m,7.5 m,9.375 m,12.5 m,2
617,Geomechanics & Ground Control,Mohr-Coulomb failure,10,"A coal mine has a rock mass with the following geotechnical parameters: RMR = 45, Q = 3.5, and σv = 2.5 MPa. A square pillar of side length 4 m is excavated in this rock mass. Assuming a tributary area factor of 1.5, calculate the maximum allowable pillar stress (σp) in MPa, considering the rock bolt capacity to be 50 kN/m. If the calculated σp is less than the rock mass strength (σc = 5 MPa), what is the minimum number of rock bolts required to support the pillar?","σp = 3.25 MPa, 12 rock bolts","σp = 4.2 MPa, 8 rock bolts","σp = 2.8 MPa, 15 rock bolts","σp = 5.1 MPa, 6 rock bolts",0
618,Geomechanics & Ground Control,Mohr-Coulomb failure,10,"A coal mine has a rectangular pillar of dimensions 5 m x 3 m x 10 m. The pillar is subjected to a vertical stress of 2.5 MPa. Assuming a Mohr-Coulomb failure criterion with c = 0.5 MPa and φ = 35°, calculate the factor of safety (FoS) against failure. Also, if the rock mass rating (RMR) is 55, what is the expected tunnel support requirement in terms of number of rock bolts per meter run? Consider the Q-system parameters as Q = 5.2 and γt = 20°. Assume a tributary area of 100 m² for the pillar.","FoS = 1.8, 12 rock bolts/m run","FoS = 2.1, 15 rock bolts/m run","FoS = 1.5, 8 rock bolts/m run","FoS = 2.3, 18 rock bolts/m run",1
619,Geomechanics & Ground Control,Mohr-Coulomb failure,10,A coal mine is excavating a 10 m x 10 m x 5 m high room-and-pillar mine with 4 m x 4 m pillars. The rock mass has a Bieniawski RMR of 55. The uniaxial compressive strength (UCS) of the rock is 120 MPa. The rock bolt is 2.5 m long and has a yield strength of 150 kN. The rock mass is subjected to a major principal stress of 20 MPa. Calculate the minimum required rock bolt capacity to prevent failure using the Barton Q-system. Assume a tributary area factor of 1.5. Express your answer in kN.,90 kN,120 kN,150 kN,180 kN,2
620,Geomechanics & Ground Control,Mohr-Coulomb failure,10,"A coal mine has a rock mass with the following properties: φ = 35°, σc' = 5 MPa, and RMR = 55. The mine is excavating a tunnel with a diameter of 6 m. If the rock mass is subjected to a major principal stress (σ1) of 10 MPa, determine the factor of safety against failure using the Mohr-Coulomb criterion. Assume a tributary area factor of 1.2 and neglect the influence of the rock mass rating on the cohesion. Calculate the pillar stress (σp) using the formula σp = σ1 / (1 + (σ1 / σc') * tan(φ)).","FS = 1.5, σp = 4.73 MPa","FS = 1.8, σp = 5.29 MPa","FS = 2.1, σp = 6.07 MPa","FS = 2.4, σp = 6.85 MPa",1
621,"Mine Planning, Geostatistics & Economics",Net Present Value,10,"A mining project requires an initial investment of ₹ 1.2 crores. The project is expected to generate a revenue of ₹ 0.8 crores in the first year, ₹ 1.1 crores in the second year, and ₹ 1.5 crores in the third year. The project's life cycle is 3 years. The discount rate is 12% per annum. The spherical semivariogram model for the ore grade is given by: γ(h) = 0.5 (1 - (3/π)^(1/2) (h/φ)^3) with a sill of 0.8 and a nugget effect of 0.2. The Ordinary Kriging estimation variance is 0.05. Calculate the Net Present Value (NPV) of the project using the given parameters.",₹ 3.12 crores,₹ 3.45 crores,₹ 3.62 crores,₹ 4.12 crores,2
622,"Mine Planning, Geostatistics & Economics",Mine Planning,10,"A copper mine is planned to operate for 10 years with an initial investment of ₹ 15 crores. The annual operating cost is ₹ 2.5 crores and the annual revenue is ₹ 5.5 crores. The mine is expected to produce 10,000 tonnes of copper concentrate per year. The copper price is ₹ 40,000 per tonne. The semivariogram model for copper grade is given by: γ(h) = 0.5 + 0.3 * (h / 100)^(1/2) with a spherical semivariogram sill of 1.5 and a nugget effect of 0.2. The Ordinary Kriging estimation variance is 0.05. Calculate the Net Present Value (NPV) of the mine using a discount rate of 10%.",₹ 22.15 crores,₹ 24.50 crores,₹ 26.85 crores,₹ 29.20 crores,2
623,"Mine Planning, Geostatistics & Economics",Mine Planning,10,"A coal mine is planned to be operated for 10 years with an initial investment of ₹ 100 crores. The annual operating cost is ₹ 20 crores and the annual revenue is ₹ 30 crores. The mine is expected to produce 2 million tonnes of coal per year. The net present value (NPV) of the mine is to be calculated using a discount rate of 12% per annum. The semivariogram model of the coal reserves has a spherical shape with a sill of 100 kN²/m⁸ and a nugget effect of 50 kN²/m⁸. The Ordinary Kriging estimation variance is given by σ² = 0.1 * (100 - 50) / (3 * π * (h/h₀)⁶) where h is the lag distance and h₀ is the effective range. If the effective range is 200 m, what is the NPV of the mine at the end of 10 years?",₹ 150 crores,₹ 200 crores,₹ 250 crores,₹ 300 crores,2
624,"Mine Planning, Geostatistics & Economics",Net Present Value,10,"A mining company is planning to invest in a new underground coal mine. The initial investment required is ₹ 10,000,000. The mine is expected to produce 50,000 tons of coal per year for 20 years. The price of coal is ₹ 2,500 per ton. The company expects a 10% annual increase in coal price. The operating costs are ₹ 1,500 per ton. The company's cost of capital is 12%. Calculate the Net Present Value (NPV) of the project, considering the spherical semivariogram model with a sill of 10 Ns²/m⁸ and a nugget effect of 1 Ns²/m⁸. Ordinary Kriging estimation variance is 5%.","₹ 1,234,567","₹ 1,567,890","₹ 1,876,543","₹ 2,345,678",2
625,"Mine Planning, Geostatistics & Economics",Mine Planning,10,"A mining company is planning to extract a block of ore with an estimated reserve of 10,000 tonnes. The ore is expected to be sold at a price of ₹ 4,500 per tonne. The mining costs are estimated to be ₹ 1,500 per tonne and the processing costs are ₹ 1,000 per tonne. The company expects to sell 70% of the ore in the first year, 20% in the second year and the remaining 10% in the third year. If the company uses a discount rate of 10% and a semivariogram sill of 100 Ns²/m⁸ with a nugget effect of 5 Ns²/m⁸, what is the Net Present Value (NPV) of the project, considering the Ordinary Kriging estimation variance of 20%?","₹ 1,32,50,000","₹ 1,41,00,000","₹ 1,49,50,000","₹ 1,58,00,000",2
626,"Mine Planning, Geostatistics & Economics",Net Present Value,10,"A mining company is evaluating the feasibility of extracting a copper deposit with an estimated reserve of 1,000,000 tonnes. The estimated average grade of the deposit is 1.5% Cu. The current market price of copper is ₹ 45,000 per tonne. The mining cost is estimated to be ₹ 1,500 per tonne, and the processing cost is ₹ 2,000 per tonne. The company expects to sell the copper at the current market price. The discount rate is 8% per annum. The spherical semivariogram model is used to estimate the copper grades, with a nugget effect of 0.1 and a sill of 10. The Ordinary Kriging estimation variance is 0.05. Calculate the Net Present Value (NPV) of the project, and select the correct option.","₹ 1,23,45,000","₹ 1,23,65,000","₹ 1,23,85,000","₹ 1,24,05,000",2
627,"Mine Planning, Geostatistics & Economics",Net Present Value,10,"A mining project has an initial investment of ₹ 10 crore and an estimated life of 10 years. The annual operating cost is ₹ 5 crore and the annual revenue is ₹ 7 crore. The project has a spherical semivariogram model with a sill of 10 Ns²/m⁸ and a nugget effect of 2 Ns²/m⁸. The Ordinary Kriging estimation variance is 5% of the sill. Calculate the Net Present Value (NPV) of the project using a discount rate of 12% per annum. If the NPV is positive, what is the Internal Rate of Return (IRR)?","NPV = ₹ 3.5 crore, IRR = 15%","NPV = ₹ 4.2 crore, IRR = 14%","NPV = ₹ 5.1 crore, IRR = 16%","NPV = ₹ 6.5 crore, IRR = 18%",1
628,"Mine Planning, Geostatistics & Economics",Mine Planning,10,"A coal mine has a proposed investment of ₹ 5.5 crores to install a new conveyor belt system. The system is expected to increase the mine's production rate by 15% and reduce the operating costs by ₹ 1.2 lakhs per annum. The mine's existing production rate is 2.5 kN/s and the operating costs are ₹ 3.2 lakhs per annum. Assuming a 12% discount rate and a 5-year mine life, calculate the Net Present Value (NPV) of the investment. Also, determine the Internal Rate of Return (IRR) of the investment. The spherical semivariogram model of the mine's grade distribution has a sill of 0.15 Ns²/m⁸ and a nugget effect of 0.02 Ns²/m⁸. The Ordinary Kriging estimation variance is 0.05 Ns²/m⁸. The mine's grade is estimated to be 0.8% in the first year, 0.9% in the second year, 1.0% in the third year, 1.1% in the fourth year, and 1.2% in the fifth year. The coal price is ₹ 250 per tonne. Assuming a 10% royalty on the coal price, calculate the NPV and IRR of the investment.",₹ 1.23 crores,₹ 1.45 crores,₹ 1.67 crores,₹ 1.89 crores,2
629,"Mine Planning, Geostatistics & Economics",Mine Planning,10,"A coal mine is being developed with an initial investment of ₹ 5.5 crores. The mine is expected to produce 1.2 million tonnes of coal per year for 10 years. The average selling price of coal is ₹ 2,500 per tonne. The operating costs are ₹ 1,500 per tonne. The geologist has estimated the semivariogram model for the coal reserves as: √(h) = 0.5 + 0.2 ∗ |h| + 0.1 ∗ |h|^2, where h is the lag. The nugget effect is 10% of the sill, and the sill is 100 Ns^2/m^8. The Ordinary Kriging estimation variance is 5% of the sill. Calculate the Net Present Value (NPV) of the mine, considering a discount rate of 12% per annum.",₹ 32.5 crores,₹ 35.1 crores,₹ 37.8 crores,₹ 40.5 crores,2
630,"Mine Planning, Geostatistics & Economics",Mine Planning,10,"A mine is planned to extract 1.2 million tonnes of ore over 5 years. The operating cost is estimated to be $120/t and the capital cost is $15 million. The annual discount rate is 8% and the mine life is expected to be 5 years. If the mine is expected to produce 300,000 tonnes of ore in the first year, 250,000 tonnes in the second year, 220,000 tonnes in the third year, 180,000 tonnes in the fourth year and 150,000 tonnes in the fifth year, what is the Net Present Value (NPV) of the mine?","$2,345,600","$2,654,800","$2,123,200","$2,891,200",2
631,"Mine Planning, Geostatistics & Economics",Net Present Value,10,"A mining company is planning to extract an iron ore deposit. The initial investment required for the project is ₹ 1.5 billion. The operating cost for the next 5 years is ₹ 0.3 billion per year. The revenue generated from the sale of iron ore is ₹ 0.6 billion per year. The discount rate is 10% per annum. The semivariogram model for the ore grade is a spherical model with a sill of 100 MPa² and a nugget effect of 20 MPa². The Ordinary Kriging estimation variance is 10 MPa². What is the Net Present Value (NPV) of the project, rounded to the nearest integer?",₹ 1.2 billion,₹ 1.5 billion,₹ 1.8 billion,₹ 2.1 billion,2
632,Mine Surveying & Geomatics,Bowditch rule traverse closing error,10,"A traverse consists of 5 sides with the following angles and distances: AB = 100 m, BC = 120 m, CD = 80 m, DA = 90 m, angle ABC = 60°, angle BCD = 75°, angle CDA = 40°. The traverse is closed using the Bowditch rule. If the closing error is 0.3 m, calculate the correction to be applied to the EDM distance CD using the formula: correction = (closing error / (2 * sin(∠ABC/2) * sin(∠BCD/2) * sin(∠CDA/2))) * (CD^2 / (AB * BC * DA)). Assume the EDM distance CD is measured as 82.5 m.",1.23 m,1.45 m,1.67 m,1.89 m,2
633,Mine Surveying & Geomatics,Bowditch rule traverse closing error,10,"A mine survey traverse consisting of 8 stations is closed using the Bowditch rule. The closing error is found to be 1.2 m. If the standard deviation of the leveling survey is 0.05 m, the standard deviation of the EDM survey is 0.002 m, and the sensitivity of the EDM instrument is 0.0001 m/°, what is the standard deviation of the traverse closing error?",0.0015 m,0.0021 m,0.0032 m,0.0045 m,2
634,Mine Surveying & Geomatics,Bowditch rule traverse closing error,10,"A mine survey traverse has the following angles and distances: A-B = 250 m, B-C = 300 m, C-D = 220 m, ∠ABC = 60°, ∠BCD = 75°, ∠CDA = 105°. Using the Bowditch rule, calculate the closing error in the traverse. If the EDM instrument has a systematic error of 0.5 mm and a random error of 1.2 mm, what is the total error in the traverse? Assume the leveling sensitivity is 1:100,000.",The closing error is 0.012 m and the total error is 1.65 mm,The closing error is -0.015 m and the total error is 2.4 mm,The closing error is 0.015 m and the total error is 2.1 mm,The closing error is -0.012 m and the total error is 1.8 mm,2
635,Mine Ventilation & Environment,Atkinson's friction law,10,"A mine airway with a length of 1000 m and a diameter of 2.5 m is ventilated by a fan with a power of 250 kW. The airway is inclined at an angle of 10° to the horizontal. The air density is 1.2 kg/m³. Using Atkinson's friction law, determine the fan's pressure rise requirement to maintain a ventilation rate of 0.5 m³/s. Assume the fan's efficiency is 0.8 and the air's viscosity is 1.86 × 10^(-5) Ns/m². The fan's characteristic curve is given by: Q = 0.1 × √(P - 100), where Q is in m³/s and P is in kPa.",P = 125 kPa,P = 150 kPa,P = 175 kPa,P = 200 kPa,2
636,Mine Ventilation & Environment,Atkinson's friction law,10,"A mine ventilation system uses a centrifugal fan to supply air to a long, narrow tunnel. The fan has a characteristic curve that is given by the equation Q = 2.5 × P^1.2, where Q is the airflow rate in m³/s and P is the fan pressure in kPa. The Atkinson's friction law for the tunnel is given by the equation f = 0.02 × (P/100)^0.8, where f is the friction factor and P is the fan pressure in kPa. The Coward flammability triangle for the gas being transported is given by the limits: lower flammability limit (LFL) = 2% v/v, upper flammability limit (UFL) = 10% v/v, and ignition temperature = 450°C. The fan is operating at a pressure of 150 kPa. Calculate the airflow rate, Q, in m³/s, the friction factor, f, and the minimum air velocity, V, in m/s, required to prevent ignition of the gas. Assume the tunnel diameter is 2 m and the gas density is 1.2 kg/m³. If the fan is operating at its maximum efficiency, what is the minimum fan power, P, in kW, required to transport the gas safely?","Q = 5.65 m³/s, f = 0.035, V = 1.2 m/s, P = 12.5 kW","Q = 6.25 m³/s, f = 0.030, V = 1.1 m/s, P = 15 kW","Q = 4.75 m³/s, f = 0.040, V = 1.3 m/s, P = 18.75 kW","Q = 7.35 m³/s, f = 0.025, V = 1.0 m/s, P = 20 kW",2
637,Mine Ventilation & Environment,Atkinson's friction law,10,"A mine ventilation fan with a fan characteristic curve given by Q = 0.75 × (P - 100)² and a pressure drop of 150 kPa is used to ventilate a 100 m long tunnel with a flow rate of 2.5 m³/s. If the air flow velocity in the tunnel is 10 m/s, the total head loss in the tunnel (in kPa) is",150 + 0.75 × (2.5)²,150 + 0.75 × (2.5)² × (10)²,150 + 0.75 × (2.5)² × (10)² × 100,150 + 0.75 × (2.5)² × (10)² × 100 × (150/100),3
638,Mine Ventilation & Environment,Atkinson's friction law,10,"A mine ventilation fan is installed in a 100 m long tunnel with a diameter of 2.5 m. The air flow rate is 0.5 m³/s and the pressure drop is 0.2 MPa. Using Atkinson's friction law, determine the fan power (in kW) required to overcome the resistance. The fan characteristic curve is given by: Q = 0.1 * (ΔP)^(0.5) * (D)^(0.8) where Q is the air flow rate (m³/s), ΔP is the pressure drop (Pa), and D is the diameter of the tunnel (m). The fan efficiency is 85%. The Coward flammability triangle indicates that the mine air is at a temperature of 25°C and relative humidity of 60%. The natural ventilation pressure is 0.01 Pa/m². Assuming the fan operates at a speed of 1200 rpm, calculate the fan power required to overcome the resistance. Note: The fan power required to overcome the resistance is given by: P = (Q * ΔP) / (η * ρ * N) where P is the fan power (W), Q is the air flow rate (m³/s), ΔP is the pressure drop (Pa), η is the fan efficiency, ρ is the air density (kg/m³), and N is the fan speed (rpm). The air density can be calculated using the ideal gas law: ρ = (P * M) / (R * T) where ρ is the air density (kg/m³), P is the air pressure (Pa), M is the molar mass of air (28.97 kg/kmol), R is the gas constant (8.314 J/mol·K), and T is the air temperature (K).",3.45 kW,4.21 kW,5.98 kW,7.32 kW,2
639,Mining Machinery & Materials Handling,Koepe winder slip criteria,10,"A Koepe winder is used to hoist a 1000 m long rope with a mass of 1.5 Mg. The rope has a diameter of 80 mm and a breaking load of 120 kN. The winder's drum radius is 1.2 m and the rope wraps around the drum 8 times. The winder is driven by a 250 kW motor. If the rope slips by 10% due to excessive load, determine the power required to maintain the same speed. Given: μs = 0.3, ρ = 7850 kg/m³, g = 9.81 m/s². Assume the rope's velocity is 10 m/s.",350 kW,400 kW,450 kW,500 kW,2
640,Mining Machinery & Materials Handling,Koepe winder slip criteria,10,"A Koepe winder is used to lift 1500 t/h of coal at a speed of 4 m/s. The wire rope has a diameter of 64 mm and a mass per unit length of 0.75 kg/m. The static factor of safety is specified as 5. The slip criterion is given by the equation: s = (F / (F_0 · S)) · 100, where s is the slip percentage, F is the actual tension, F_0 is the breaking load, and S is the static factor of safety. If the breaking load of the wire rope is 120 kN, determine the minimum allowable power required to prevent slip, given that the power is directly proportional to the cube of the speed and the cube of the mass per unit length.",P = 1.35 × 10^5 (m/s)^3 × (kg/m)^3,P = 2.25 × 10^5 (m/s)^3 × (kg/m)^3,P = 3.15 × 10^5 (m/s)^3 × (kg/m)^3,P = 4.05 × 10^5 (m/s)^3 × (kg/m)^3,2
641,Mining Machinery & Materials Handling,Koepe winder slip criteria,10,"A Koepe winder is used in a coal mine to lift a 10 m long, 1.2 m diameter steel rope with a mass of 100 kg/m. The rope is subjected to a tensile load of 500 kN. If the rope's ultimate tensile strength is 1500 MPa, the static factor of safety (SF) is 2.5, and the rope's acceleration is 2 m/s², determine the maximum allowable slip (S) in meters. The slip can be calculated using the formula: S = (F × a) / (SF × μ × g), where F is the tensile force, a is the acceleration, SF is the static factor of safety, μ is the coefficient of friction (0.25), and g is the acceleration due to gravity (9.81 m/s²).",0.12 m,0.15 m,0.18 m,0.22 m,2
642,Mining Machinery & Materials Handling,Koepe winder slip criteria,10,"A Koepe winder is used to haul a 100 m long rope with a mass of 5,000 kg. The rope is wrapped around a drum with a diameter of 1.2 m. The rope is subjected to a tension of 250 kN at the drum and 200 kN at the free end. The coefficient of friction between the rope and the drum is 0.25. Determine the slip speed of the rope in m/s, considering the static factor of safety of the rope is 5. Also, calculate the power required to haul the rope at a speed of 2.5 m/s. Given: Rope mass per unit length = 0.1 kg/m, Rope diameter = 0.02 m.",The slip speed is 0.012 m/s and the power required is 14.7 kW.,The slip speed is 0.018 m/s and the power required is 21.9 kW.,The slip speed is 0.024 m/s and the power required is 29.1 kW.,The slip speed is 0.030 m/s and the power required is 36.3 kW.,2
643,Mining Machinery & Materials Handling,Koepe winder slip criteria,10,"A Koepe winder is used to hoist a 10 m long ore haulage rope with a diameter of 60 mm. The rope is subjected to a tensile load of 500 kN. If the rope's breaking load is 1200 kN and its static factor of safety is 5, determine the maximum permissible slip velocity (m/s) for the rope. Assume the rope's mass per unit length is 0.02 t/m. The rope's coefficient of friction is 0.25. Given that the rope's acceleration is 0.5 m/s², calculate the power (kW) required to maintain this acceleration. If the power is 25 kW, determine the shovel-dumper match index.",A slip velocity of 0.5 m/s and a shovel-dumper match index of 0.8,A slip velocity of 1.2 m/s and a shovel-dumper match index of 1.2,A slip velocity of 0.8 m/s and a shovel-dumper match index of 1.0,A slip velocity of 1.5 m/s and a shovel-dumper match index of 1.5,2
644,Mining Machinery & Materials Handling,Koepe winder slip criteria,10,"A Koepe winder is used in a coal mine to lift 2000 t/h of coal at a speed of 2.5 m/s. The winder is equipped with a wire rope of diameter 80 mm and a static factor of safety (SF) of 5. The rope is subjected to a tensile load of 1000 kN. Determine the maximum permissible slip speed (v) in m/s, considering the rope's breaking load (Tb) as 250 kN and the maximum allowable stress (σmax) as 50 MPa. If the slip speed is 0.5 m/s, calculate the percentage of the rope's length (L) that would be in contact with the drum at any instant.","0.25 m/s, 12.5% of L","0.35 m/s, 15% of L","0.45 m/s, 18% of L","0.55 m/s, 20% of L",2
645,Mining Machinery & Materials Handling,Koepe winder slip criteria,10,"A Koepe winder is used to hoist a 10 m long rope with a diameter of 50 mm. The rope is made of a steel alloy with a yield strength of 800 MPa. If the rope is subjected to a tensile load of 200 kN, determine the maximum allowable slip velocity (m/s) if the static factor of safety is 2.5. Assume the rope's dynamic factor of safety is 1.8. Consider the following equation for the slip velocity: v = (F ∙ l) / (S ∙ A ∙ π ∙ d^3), where F is the tensile load, l is the rope length, S is the static factor of safety, A is the rope cross-sectional area, π is the dynamic factor of safety, and d is the rope diameter. Given that the rope's cross-sectional area is 0.01 m^2, calculate the maximum allowable slip velocity.",0.25 m/s,0.5 m/s,1.0 m/s,1.5 m/s,2
646,Mining Machinery & Materials Handling,Koepe winder slip criteria,10,"A Koepe winder is used to lift 1500 t/h of ore at a speed of 1.2 m/s. The wire rope has a diameter of 80 mm and a mass per unit length of 0.6 kg/m. If the maximum permitted slip is 5% and the static factor of safety is 5, calculate the minimum required power input to the winder, considering the effect of the static factor of safety on the maximum permissible tension. The specific gravity of the ore is 2.8. Assume a uniform acceleration of 1.5 m/s². The efficiency of the winder is 90%. The density of the wire rope is 7800 kg/m³. The angle of wrap is 4.5 radians. The mass flow rate of the ore is 1500 t/h, which is equivalent to 4.17 m³/s. The maximum permissible tension is 10 MPa. The acceleration due to gravity is 9.81 m/s². The rope's linear mass density is 0.6 kg/m.",P = 1500 kW,P = 1800 kW,P = 2200 kW,P = 2500 kW,2
647,Mining Machinery & Materials Handling,Koepe winder slip criteria,10,"A Koepe winder is used in a coal mine to haul a rope with a linear mass density of 0.05 t/m. The rope is wrapped around a drum with a diameter of 2 m and a rotational speed of 10 rpm. The angle of wrap is 270° and the tension in the rope is 500 kN. Assuming a static factor of safety of 5 for the rope, calculate the maximum allowable slip velocity (in m/s) for the rope. Also, calculate the power (in kW) required to haul the rope at this slip velocity. If the power required is 200 kW, what is the shovel-dumper match index (in t/m³/s) for this operation?","Slip velocity: 0.15 m/s, Power: 200 kW, Match index: 4.2 t/m³/s","Slip velocity: 0.20 m/s, Power: 220 kW, Match index: 3.5 t/m³/s","Slip velocity: 0.30 m/s, Power: 250 kW, Match index: 2.5 t/m³/s","Slip velocity: 0.40 m/s, Power: 280 kW, Match index: 1.8 t/m³/s",2
648,Mining Machinery & Materials Handling,Koepe winder slip criteria,10,"A Koepe winder is used for hoisting ore in an underground mine. The winder is equipped with a wire rope of diameter 80 mm and Young's modulus 200 GPa. The maximum allowable slip is 2% of the rope's length. If the winder is lifting a load of 500 kN at a speed of 2 m/s, determine the maximum permissible tension in the wire rope. The mass density of the rope is 7800 kg/m³. Assume the rope's velocity is constant and the acceleration is negligible. Given that the static factor of safety (SFoS) is 2.5, calculate the minimum required rope diameter to meet the slip criteria.",The minimum required rope diameter is 0.095 m.,The minimum required rope diameter is 0.105 m.,The minimum required rope diameter is 0.115 m.,The minimum required rope diameter is 0.125 m.,2
649,Mining Machinery & Materials Handling,Koepe winder slip criteria,10,"A Koepe winder is used to haul a 100 m long rope with a diameter of 80 mm. The rope has a mass per unit length of 0.5 kg/m and is subjected to a tension of 500 kN at the winding drum. Assuming a rope speed of 10 m/s, calculate the slip velocity (in m/s) of the rope. Given: rope's coefficient of friction = 0.2, rope's Young's modulus = 10^9 Pa. If the slip velocity is less than 0.01 m/s, the rope is considered to be in a safe operating condition. What is the minimum power (in kW) required to haul the rope at the safe operating condition?",P = 4.8 kW,P = 5.2 kW,P = 5.6 kW,P = 6.0 kW,2
650,Mining Machinery & Materials Handling,Koepe winder slip criteria,10,"A Koepe winder is used in a coal mine to lift 1000 t/h of coal at a speed of 10 m/s. The wire rope has a diameter of 70 mm and a breaking load of 150 kN. The static factor of safety is 5. The angle of wrap is 4 and the load factor is 1.2. The slip velocity is given by the equation: v = (T - W) / (m ∗ ω). If the tension in the wire rope is 120 kN, determine the mass flow rate of coal being lifted.",1200 t/h,1500 t/h,1800 t/h,2200 t/h,2
651,Mining Machinery & Materials Handling,Koepe winder slip criteria,10,"A Koepe winder is designed to handle a 10 m³/s flow rate of coal at a head of 500 m. The wire rope has a diameter of 80 mm and a breaking load of 200 kN. The static factor of safety is specified as 5. The rope is wrapped around a drum with a diameter of 2 m and a width of 1.5 m. If the rope slips by 10% at the drum, calculate the power required to drive the winder. Assume the efficiency of the winder is 90%. Given: ρ = 800 kg/m³, g = 9.81 m/s², μ = 0.1.",1.45 MW,1.65 MW,1.85 MW,2.05 MW,2
652,Surface & Underground Mining Methods,Bord and Pillar depillaring,10,"A bord and pillar mine with a panel size of 10 m x 10 m is being depillared using a continuous miner. The coal seam has a thickness of 2.5 m and an uniaxial compressive strength of 30 MPa. The pillar size is 4 m x 4 m. The mining rate is 100 m³/h. If the powder factor for blasting is 0.05 kg/m³ and the blast frequency is 6 blasts/day, calculate the total resistance of the powered support system required to prevent rockbursts, given that the stripping ratio is 2.5:1 and the longwall powered support resistance is 100 kN/m. Assume the rock mass modulus is 10 Ns²/m⁸.",50 kN/m,75 kN/m,100 kN/m,125 kN/m,2
653,Surface & Underground Mining Methods,Bord and Pillar depillaring,10,"A bord and pillar mine has a room width of 6.5 m and a pillar width of 3.2 m. The average density of the ore is 3.8 t/m³. The mine operates at a depth of 400 m. The geostatic stress at the mine is 2.5 MPa. The pillar depillaring is done using a mechanical excavator with a cutting force of 100 kN. The powder factor for the blast is 0.6 kg/m³. The stripping ratio of the mine is 2.8. Calculate the total energy required for the pillar depillaring operation per unit volume of ore mined, considering the geostatic stress and the cutting force. Assume the specific energy of the cutting force is 10 Ns²/m⁸.",12.5 kJ/m³,15.6 kJ/m³,18.8 kJ/m³,22.1 kJ/m³,2
654,Surface & Underground Mining Methods,Bord and Pillar depillaring,10,"A bord and pillar mine with a room height of 3.5 m and a pillar width of 4.2 m is being depillared. The in-situ stress is 1.2 MPa in the x-direction and 1.5 MPa in the y-direction. The depillaring is done using a 1.5 m wide cutting machine with a cutting force of 150 kN. The coal has a density of 1.3 t/m³ and a Young's modulus of 3.2 GPa. The cutting machine is moving at a speed of 2.5 m/min. If the cutting machine is to be powered by a 100 kW electric motor, what is the minimum required power factor (kW/100 V) for the motor to maintain a safe cutting speed? Assume the cutting efficiency is 80% and the motor efficiency is 90%.",0.012 Ns²/m⁸,0.015 kN/m,0.020 kW/100 V,0.025 MPa,2
655,Surface & Underground Mining Methods,Bord and Pillar depillaring,10,"A bord and pillar mine with a panel dimension of 100 m × 100 m is being depillared using a mechanized system. The pillar extraction ratio is 0.6, and the average pillar strength is 2.5 MPa. The overburden is 150 m thick and has a density of 2.8 t/m³. The mining rate is 1000 t/h, and the powder factor for blasting is 0.25 kg/t. Determine the minimum powered support resistance required for the longwall face, considering the stripping ratio of 3.5:1. Assume a coal density of 1.4 t/m³. If the support resistance is 150 kN/m, what is the percentage increase in support resistance required to maintain the same mining rate?",12.5%,15%,17.5%,20%,2
656,Surface & Underground Mining Methods,Bord and Pillar depillaring,10,A bord and pillar mine with a panel width of 10 m and a pillar width of 4 m is being depillared. The in-situ rock mass strength is 10 MPa. The depillaring is done using a continuous miner with a cutting height of 3 m. The coal density is 1.2 t/m³. The miner's cutting power is 100 kW. The coal seam thickness is 2.5 m. The coal is being extracted at a rate of 100 t/h. The stripping ratio is 2:1. The blast powder factor is 0.5 kg/m³. The longwall powered support resistance is 100 kN/m. The coal's specific energy is 30 Ns²/m⁸. The mine's ventilation system requires 0.5 m³/s of air per ton of coal extracted. Determine the total power required for ventilation and coal extraction.,150 kW,200 kW,250 kW,300 kW,2
657,Surface & Underground Mining Methods,Bord and Pillar depillaring,10,"A bord and pillar mine with a working height of 3.5 m is being operated in a coal seam with a strength of 7.5 MPa. The pillar width is 4.2 m and the pillar spacing is 6.5 m. The mine is being extracted at a rate of 0.15 m³/s. If the powder factor for the blast is 0.7 kg/m³ and the explosive energy is 1000 Nm/kg, calculate the stripping ratio (volume of waste rock divided by the volume of ore) and determine the minimum longwall powered support resistance required to prevent the roof from caving in, given that the longwall face is 120 m long and the support resistance is directly proportional to the square root of the explosive energy. Assume the density of the coal is 1.2 t/m³.","Stripping ratio = 2.1, Minimum longwall support resistance = 150 kN/m","Stripping ratio = 2.5, Minimum longwall support resistance = 180 kN/m","Stripping ratio = 2.8, Minimum longwall support resistance = 200 kN/m","Stripping ratio = 3.2, Minimum longwall support resistance = 220 kN/m",2
658,Surface & Underground Mining Methods,Longwall powered support resistance,10,"A longwall face is 80 m long and 3.5 m high. The powered support system consists of 12 m long, 0.5 m wide, and 0.2 m thick steel girders spaced 1.5 m apart. The system is designed to withstand a maximum load of 150 kN/m. The in-situ stress at the face is 2.5 MPa in the horizontal direction and 1.8 MPa in the vertical direction. If the system is subjected to a uniform load of 1.2 kN/m², determine the maximum resistance offered by the system. Assume the material properties of the steel girder to be E = 2 × 10^5 MPa and ν = 0.3. Also, calculate the stripping ratio for a longwall face with a production rate of 20 m³/s and a mining cost of ₹ 1.5 × 10^5 /m³.",The maximum resistance offered by the system is 240 kN and the stripping ratio is 3.75.,The maximum resistance offered by the system is 270 kN and the stripping ratio is 2.5.,The maximum resistance offered by the system is 300 kN and the stripping ratio is 4.2.,The maximum resistance offered by the system is 180 kN and the stripping ratio is 1.8.,2
659,Surface & Underground Mining Methods,Bord and Pillar depillaring,10,"A bord and pillar mine with a working height of 4.5 m and pillar width of 3.2 m is being depillared using a mechanized system. The in-situ stress is 2.5 MPa in the x-direction and 1.8 MPa in the y-direction. The extraction ratio is 0.7. The powder factor for the depillaring operation is 0.25 kg/m³. The density of the rock is 2700 kg/m³. If the blasting operation is to be carried out in a single pass, what is the minimum number of holes required for the depillaring operation, considering a hole diameter of 0.15 m and a blast powder factor of 0.5 kg/m³?",15 holes,18 holes,22 holes,25 holes,2
660,Surface & Underground Mining Methods,Bord and Pillar depillaring,10,"A bord and pillar mine with a coal seam of 4.5 m thickness is being depillared using a 2.5 m x 2.5 m pillar layout. The coal has a uniaxial compressive strength of 35 MPa. If the pillar extraction ratio (PER) is 0.6, determine the maximum allowable mining height (H) for a pillar extraction rate of 0.8 m³/s. Given: blasting powder factor = 0.3 kg/m³, and the in-situ stress (σ1) = 5.5 MPa. Assuming a longwall powered support resistance of 250 kN/m, calculate the stripping ratio (SR) for this mine. Consider the following parameters: the extraction ratio (ER) = 0.7, the dilution factor (DF) = 0.15, and the mining cost (MC) = ₹ 15.5 per m³.","H = 12.5 m, SR = 2.8","H = 10.2 m, SR = 2.2","H = 14.7 m, SR = 3.1","H = 11.9 m, SR = 2.5",1
661,Surface & Underground Mining Methods,Bord and Pillar depillaring,10,"A bord and pillar mine has a coal seam of 2.5 m thickness and a pillar width of 4.5 m. The mining rate is 1000 t/h and the coal density is 1.4 t/m³. The depillaring is done using a mechanical excavator with a boom force of 200 kN. The coal seam has a uniaxial compressive strength of 30 MPa. Calculate the stripping ratio (SR) and the powder factor (PF) for a blast of 1000 m³. Given: G = 9.81 m/s². If the PF is 0.6 kg/m³ and the SR is 2.5, what is the resistance (R) offered by the powered support in kN/m? Assume the support resistance is proportional to the PF and SR.",R = 1.8 kN/m,R = 2.2 kN/m,R = 3.0 kN/m,R = 4.5 kN/m,2
662,Surface & Underground Mining Methods,Bord and Pillar depillaring,10,"A bord and pillar mine is operating at a depth of 500 m with a pillar size of 4 m x 4 m. The in-situ stress is 5 MPa and the rock mass rating is 4. The powder factor for blasting is 0.2 kg/m³. The longwall powered support resistance is 250 kN/m. The stripping ratio is 2:1. If the mine is producing 1000 m³/s, calculate the required number of blast holes per meter of face length, considering the blast powder factor, in-situ stress, and rock mass rating. Assume a blast hole diameter of 0.1 m and a blast hole length of 10 m.",4.2 holes/m,5.1 holes/m,6.5 holes/m,7.8 holes/m,2
663,Surface & Underground Mining Methods,Bord and Pillar depillaring,10,"A bord and pillar mine with a block size of 10 m x 10 m x 5 m is being depillared. The pillar strength is given by the equation: σ = 2.5 - 0.5 × (h / 10) + 0.2 × (A / 100), where σ is the pillar strength in MPa, h is the height of the pillar in m, and A is the area of the pillar in m². If the height of the pillar is 6 m and the area of the pillar is 120 m², what is the pillar strength?",2.8 MPa,3.2 MPa,3.6 MPa,4.0 MPa,2
664,Surface & Underground Mining Methods,Bord and Pillar depillaring,10,"A bord and pillar mine with a working height of 4.2 m and width of 6.5 m is being depillared using a continuous miner. The pillar strength is given by the equation: σ = 0.25 × E × (1 - (A/A₀)^(1/3)), where σ is the pillar strength (MPa), E is the modulus of elasticity of coal (Ns²/m⁸), A is the pillar area (m²), and A₀ is the reference area (m²). The modulus of elasticity of coal is 1.2 × 10⁻⁹ Ns²/m⁸. The pillar area is 12.6 m². The reference area is 20 m². The working face is 150 m long and 4.2 m high. The coal seam has a density of 1.5 t/m³. The stripping ratio is 3.2. The powder factor for the blasting operation is 0.65 kg/m³. The continuous miner has a rated output of 25 kN. The mine is operating at a depth of 400 m. The atmospheric pressure at the mine is 101.3 kPa. The temperature at the mine is 18°C. The relative humidity is 60%. The mine is extracting a coal seam with a thickness of 2.1 m. The longwall powered support resistance is given by the equation: R = 0.15 × (σ × A) + 0.02 × (ρ × g × h), where R is the resistance (kN), ρ is the density of coal (t/m³), g is the acceleration due to gravity (m/s²), and h is the height of the coal seam (m). The longwall powered support resistance is 150 kN. Calculate the percentage increase in the longwall powered support resistance due to the depillaring operation.",6.2%,7.5%,8.1%,9.5%,2
665,Surface & Underground Mining Methods,Bord and Pillar depillaring,10,"A bord and pillar coal mine has a working height of 4.5 m and a pillar width of 3.2 m. The coal density is 1.4 t/m³ and the pillar density is 1.9 t/m³. The coal is mined at a rate of 1200 t/h and the pillars are left at a ratio of 1:2.5. The longwall powered support resistance is 250 kN/m. If the blast powder factor is 0.55 kg/m³ and the explosive energy is 4500 Nm/kg, calculate the stripping ratio and determine whether the mine is economically viable considering the longwall support resistance.","Stripping ratio = 2.1, Economically viable","Stripping ratio = 2.1, Not economically viable","Stripping ratio = 1.8, Economically viable","Stripping ratio = 1.8, Not economically viable",0
666,Surface & Underground Mining Methods,Bord and Pillar depillaring,10,"A bord and pillar mine with a coal seam thickness of 2.5 m is being operated with a pillar size of 4 m x 4 m. The mining height is 3.5 m and the coal density is 1.3 t/m³. The pillar extraction ratio is 0.6. The longwall powered support resistance is 100 kN/m. The stripping ratio is 2.5. The blast powder factor is 0.5 kg/m³. If the mine is operated at a production rate of 2500 t/h, calculate the total energy consumption per day. Assume a specific energy consumption of 0.8 Ns²/m⁸ for the longwall powered support system. The mine operates 24 hours a day, 365 days a year.",1200 kWh,1500 kWh,1800 kWh,2000 kWh,2
667,Engineering Mathematics,Matrix eigenvalues,11,"A square plate of size 2m x 2m is subjected to a uniform load of 10 kN/m². The plate is made of a material with a modulus of elasticity (E) of 200 GPa and a Poisson's ratio (ν) of 0.3. If the plate is considered as a beam of length 2m, what is the minimum value of the eigenvalue (λ) of the coefficient matrix [A] in the equation [A]{x} = {F} if the deflection (y) of the plate is given by y = c1x² + c2x + c3, where {x} = {c1, c2, c3}?",λ = 10.0 Ns²/m⁸,λ = 12.5 Ns²/m⁸,λ = 15.0 Ns²/m⁸,λ = 20.0 Ns²/m⁸,2
668,Engineering Mathematics,Matrix eigenvalues,11,"A hydraulic cylinder is modeled by the following differential equation: 
 y'' + 2 µ y' + 5y = 0, where y is the displacement in m, and µ is the damping coefficient in Ns/m. The eigenvalues of the coefficient matrix are −2 ± 2i. If the initial conditions are y(0) = 0.1 m, y'(0) = 0.05 m/s, and the damping coefficient is µ = 1.5 Ns/m, then the solution at t = 1 s is:","y = 0.05 m, y' = 0.01 m/s","y = 0.05 m, y' = 0.02 m/s","y = 0.03 m, y' = 0.01 m/s","y = 0.03 m, y' = 0.02 m/s",2
669,Engineering Mathematics,Matrix eigenvalues,11,"A square matrix A has eigenvalues 2, 3, and 4. Using Cayley-Hamilton theorem, determine the value of the expression A^3 - 6A^2 + 11A - 6I, where I is the identity matrix. The matrix A has dimensions 3x3 and its elements are given by: a11 = 10 MPa, a12 = 5 MPa, a13 = 2 MPa, a21 = 3 MPa, a22 = 8 MPa, a23 = 1 MPa, a31 = 1 MPa, a32 = 2 MPa, a33 = 5 MPa. Express your answer in the matrix form.","A^3 - 6A^2 + 11A - 6I = [[-23, 17, -9], [17, -23, 17], [-9, 17, -23]]","A^3 - 6A^2 + 11A - 6I = [[-21, 15, -7], [15, -21, 15], [-7, 15, -21]]","A^3 - 6A^2 + 11A - 6I = [[-25, 19, -11], [19, -25, 19], [-11, 19, -25]]","A^3 - 6A^2 + 11A - 6I = [[-18, 12, -6], [12, -18, 12], [-6, 12, -18]]",2
670,Engineering Mathematics,Cayley-Hamilton theorem,11,"A 3x3 matrix A has eigenvalues λ1 = 2, λ2 = 3, and λ3 = 4. If A satisfies the characteristic equation |A - λI| = (λ - 2)(λ - 3)(λ - 4) = 0, then the sum of the squares of its eigenvalues is 50. Find the value of the expression (A^2 - 5A + 6I) * (A - 3I) using Cayley-Hamilton theorem, where I is the identity matrix. The matrix A has the following form: [[a, b, c], [d, e, f], [g, h, i]]. Given that the matrix A has a determinant of 10 MPa and a trace of 9, calculate the value of the expression in kN.",120 kN,150 kN,180 kN,200 kN,2
671,Engineering Mathematics,Matrix eigenvalues,11,"A water reservoir has a rectangular cross-section with a length of 10 m and a width of 5 m. The reservoir is filled with water at a rate of 0.2 m³/s. The water level is raised by 1 m in 2 hours. Assuming a linear relationship between the water level and the time, determine the eigenvalues of the system's state matrix. Given that the water level is 2 m, calculate the rate of change of the water level with respect to time using the Cayley-Hamilton theorem. Express your answer in m/s.",The eigenvalues are λ1 = 0.5 and λ2 = 2. The rate of change of the water level is 0.1 m/s.,The eigenvalues are λ1 = 1 and λ2 = 1. The rate of change of the water level is 0.05 m/s.,The eigenvalues are λ1 = 0.2 and λ2 = 0.8. The rate of change of the water level is 0.15 m/s.,The eigenvalues are λ1 = 0.1 and λ2 = 1. The rate of change of the water level is 0.2 m/s.,2
672,Engineering Mathematics,Matrix eigenvalues,11,"A hydraulic system is modeled by the matrix equation dX/dt = AX, where X is a 2x1 vector and A is a 2x2 matrix. If the eigenvalues of A are λ1 = 2 and λ2 = 3, and the initial conditions are X(0) = [1, 2]T, determine the value of X(1) using the Cayley-Hamilton theorem. Express your answer in kN.","X(1) = [5.33, 10.67]T kN","X(1) = [3.33, 6.67]T kN","X(1) = [2.33, 4.67]T kN","X(1) = [1.33, 2.67]T kN",2
673,Engineering Mathematics,Matrix eigenvalues,11,"The eigenvalues of a 3x3 matrix A are given by λ1 = 2, λ2 = 3, and λ3 = 4. If A = [ [ 6, 2, -1 ], [ -3, 5, 2 ], [ 0, 1, 3 ] ], apply Cayley-Hamilton theorem to find the value of det(A - λI) when λ = 3.5. Express your answer in N.",1500,2000,2500,3000,0
674,Engineering Mathematics,Matrix eigenvalues,11,"The eigenvalues of a 3x3 matrix A are λ1 = 2, λ2 = 3, and λ3 = 4. If A = [2 1 0; 0 3 1; 0 1 4], then the minimum time required for the matrix exponential e^(tA) to reach a value of 0.9 at t = 1 s is closest to (in seconds):",0.5,1.0,1.5,2.0,2
675,Engineering Mathematics,Matrix eigenvalues,11,"A square matrix A of order 3x3 has eigenvalues λ1 = 5, λ2 = 6, and λ3 = 8. If A satisfies the equation A^3 - 6A^2 + 5A - 24I = 0, where I is the identity matrix, then the value of the determinant of (A - 2I) is _______________. (Ans: 0)",64,-64,0,32,2
676,Engineering Mathematics,Matrix eigenvalues,11,"A square matrix A = [[2, 1], [4, 3]] is associated with a system of linear differential equations. The characteristic equation of A is |λI - A| = 0, where λ is the eigenvalue. Using the Cayley-Hamilton theorem, determine the value of the function f(t) = e^(At) for t = 2 s, where A is in MPa and the system is subjected to a pressure of 10 MPa. Further, assuming the system is initially at rest, use Simpson's 1/3 rule to calculate the total volume of water displaced by the system in the first 4 s, given a flow rate of 0.5 m³/s. The Poisson distribution is used to model the number of particles displaced in the first 2 s, with λ = 0.05. Assuming a constant pressure of 10 MPa, calculate the average number of particles displaced in the first 2 s.","f(2) = [[e^(2*2.236), e^(2*2.236)], [e^(2*2.236), e^(2*3.169)]] and the average number of particles displaced is 2.5","f(2) = [[e^(2*2.236), e^(2*2.236)], [e^(2*2.236), e^(2*3.169)]] and the average number of particles displaced is 3.2","f(2) = [[e^(2*2.236), e^(2*2.236)], [e^(2*2.236), e^(2*3.169)]] and the average number of particles displaced is 2.8","f(2) = [[e^(2*2.236), e^(2*2.236)], [e^(2*2.236), e^(2*3.169)]] and the total volume of water displaced is 2 m³",3
677,General Aptitude & Reasoning,Logical deduction,11,"A conveyor belt is moving at a speed of 4.5 m/s. It is carrying a load of 1500 kg/m. If the length of the conveyor belt is 120 m, and the time taken to empty the load is 180 seconds, what is the power consumption of the conveyor belt in kW?",22.5 kW,25 kW,30 kW,35 kW,2
678,General Aptitude & Reasoning,Logical deduction,11,"A water tank is being filled at a rate of 2 m³/s. The tank has a height of 10 m and a base area of 5 m². If the tank is 20% full, the rate of change of water level with respect to time is 0.2 m/min. What is the rate of change of water level with respect to time when the tank is 80% full?",0.4 m/min,0.8 m/min,1.2 m/min,1.6 m/min,2
679,General Aptitude & Reasoning,Logical deduction,11,"A cement factory produces 4800 tonnes of cement per day. The factory operates for 300 days in a year. The factory has two types of cement, A and B. Type A cement has a density of 1.4 g/cm³ and Type B cement has a density of 1.6 g/cm³. The cost of transporting Type A cement is ₹ 0.45 per kg and the cost of transporting Type B cement is ₹ 0.35 per km. The factory is located 15 km from a river and the cement is transported by a barge that travels at 12 km/h. The barge can carry 500 tonnes of cement. If the factory wants to transport 60% of the total cement produced in a year by barge, what is the total cost of transportation in ₹?","₹ 1,44,00,000","₹ 1,60,00,000","₹ 1,80,00,000","₹ 2,00,00,000",2
680,General Aptitude & Reasoning,Logical deduction,11,"A tunnel with a circular cross-section of diameter 2.5 m is excavated at a rate of 0.05 m³/s. The tunnel is 1000 m long and is lined with a steel plate of thickness 0.05 m. The density of the steel is 7850 kg/m³. If the cost of excavation is ₹ 1,00,000 per day and the cost of lining is ₹ 50,000 per day, what is the total cost of excavating and lining the tunnel? (Take π = 3.14)","₹ 2,50,000","₹ 3,00,000","₹ 3,50,000","₹ 4,00,000",2
681,General Aptitude & Reasoning,Logical deduction,11,"A conveyor belt is moving at a speed of 5 m/s. A 500 kg box is placed on the belt. If the belt accelerates uniformly from rest to 10 m/s in 4 seconds, what is the maximum force exerted on the box in Newtons?",2000 N,2500 N,3000 N,3500 N,2
682,General Aptitude & Reasoning,Logical deduction,11,"A water pipeline of internal diameter 0.8 m and length 1200 m is to be laid in a region where the soil has a porosity of 0.25. If the water is flowing at a velocity of 2.5 m/s, the time taken to fill the pipeline with water, assuming the outlet valve is closed, is approximately?",1200 s,1500 s,1800 s,2000 s,1
683,Geomechanics & Ground Control,Mohr-Coulomb failure,11,"A coal mine has a rock mass with the following properties: RMR = 45, Q = 4.5, and an uniaxial compressive strength (UCS) of 80 MPa. The mine is excavated at a depth of 300 m. If a rectangular pillar with dimensions 5 m x 5 m x 10 m is formed to support the overburden, and a 10 m long rock bolt with an ultimate capacity of 100 kN is installed at an angle of 30° to the horizontal, what is the minimum pillar stress (σ) in MPa, considering the Mohr-Coulomb failure criterion and the effect of the rock bolt?",σ = 4.2 MPa,σ = 5.1 MPa,σ = 6.5 MPa,σ = 7.8 MPa,2
684,Geomechanics & Ground Control,Mohr-Coulomb failure,11,"A coal mine has a rock mass with a Bieniawski RMR value of 45. The rock mass is under a major principal stress of 8 MPa and a minor principal stress of 4 MPa. The rock mass is also subjected to a cohesion of 200 kPa and an angle of internal friction of 30°. A rock bolt is installed with a length of 3 m and a diameter of 0.02 m. The rock bolt has a yield strength of 500 MPa and a modulus of elasticity of 200 GPa. Assuming a tributary area pillar stress of 5 MPa, calculate the capacity of the rock bolt. Consider the effects of both Mohr-Coulomb failure and rock bolt capacity.",The capacity of the rock bolt is 20 kN.,The capacity of the rock bolt is 30 kN.,The capacity of the rock bolt is 40 kPa.,The capacity of the rock bolt is 50 Ns²/m⁸.,1
685,Geomechanics & Ground Control,Mohr-Coulomb failure,11,"A rock mass with a uniaxial compressive strength (UCS) of 25 MPa and a rock mass rating (RMR) of 55 is to be excavated using a circular tunnel with a diameter of 5 m. The tunnel is to be supported by rock bolts with a yield strength of 150 kN. Determine the required length of the rock bolts to ensure that the tunnel is stable. Assume a tributary area factor (β) of 1.2 and a rock bolt capacity factor (C) of 0.8. The rock mass is classified as a 'medium' rock mass. The Mohr-Coulomb failure criterion is given by σc = c + σn tanφ, where σc is the cohesion, c is the intercept, σn is the normal stress, and φ is the angle of internal friction. The angle of internal friction for the rock mass is 35°.",The required length of the rock bolts is 6.5 m.,The required length of the rock bolts is 7.2 m.,The required length of the rock bolts is 8.0 m.,The required length of the rock bolts is 9.5 m.,2
686,Geomechanics & Ground Control,Mohr-Coulomb failure,11,"A rectangular coal pillar of dimensions 10 m x 5 m is excavated in a coal seam with a uniaxial compressive strength of 30 MPa. The pillar is subjected to a vertical stress of 5 MPa and a horizontal stress of 2 MPa. If a rock bolt with a yield strength of 150 kN is installed at an angle of 30° to the horizontal, what is the minimum number of rock bolts required to prevent pillar failure, considering a tributary area of 20 m² and a Bieniawski RMR value of 60? The Barton Q-system parameters are Q = 4, μ = 0.8. Assume a Mohr-Coulomb failure criterion with φ = 30° and c = 0.5 MPa.",6 rock bolts,8 rock bolts,10 rock bolts,12 rock bolts,2
687,Geomechanics & Ground Control,Mohr-Coulomb failure,11,"A rock mass with a uniaxial compressive strength of 250 MPa and a rock mass rating (RMR) of 55 is to be excavated in a 10 m high by 10 m wide room. The rock mass is considered to be in the 'fair' category. A 5 m long rock bolt is to be installed at an angle of 30° to the horizontal. The rock bolt has a yield strength of 1500 kN. The rock mass is subjected to a vertical stress of 20 kPa and a horizontal stress of 10 kPa. Assuming a tributary area factor of 1.5, calculate the minimum number of rock bolts required to support the rock mass without failure, considering both the Mohr-Coulomb failure criterion and the rock bolt capacity. Neglect the effects of the rock mass rating on the rock bolt capacity.",8 rock bolts,10 rock bolts,12 rock bolts,15 rock bolts,2
688,Geomechanics & Ground Control,Mohr-Coulomb failure,11,"A coal mine has a tabular seam with a thickness of 2.5 m. The in-situ stress at the mine is given as σh = 8.5 MPa and σv = 6.2 MPa. The coal has a uniaxial compressive strength (σc) of 25 MPa and a tensile strength (σt) of 1.5 MPa. The rock mass rating (RMR) of the coal is 55. Assuming a rock bolt with a capacity of 120 kN is installed in the coal to control the roof collapse. Determine the maximum safe tributary area (A) around the rock bolt, considering the Mohr-Coulomb failure criterion. Given that the rock bolt is subjected to a axial load (P) of 100 kN.",A = 2.5 m²,A = 1.8 m²,A = 2.2 m²,A = 1.5 m²,2
689,Geomechanics & Ground Control,Mohr-Coulomb failure,11,"A circular tunnel with a diameter of 3.0 m is excavated in a rock mass with a uniaxial compressive strength (UCS) of 250 MPa. The rock mass is classified as RMR 55. Using the Barton Q-system, the rock mass strength (σc') is calculated as 13.7 MPa. The tunnel is supported by 100 mm diameter rock bolts with a tensile strength of 150 kN. If the major principal stress (σ1) is 20 MPa and the minor principal stress (σ3) is 10 MPa, calculate the factor of safety against Mohr-Coulomb failure using the rock mass strength. Assume a cohesion (c) of 2.5 MPa and a friction angle (φ) of 30°. Consider the effect of tributary area pillar stress on the rock bolt capacity. If the rock bolt capacity is 90% of the calculated value, what is the minimum required rock bolt spacing to ensure stability?",1.5 m,2.0 m,2.5 m,3.0 m,2
690,Geomechanics & Ground Control,Mohr-Coulomb failure,11,"A rock mass is subjected to a major principal stress of 20 MPa and a minor principal stress of 10 MPa. Determine the major principal stress required to cause a failure in the rock mass using Mohr-Coulomb failure criterion, given the following parameters: cohesion (c) = 0.5 MPa, angle of internal friction (φ) = 30°, and the uniaxial compressive strength (σcu) = 50 MPa. Also, calculate the corresponding axial load (P) that can be safely applied to the rock pillar.","22.5 MPa, 150 kN","25 MPa, 200 kN","28 MPa, 250 kN","30 MPa, 300 kN",2
691,Geomechanics & Ground Control,Mohr-Coulomb failure,11,"A circular tunnel with a diameter of 3 m is excavated in a rock mass with the following properties: uniaxial compressive strength (σc') = 120 MPa, tensile strength (σt') = 10 MPa, and cohesion (c) = 30 kN/m². The rock mass is subjected to a major principal stress (σ1) of 60 MPa and a minor principal stress (σ3) of 20 MPa. Determine the factor of safety (FoS) against Mohr-Coulomb failure using the given rock mass properties and stresses. Assume a friction angle (φ) of 30°. Given that the rock mass has a Bieniawski RMR rating of 55, calculate the adjusted cohesion (c') using the Barton Q-system. If the tributary area pillar stress (σp) is 40 MPa, estimate the rock bolt capacity (P) in kN. Express your answer as a single value.","FoS = 1.25, c' = 35 kN/m², P = 60 kN","FoS = 1.15, c' = 32 kN/m², P = 55 kN","FoS = 1.30, c' = 40 kN/m², P = 70 kN","FoS = 1.20, c' = 38 kN/m², P = 65 kN",2
692,Geomechanics & Ground Control,Mohr-Coulomb failure,11,"A coal mine has a coal seam with an inclination of 30°. The uniaxial compressive strength of the coal is 10 MPa. If the major principal stress is 6 MPa and the minor principal stress is 2 MPa, determine the factor of safety against Mohr-Coulomb failure using the following parameters: c = 0.5 MPa, φ = 30°. Also, consider the effect of rock bolt capacity on the factor of safety. Assume the rock bolt capacity is 100 kN/m. If the rock bolt spacing is 1.5 m, what is the total rock bolt capacity per meter of tunnel length? If the total rock bolt capacity per meter of tunnel length is 150 kN, what is the factor of safety against Mohr-Coulomb failure? Neglect the effect of Bieniawski RMR and Barton Q-system on the factor of safety.","Factor of safety against Mohr-Coulomb failure is 1.5, considering the effect of rock bolt capacity.","Factor of safety against Mohr-Coulomb failure is 2.0, considering the effect of rock bolt capacity.","Factor of safety against Mohr-Coulomb failure is 1.0, considering the effect of rock bolt capacity.","Factor of safety against Mohr-Coulomb failure is 3.0, considering the effect of rock bolt capacity.",1
693,"Mine Planning, Geostatistics & Economics",Net Present Value,11,"A mining project has an initial investment of ₹ 1.5 Crore and an estimated life of 10 years. The annual operating cost is ₹ 2.5 Crore and the annual revenue is ₹ 4.5 Crore. The mine plan also includes a one-time expenditure of ₹ 0.5 Crore after 5 years to install a new conveyor belt. If the discount rate is 12% and the semivariogram model for the ore grade is given by: γ(h) = 0.5 * (1 - cos(π * h / 50)) + 0.1, where γ(h) is in Ns²/m⁸ and h is in meters, the Net Present Value (NPV) of the project can be estimated using Ordinary Kriging. Assuming a spherical semivariogram model with a sill of 1.0 Ns²/m⁸ and a nugget effect of 0.2 Ns²/m⁸, what is the NPV of the project in Rupees?",₹ 1.23 Crore,₹ 1.45 Crore,₹ 1.67 Crore,₹ 1.89 Crore,2
694,"Mine Planning, Geostatistics & Economics",Mine Planning,11,"A mine has a proposed investment of ₹ 1.5 crores for a new mining project. The project is expected to generate a revenue of ₹ 2.8 crores in the first year, ₹ 2.2 crores in the second year, and ₹ 1.8 crores in the third year. The project also has an initial setup cost of ₹ 0.8 crores. The mine manager wants to evaluate the project using Net Present Value (NPV) method. Assuming a discount rate of 12% and a depreciation rate of 10%, calculate the NPV of the project. If the NPV is positive, the project is considered feasible. Otherwise, it is not feasible. What is the minimum additional revenue required in the third year to make the project feasible?",₹ 0.5 crores,₹ 0.7 crores,₹ 1.0 crore,₹ 1.2 crores,3
695,"Mine Planning, Geostatistics & Economics",Net Present Value,11,"A mining company is planning to extract a copper ore deposit. The estimated extraction cost is ₹ 50 million, and the estimated revenue from copper sales is ₹ 100 million. The mine life is expected to be 5 years. The annual discount rate for NPV calculation is 10%. The semivariogram model for copper grade is given by: γ(h) = 0.5 + 0.3 * (h/10)^2, with a spherical semivariogram sill of 100 Ns²/m⁸ and a nugget effect of 20 Ns²/m⁸. Ordinary Kriging estimation variance for a block of 10 m x 10 m x 10 m is 1.2 m². What is the Net Present Value (NPV) of the project, rounded to the nearest integer?","₹ 23,790,000","₹ 24,590,000","₹ 25,390,000","₹ 26,190,000",2
696,"Mine Planning, Geostatistics & Economics",Net Present Value,11,"A mining project has an initial investment of ₹ 1.5 crores. The operating costs are estimated to be ₹ 8 lakhs per month. The project is expected to produce 100,000 tonnes of ore per month for 5 years. The price of the ore is ₹ 2.5 lakhs per tonne. The net present value (NPV) of the project is to be calculated using a discount rate of 10% per annum. The spherical semivariogram model for the ore grade is given by: γ(h) = C0 + C1 * (3 - 3 * (h/a)^2 + (h/a)^3) * exp(-3 * (h/a)^2) where C0 = 100 Ns²/m⁸, C1 = 50 Ns²/m⁸, and a = 50 m. The Ordinary Kriging estimation variance is given by: σ² = (1/2 * π * a^2) * C0. Calculate the NPV of the project and select the correct option.",₹ 5.45 crores,₹ 6.27 crores,₹ 7.10 crores,₹ 8.35 crores,1
697,"Mine Planning, Geostatistics & Economics",Economic Evaluation of Mining Projects,11,"A mining project has an initial investment of ₹ 10.5 crores and an estimated life of 5 years. The project generates revenue at a rate of ₹ 2.8 crores per year. The cost of production is ₹ 1.2 crores per year. The project also has a salvage value of ₹ 1.5 crores at the end of its life. The discount rate is 12% per annum. If the spherical semivariogram model is used for grade estimation, with a nugget effect of 0.15 and a sill of 1.2, and the Ordinary Kriging estimation variance is 0.05, what is the Net Present Value (NPV) of the project? Assume a block size of 10m x 10m x 10m.",₹ 4.21 crores,₹ 4.65 crores,₹ 5.18 crores,₹ 5.72 crores,2
698,"Mine Planning, Geostatistics & Economics",Net Present Value,11,"A mining project has an initial investment of ₹ 150 million and a life of mine of 10 years. The annual operating costs are ₹ 30 million, and the annual revenue is ₹ 50 million. The project's net present value (NPV) is calculated using a discount rate of 12% per annum. If the spherical semivariogram model is used to estimate the ore grade, with a nugget effect of 2 MPa and a sill of 10 MPa, and the Ordinary Kriging estimation variance is 0.5 Ns²/m⁸, what is the NPV of the project? Assume that the grade is estimated at a 10 m x 10 m grid size, and the cut-off grade is 5%.",₹ 123.45 million,₹ 150.67 million,₹ 120.89 million,₹ 180.23 million,1
699,"Mine Planning, Geostatistics & Economics",Net Present Value,11,"A mining project has a capital cost of ₹ 1.5 crores and a proposed life of 5 years. The annual operating cost is ₹ 30 lakhs. The ore is expected to be sold at ₹ 25 lakhs per tonne. The average grade of the ore is 2.5% Cu. The current market price of Cu is ₹ 450 per kg. The semivariogram model for the Cu grade is given by: γ(h) = 0.5 + 0.3 * (h/10)^(1/2) - 0.1 * (h/10)^(3/2) with a sill of 0.8 and a nugget effect of 0.2. The Ordinary Kriging estimation variance is 0.05. If the mine is expected to produce 50,000 tonnes of ore per year, calculate the Net Present Value (NPV) of the project, considering a discount rate of 15%.",₹ 1.23 crores,₹ 1.45 crores,₹ 1.67 crores,₹ 1.89 crores,2
700,"Mine Planning, Geostatistics & Economics",Net Present Value,11,"A mining project has an initial investment of ₹ 1.5 crores and a net present value (NPV) of ₹ 2.8 crores at a discount rate of 10% per annum. If the project's internal rate of return (IRR) is 15% and the spherical semivariogram model has a sill of 10 Ns²/m⁸ and a nugget effect of 2 Ns²/m⁸, what is the Ordinary Kriging estimation variance for the project's cash flows, assuming a block size of 100 m x 100 m x 50 m?",0.42,0.65,0.85,1.12,2
701,"Mine Planning, Geostatistics & Economics",Mine Planning,11,"A coal mine has a proposed investment of Rs. 10 crores for a new mining equipment. The expected annual production is 2.5 million tonnes, with a revenue of Rs. 350 per tonne. The equipment has a useful life of 8 years and is expected to have no salvage value. The semivariogram model for the coal seam is given by: γ(h) = C0 + C1 * (3 - (h/d0)^3) for h ≤ d0, and γ(h) = C0 + C1 for h > d0, where C0 = 10 MPa², C1 = 20 MPa², and d0 = 50 m. The spherical semivariogram sill is 40 MPa² and the nugget effect is 5 MPa². Using Ordinary Kriging estimation, what is the Net Present Value (NPV) of the investment, considering a discount rate of 12% per annum?",Rs. 1.23 crores,Rs. 1.45 crores,Rs. 1.67 crores,Rs. 1.89 crores,2
702,"Mine Planning, Geostatistics & Economics",Economic Evaluation of Mining Projects,11,"A mining project has an initial investment cost of ₹ 10,000,000. The project generates revenue of ₹ 2,000,000 per year for 5 years. The cost of production is ₹ 1,500,000 per year. The project also has a residual value of ₹ 5,000,000 after 5 years. The discount rate is 10% per annum. If the spherical semivariogram model has a sill of 1.2 Ns²/m⁸ and a nugget effect of 0.5 Ns²/m⁸, and the Ordinary Kriging estimation variance is 0.8 Ns²/m⁸, what is the Net Present Value (NPV) of the project, assuming that the Ordinary Kriging estimation variance is directly proportional to the sill of the semivariogram model?","₹ 12,500,000","₹ 15,000,000","₹ 17,500,000","₹ 20,000,000",2
703,"Mine Planning, Geostatistics & Economics",Net Present Value,11,"A mining project has an initial investment of ₹ 10.5 crores and an estimated life of 10 years. The annual operating costs are ₹ 1.2 crores and the annual revenue is ₹ 2.5 crores. The discount rate is 12% per annum. If the spherical semivariogram model is used for estimating the ore grade, with a sill of 100 Ns²/m⁸ and a nugget effect of 20 Ns²/m⁸, and the Ordinary Kriging estimation variance is 15% of the sill, determine the Net Present Value (NPV) of the project. Assume a constant ore grade for the entire mine.",₹ 1.35 crores,₹ 1.53 crores,₹ 1.65 crores,₹ 1.82 crores,3
704,"Mine Planning, Geostatistics & Economics",Net Present Value,11,"A coal mine is expected to produce 500,000 tonnes of coal per year for the next 10 years. The annual operating cost is estimated to be ₹ 2.5 million. The initial investment for the mine development is ₹ 50 million. The salvage value at the end of 10 years is ₹ 20 million. The cost of coal is ₹ 800 per tonne. The discount rate is 12% per annum. If the mine is expected to produce coal at a rate of 4,000 tonnes per month, what is the Net Present Value (NPV) of the mine?",₹ 25.19 million,₹ 30.45 million,₹ 35.71 million,₹ 41.00 million,2
705,"Mine Planning, Geostatistics & Economics",Mine Planning,11,"A mining company is planning to extract a block of ore with an average grade of 2.5 g/t Au. The current market price of gold is ₹ 45,000 per kg. The mining cost is ₹ 100 per tonne, and the processing cost is ₹ 150 per tonne. The annual discount rate is 8%. The spherical semivariogram model for the gold grades is given by: γ(h) = 0.5 * (1 - cos(h/r)) * σ², where σ² is the sill and r is the range. The sill (σ²) is 0.1 km² and the range (r) is 0.5 km. The Ordinary Kriging estimation variance is given by: σ²_ε = (c₀ * σ²) / (c₁ * (n - 1)), where c₀ and c₁ are constants, n is the number of samples, and σ² is the sill. If the mining company extracts 1.2 million tonnes of ore per year, and the estimated gold reserves are 30 tonnes per year, what is the Net Present Value (NPV) of the project over a period of 10 years, considering a nugget effect of 0.1?","₹ 1,350,000","₹ 1,500,000","₹ 1,800,000","₹ 2,100,000",2
706,"Mine Planning, Geostatistics & Economics",Net Present Value,11,"A mining company is planning to extract a block of ore with an estimated reserve of 100,000 tonnes. The current market price of the ore is ₹ 400 per tonne. The company expects to incur a capital cost of ₹ 50 million and an operating cost of ₹ 30 million per year. The discount rate is 12% per annum. If the ore extraction is expected to last for 5 years, calculate the Net Present Value (NPV) of the project. Assume a spherical semivariogram model with a nugget effect of 10 MPa² and a sill of 50 MPa². The Ordinary Kriging estimation variance is estimated to be 5 MPa². Which of the following values represents the NPV of the project?","₹ 1,250 million","₹ 1,500 million","₹ 1,750 million","₹ 2,000 million",2
707,"Mine Planning, Geostatistics & Economics",Mine Planning,11,"A mining company is planning to extract a block of ore with the following geostatistical parameters: spherical semivariogram model with a sill of 100 MPa² and a nugget effect of 20 MPa². The Ordinary Kriging estimation variance is 15 MPa². If the mining costs are $1.2 million and the selling price of the ore is $2.5 million per ton, and if the estimated reserve is 50,000 tons with an average grade of 2.5% Cu, what is the Net Present Value (NPV) of the project, assuming a discount rate of 12% and a time horizon of 5 years? The annual production rate is 10,000 tons.",NPV = $15.6 million,NPV = $18.2 million,NPV = $20.9 million,NPV = $24.1 million,2
708,"Mine Planning, Geostatistics & Economics",Mine Planning,11,"A mining company is considering two possible mine plans for an iron ore deposit. Plan A involves an initial investment of ₹ 10.5 crores and an estimated annual revenue of ₹ 4.2 crores. Plan B involves an initial investment of ₹ 8.1 crores and an estimated annual revenue of ₹ 5.5 crores. The company uses a discount rate of 12% and a mine life of 10 years. Assuming a spherical semivariogram model with a sill of 1.5 Ns²/m⁸ and a nugget effect of 0.2 Ns²/m⁸, calculate the Net Present Value (NPV) of each plan using Ordinary Kriging estimation with an estimation variance of 0.01. Which plan has a higher NPV?",Plan A has a higher NPV of ₹ 2.15 crores,Plan B has a higher NPV of ₹ 3.25 crores,Both plans have the same NPV of ₹ 2.50 crores,Neither plan has a positive NPV,1
709,"Mine Planning, Geostatistics & Economics",Net Present Value,11,"A mining company is considering two projects, A and B. Project A has an initial investment of ₹ 1.5 crores and is expected to generate ₹ 0.7 crores in revenue in the first year, ₹ 0.8 crores in the second year, and ₹ 0.9 crores in the third year. Project B has an initial investment of ₹ 2 crores and is expected to generate ₹ 1 crore in revenue in the first year, ₹ 1.1 crores in the second year, and ₹ 1.2 crores in the third year. Assuming a discount rate of 10% and a spherical semivariogram model with a sill of 1.5 Ns²/m⁸ and a nugget effect of 0.2 Ns²/m⁸, which project has a higher Net Present Value (NPV)?",Project A has a higher NPV,Project B has a higher NPV,Both projects have the same NPV,Cannot be determined without Ordinary Kriging estimation variance,0
710,Mine Surveying & Geomatics,Bowditch rule traverse closing error,11,"A mine surveyor has conducted a traverse using a total station. The traverse consists of 8 legs with a cumulative distance of 1200 m. The traverse is closed using the Bowditch rule. The computed closing error is 2.5 mm. However, the surveyor realizes that leg 5 was not measured due to some technical issue. The leveling sensitivity of the total station is 1: 10,000. The EDM correction for temperature is -0.5°C. The temperature at the time of measurement was 25°C. The barometric pressure at the time of measurement was 1013 mbar. The geoid separation at the traverse location is 0.1%. The surveyor wants to compute the missing line. If the traverse is to be used for mine planning, what is the maximum allowable error in the missing line?",0.0025 m,0.005 m,0.01 m,0.015 m,2
711,Mine Surveying & Geomatics,Bowditch rule traverse closing error,11,"A mine survey traverse consists of 8 angles and 8 sides. The angles are measured using an EDM instrument with an accuracy of ±1.5 mm + 1 ppm. The sides are measured using a tape with an accuracy of ±2 mm + 1 ppm. The traverse is closed using the Bowditch rule. If the calculated closing error is 3.72 m, what is the value of the sensitivity of the traverse (Ns²/m⁸) due to EDM corrections? Assume the length of the traverse is 1200 m.",1.23 × 10⁻⁸ Ns²/m⁸,1.45 × 10⁻⁸ Ns²/m⁸,1.67 × 10⁻⁸ Ns²/m⁸,2.03 × 10⁻⁸ Ns²/m⁸,2
712,Mine Surveying & Geomatics,Bowditch rule traverse closing error,11,"A traverse network consists of 8 stations with 10 observations. The Bowditch rule traverse closing error is calculated to be 0.032 m. If the leveling sensitivity is 1.2 × 10^(-5) m/N and the EDM corrections are 0.005 m for the first order and 0.0005 m for the second order, what is the value of the missing line computation error in the traverse, given that the mean error of closure is 0.021 m?",0.012 m,0.018 m,0.024 m,0.030 m,2
713,Mine Surveying & Geomatics,Bowditch rule traverse closing error,11,"A mine survey traverse consists of 5 sides with the following measurements in meters: AB = 250.00, BC = 120.00, CD = 300.00, DE = 180.00, EA = 220.00. The traverse is closed using the Bowditch rule. Given that the leveling sensitivity is 1:10,000 and the EDM instrument has a correction factor of 1.0005, calculate the closing error in meters. Assume the geodetic latitude of the traverse is 23° North.",0.0023 m,0.0025 m,0.0028 m,0.0030 m,2
714,Mine Surveying & Geomatics,Bowditch rule traverse closing error,11,"A mine survey traverse was conducted using a total station. The traverse is closed using the Bowditch rule. The calculated closing error is 1.2 mm. The leveling sensitivity of the traverse is 1: 10,000. The EDM instrument used has a systematic error of 1.5 mm and a random error of 0.5 mm. A check traverse was conducted to determine the missing line. The EDM measurements for the check traverse are: Line 1 = 250.50 m, Line 2 = 120.25 m, Line 3 = 180.30 m. The difference in level between the starting and ending points is 2.5 m. Calculate the length of the missing line.",Line 1 + Line 2 - 2.5 = 368.10 m,Line 1 + Line 3 - 2.5 = 310.80 m,Line 2 + Line 3 - 2.5 = 400.85 m,Line 1 + Line 2 + Line 3 - 2.5 = 651.10 m,2
715,Mine Surveying & Geomatics,Bowditch rule traverse closing error,11,"A mine survey traverse consists of 8 stations with coordinates as follows: 

 Station 1: E = 12345.67 m, N = 67890.12 m, H = 234.56 m; 
 Station 2: E = 12346.78 m, N = 67890.32 m, H = 235.67 m; 
 Station 3: E = 12347.89 m, N = 67889.52 m, H = 236.78 m; 
 Station 4: E = 12348.90 m, N = 67888.72 m, H = 237.89 m; 
 Station 5: E = 12349.01 m, N = 67887.92 m, H = 238.90 m; 
 Station 6: E = 12350.12 m, N = 67887.12 m, H = 239.91 m; 
 Station 7: E = 12351.23 m, N = 67886.32 m, H = 240.92 m; 
 Station 8: E = 12352.34 m, N = 67885.52 m, H = 241.93 m. 

 The traverse is leveled with a sensitivity of 1 in 50,000. The EDM measurement between stations 1 and 8 has a correction of 0.05 m due to temperature. The EDM measurement between stations 2 and 7 has a correction of -0.02 m due to temperature. The total length of the traverse is 10000 m. If the traverse closing error is 0.1 m, what is the missing EDM measurement between stations 3 and 4, assuming the leveling sensitivity is the only error source?",123.45 m,123.67 m,123.89 m,124.01 m,2
716,Mine Ventilation & Environment,Atkinson's friction law,11,"A mine ventilator is installed in a 10 km long, 2 m diameter tunnel with a gas flow rate of 10 m³/s. The air is at a temperature of 25°C and a relative humidity of 60%. The fan is rated at 100 kW and has a motor efficiency of 90%. The fan's characteristic curve is given by: Q = 2.5 * (P * 10^5)^(0.6) - 1.2, where Q is in m³/s and P is in kPa. Atkinson's friction law is given by: f = 0.02 + (0.05 * (V^2 / (D * ε))), where f is in Ns²/m⁸, V is in m/s, D is in m, and ε is the roughness factor. The roughness factor for the tunnel is 0.05 m. If the fan is operating at a pressure of 80 kPa, what is the actual gas flow rate through the tunnel, considering the effects of friction and fan efficiency?",8.73 m³/s,9.21 m³/s,10.15 m³/s,11.19 m³/s,2
717,Mine Ventilation & Environment,Atkinson's friction law,11,"A mine ventilation system uses a centrifugal fan to supply air to a 100 m long, 2 m diameter tunnel. The air flow rate is 5 m³/s. The fan operates at a speed of 1000 rpm. The air density is 1.2 kg/m³. The friction factor (f) is 0.02. The air pressure at the fan inlet is 100 kPa. The air pressure at the fan outlet is 150 kPa. The fan characteristic curve is given by: Q = 0.5 × N × D³.5 × ρ⁻⁰.5, where Q is the air flow rate, N is the fan speed, D is the fan diameter, and ρ is the air density. Atkinson's friction law states that the pressure drop (ΔP) is given by: ΔP = 4 × f × L × (ρ × V²) / D, where L is the tunnel length, V is the air velocity, and D is the tunnel diameter. Calculate the fan power (P) in kW, considering the natural ventilation pressure (ΔPnat) is 10 kPa.",P = 23.4 kW,P = 24.1 kW,P = 25.5 kW,P = 26.8 kW,2
718,Mine Ventilation & Environment,Fan Characteristic Curves and Atkinson's Friction Law,11,"A mine ventilation system consists of a 100 m long, 1.2 m diameter steel pipe with a roughness height of 0.02 mm. The air flow rate through the pipe is 10 m³/s. The fan connected to the pipe has a characteristic curve given by: Q = 2.5 × (ΔP)^(1/2), where Q is the air flow rate in m³/s and ΔP is the pressure drop in kPa. Atkinson's friction law is also applicable, given by: ΔP = (f × L × ρ × u^2) / (2 × D), where f is the friction factor, L is the pipe length in m, ρ is the air density in kg/m³, u is the air velocity in m/s, and D is the pipe diameter in m. The air density is 1.2 kg/m³. The air velocity can be calculated using the formula: u = Q / A, where A is the pipe cross-sectional area in m². Assuming a fan efficiency of 80%, calculate the pressure drop across the fan, given that the fan is operating at a point on the characteristic curve where the pressure drop is 20 kPa.",30.64 kPa,34.56 kPa,38.48 kPa,42.40 kPa,2
719,Mine Ventilation & Environment,Atkinson's friction law,11,"A mine ventilation fan operating at 500 rpm, 1000 mmAq, and 0.8 specific speed is connected to a 100 m long duct with a diameter of 1.5 m. The air flow rate is 2.5 m³/s. The air density is 1.2 kg/m³. The friction factor is 0.02. The pressure drop is given by Atkinson's friction law as ΔP = (f · L · D · ρ · V²) / (2 · g · D⁵). Calculate the pressure drop in kPa.",0.53 kPa,1.05 kPa,1.68 kPa,2.31 kPa,2
720,Mine Ventilation & Environment,Atkinson's friction law,11,"A mine ventilation fan operating at 50°C and 80% relative humidity is connected to a 100 m long duct with a diameter of 1.2 m. The air density is 1.2 kg/m³. If the fan's power consumption is 22 kW, and the fan's characteristic curve is given by: Q = 2.5 * u^2.5, where Q is the air flow rate in m³/s and u is the fan's speed in rpm. Determine the fan's speed in rpm, if the pressure drop across the duct is 0.25 kPa. Also, plot the Coward flammability triangle on a graph, with the x-axis representing the temperature in °C, the y-axis representing the oxygen concentration in % and the z-axis representing the gas concentration in %.",The fan's speed is 300 rpm,The fan's speed is 400 rpm,The fan's speed is 500 rpm,The fan's speed is 600 rpm,2
721,Mine Ventilation & Environment,Atkinson's friction law,11,"A ventilation system in an underground mine has a fan with a characteristic curve given by Q = 10.5 m³/s (at 1000 Ns²/m⁸), and an Atkinson's friction law exponent of 0.8. The mine has a natural ventilation pressure of 0.25 kPa. If the fan is operating at a flow rate of 8 m³/s, what is the pressure drop (in kPa) across the fan, considering the Coward flammability triangle?",1.2 kPa,1.5 kPa,1.8 kPa,2.1 kPa,2
722,Mine Ventilation & Environment,Atkinson's friction law,11,"A mine ventilation fan is installed in a 100 m long duct with a diameter of 1.5 m. The air flow rate through the duct is 10 m³/s. The pressure drop across the fan is 20 kPa. Using Atkinson's friction law, calculate the power required to operate the fan. Assume the air density is 1.2 kg/m³ and the friction factor is 0.02. Also, plot the fan characteristic curve on a graph with pressure drop on the x-axis and air flow rate on the y-axis. Considering the Coward flammability triangle, if the air flow rate is reduced to 5 m³/s, what would be the minimum pressure drop required to prevent methane ignition? (Note: Assume the minimum ignition energy of methane is 0.05 Ns²/m⁸)",40 kW,45 kW,50 kW,55 kW,2
723,Mine Ventilation & Environment,Mine Ventilation Pressure,11,"A mine has a ventilation tunnel of 100 m length and 2 m² cross-sectional area. The air flow rate is 1.5 m³/s. The pressure drop due to natural ventilation is 0.5 kPa. Atkinson's friction law is given by f = 0.02 + 0.0001 ∫ v². The fan characteristic curve is given by Q = 1.2 ∫ P², where Q is in m³/s and P is in kPa. The Coward flammability triangle shows that the mine gas has a minimum oxygen concentration of 12%. If the fan is operating at 80% capacity, what is the total pressure drop in the tunnel?",2.35 kPa,2.85 kPa,3.15 kPa,3.45 kPa,2
724,Mine Ventilation & Environment,Atkinson's friction law,11,"A mine ventilation fan is required to handle a flow rate of 2.5 m³/s through a 1 km long, 1.2 m diameter mine airway with a roughness height of 0.05 mm. The air density is 1.2 kg/m³ and the air pressure is 100 kPa. The fan's characteristic curve is given by: Q = 0.5 ∗ D² ∗ (P - P0)², where Q is the flow rate, D is the airway diameter, P is the air pressure, and P0 is the atmospheric pressure. Using Atkinson's friction law, determine the pressure drop along the airway. Consider the Coward flammability triangle and assume the air is at the lower flammable limit (LFL) of 2.5% methane in air. Calculate the minimum fan power required to maintain the flow rate, considering the fan characteristic curve. What is the minimum fan power required, in kW?",5.3 kW,6.8 kW,8.2 kW,10.5 kW,2
725,Mine Ventilation & Environment,Mine Ventilation & Environment,11,"A mine ventilation fan has a power rating of 250 kW and operates at a speed of 1500 rpm. The fan characteristic curve shows that the pressure rise is 10 kPa at a flow rate of 5 m³/s. Using Atkinson's friction law, determine the fan's total pressure loss in the mine tunnel. The tunnel has a length of 1000 m and a diameter of 3.5 m. The air's density is 1.2 kg/m³. Assuming a friction factor of 0.02, calculate the total pressure loss in MPa. Consider the effects of natural ventilation pressure, which is 1.5 kPa.",0.42 MPa,0.56 MPa,0.75 MPa,1.02 MPa,2
726,Mine Ventilation & Environment,Mine Ventilation & Environment,11,"A ventilation system in a coal mine consists of a 100 m long, 2 m diameter steel pipe with a roughness height of 0.01 mm. The air flow rate is 0.5 m³/s and the air density is 1.2 kg/m³. If the fan is operating at a pressure of 500 Pa and a flow rate of 0.5 m³/s, determine the pressure drop (ΔP) in the pipe using Atkinson's friction law. Given that the fan's characteristic curve is represented by the equation: ΔP = 2.5Q^2 + 100Q + 500, where Q is the flow rate in m³/s. Also, consider the Coward flammability triangle, which states that the minimum ignition temperature (MIT) is 450°C, the minimum ignition energy (MIE) is 0.2 mJ, and the lower flammable limit (LFL) is 0.5% vol. If the air flow rate is reduced to 0.2 m³/s, what is the minimum pressure (P_min) required to prevent ignition of methane (CH₄) in the air stream, assuming that the methane concentration is 1.5% vol? Assume the pipe is horizontal and neglect any losses due to fittings or bends.",ΔP = 1250 Pa,ΔP = 1750 Pa,ΔP = 2250 Pa,ΔP = 2750 Pa,2
727,Mining Machinery & Materials Handling,Koepe winder slip criteria,11,"A Koepe winder is used to haul a 100 m long rope with a mass of 5 kg/m at a speed of 5 m/s. If the rope is subjected to a tensile stress of 100 MPa, determine the minimum static factor of safety (SF) required to prevent slip. Assume the rope's breaking strength is 1800 kN and the effective angle of friction between the rope and the sheave is 10°. Also, consider the power required to haul the rope is 50 kW. Given that the match index for the shovel-dumper system is 0.8, calculate the maximum permissible rope speed (m/s) for a given belt conveyor power of 200 kW. If the rope speed exceeds this limit, the slip criterion is violated. What is the minimum SF required to prevent slip?",SF = 2.5,SF = 3.2,SF = 4.1,SF = 5.5,2
728,Mining Machinery & Materials Handling,Koepe winder slip criteria,11,"A Koepe winder is used to lift 1500 t/h of rock with a specific gravity of 1.6. The wire rope has a diameter of 80 mm and a breaking load of 100 kN. If the maximum allowable slip is 2.5% and the speed of the winding drum is 10 m/s, determine the minimum required static factor of safety for the wire rope. Assume a uniform distribution of load along the length of the rope.",1.2,1.5,1.8,2.2,2
729,Mining Machinery & Materials Handling,Koepe winder slip criteria,11,"A Koepe winder is to be designed to handle a coal haulage system with a maximum speed of 15 m/s and a maximum load of 1000 kN. The wire rope has a diameter of 80 mm and a static factor of safety of 4. The slip criterion is given by: S = (T / (F ∙ μ ∙ e^(α ∙ θ))) − 1, where S is the slip ratio, T is the tension in the wire rope, F is the load, μ is the coefficient of friction, α is the angle of wrap, and θ is the angle of inclination. If the coefficient of friction is 0.3, the angle of wrap is 2.5 radians, and the angle of inclination is 10°, calculate the minimum tension required to prevent slip. Given: ρ = 7850 kg/m³, g = 9.81 m/s². Assume the wire rope is made of steel with a modulus of elasticity of 200 GPa.",T = 1045.6 kN,T = 1234.2 kN,T = 1456.8 kN,T = 1678.4 kN,2
730,Mining Machinery & Materials Handling,Koepe winder slip criteria,11,A Koepe winder is used to lift 1500 t/h of coal at a speed of 6 m/s. The wire rope has a diameter of 100 mm and a Young's modulus of 200 GPa. The maximum allowable slip is 2%. The static factor of safety for the wire rope is 5. Determine the minimum required tensile strength of the wire rope. Assume the density of coal is 1.4 t/m³.,200 MPa,250 MPa,300 MPa,350 MPa,2
731,Surface & Underground Mining Methods,Bord and Pillar depillaring,11,"A bord and pillar mine with a block size of 50 m x 50 m x 20 m is being depillared using a mechanical depillaring system. The roof and floor rock mass properties are as follows: Roof - σc = 5 MPa, φ = 30°, Floor - σc = 3 MPa, φ = 35°. The pillar extraction ratio (PER) is 0.6. The mine is operating at a depth of 500 m. If the in-situ stress σv = 2.5 MPa, calculate the maximum allowable pillar width (m) considering the rock mass properties, extraction ratio, and in-situ stress. Assume the rock mass modulus E = 10 GPa. The stripping ratio is 3:1 and the powder factor for the depillaring operation is 0.6 kg/m³. If the cost of coal is ₹ 0.5 per kg, what is the cost of coal extracted per tonne (₹/t)?",15.4 m,17.2 m,18.5 m,20.1 m,2
732,Surface & Underground Mining Methods,Bord and Pillar depillaring,11,"A bord and pillar mine with a plan area of 5000 m² and a pillar width of 6 m is to be depillared using a continuous miner. The roof and floor rock mass properties are: E = 10 GPa, ν = 0.3, ρ = 2700 kg/m³. The mining height is 4 m. The coal seam thickness is 2.5 m. The required depillaring rate is 100 m³/h. The powder factor for the depillaring operation is 0.2 kg/m³. The blasting pattern is 1.5 m x 1.5 m. Determine the total energy required for the depillaring operation, considering the stripping ratio of 2.5:1. The blasting pattern is repeated every 5 m. The blasting operation is carried out in a 10-hour shift. The blasting operation is carried out at a rate of 50 m³/h.",The total energy required for the depillaring operation is 1.2 x 10^6 Ns²/m⁸.,The total energy required for the depillaring operation is 1.5 x 10^6 Ns²/m⁸.,The total energy required for the depillaring operation is 1.8 x 10^6 Ns²/m⁸.,The total energy required for the depillaring operation is 2.1 x 10^6 Ns²/m⁸.,2
733,Surface & Underground Mining Methods,Bord and Pillar depillaring,11,"A bord and pillar mine has a working height of 3.5 m and a pillar width of 4.2 m. The average density of the ore is 2.8 t/m³. If the mining rate is 450 t/h and the extraction ratio is 0.85, calculate the required pillar strength (in MPa) to prevent rockburst. Assume the pillar strength is directly proportional to the square root of the pillar width and inversely proportional to the cube of the ore density. Also, consider the effect of mining rate on pillar strength, which is given by the equation: pillar strength = 0.012 × (mining rate)^(0.25) × (pillar width)^(0.5) × (ore density)^(-1.5).",2.15 MPa,4.25 MPa,6.75 MPa,9.50 MPa,2
734,Engineering Mathematics,Matrix eigenvalues,12,"Consider a square matrix A with dimensions 3x3, where the elements are as follows: a11 = 2, a12 = 1, a13 = 0, a21 = 1, a22 = 3, a23 = 0, a31 = 0, a32 = 0, a33 = 1. If the eigenvalues of A are λ1 = 4, λ2 = 2, and λ3 = 1, determine the value of the expression det(A - λI) using the Cayley-Hamilton theorem, where I is the identity matrix. Express your answer in Ns²/m⁸.",det(A - λI) = 0.25 Ns²/m⁸,det(A - λI) = 1.00 Ns²/m⁸,det(A - λI) = 4.00 Ns²/m⁸,det(A - λI) = -1.00 Ns²/m⁸,2
735,Engineering Mathematics,Matrix eigenvalues,12,"A mining engineer is analyzing the stability of a rock slope. The stress matrix for the rock is given by σ = [100 20; 20 80] MPa. If the eigenvalues of the stress matrix are λ1 = 120 MPa and λ2 = 60 MPa, and the slope is subjected to a uniform confining pressure of 50 MPa, determine the factor of safety against failure using the Mohr-Coulomb criterion. Assume the angle of internal friction is 30°. If the calculated factor of safety is 1.25, what is the maximum allowable uniform confining pressure (in MPa) for the slope to remain stable?",40 MPa,50 MPa,60 MPa,70 MPa,2
736,Engineering Mathematics,Matrix eigenvalues,12,"A square matrix A has eigenvalues λ1 = 2 and λ2 = 3. If A is a 3x3 matrix, the value of the determinant of (A - 2I)(A - 3I) is (in MPa).",108 MPa,162 MPa,216 MPa,324 MPa,2
737,Engineering Mathematics,Matrix eigenvalues,12,"A hydraulic cylinder has a diameter of 0.2 m and is subjected to an axial load of 100 kN. The material is assumed to be linear elastic with a Young's modulus of 200 GPa. Determine the minimum axial stiffness (kN/m) of the cylinder, considering the effects of matrix eigenvalues on the system's stability. Assume the Poisson's ratio (ν) is 0.3.","10,000","15,000","20,000","25,000",2
738,Engineering Mathematics,Matrix eigenvalues,12,"A hydraulic cylinder is used to drive a mining machine. The cylinder is modeled as a system of two connected cylinders with a common wall. The stiffness matrix for this system is given by 

\begin{bmatrix} 100 & -50 \\ -50 & 100 \end{bmatrix} MPa/m³. If the system is subjected to a load of 50 kN, determine the deflection of the system using the Cayley-Hamilton theorem. Assume the system is initially at rest.",The deflection is 2.5 mm.,The deflection is 5.0 mm.,The deflection is 7.5 mm.,The deflection is 10.0 mm.,2
739,General Aptitude & Reasoning,Logical deduction,12,"A pipe of length 100 m and diameter 0.5 m is connected to a pump that supplies water at a rate of 0.05 m³/s. If the pump's power consumption is 10 kW, and the pipe's friction factor is 0.02, what is the minimum pressure head (in kPa) required at the inlet of the pump to maintain a flow rate of 0.05 m³/s against a head loss of 20 m?",15.4 kPa,18.2 kPa,22.1 kPa,25.6 kPa,2
740,General Aptitude & Reasoning,Logical deduction,12,"A conveyor belt, 100 m long, is moving at a speed of 5 m/s. A 10 kg block is placed on the belt at one end. Assuming a uniform deceleration of 0.5 m/s², calculate the time taken for the block to reach the other end of the belt. Also, determine the percentage increase in the time taken if the deceleration is reduced to 0.25 m/s². (Take g = 9.81 m/s²).","t = 20 s, % increase in time = 20%","t = 20 s, % increase in time = 40%","t = 40 s, % increase in time = 20%","t = 40 s, % increase in time = 40%",2
741,General Aptitude & Reasoning,Logical deduction,12,"A conveyor belt, 4 m wide and 3.5 m/s in speed, is carrying sand at a rate of 15 kN. If the sand is being poured at a rate of 0.5 m³/s, what is the pressure exerted on the belt, given that the bulk density of sand is 1.6 t/m³?",15.4 kPa,18.2 kPa,20.8 kPa,22.5 kPa,2
742,General Aptitude & Reasoning,Logical deduction,12,"A conveyor belt is moving at a speed of 10 m/s. It is carrying a load of 5000 kg. If the angle of inclination is 30°, the force (in kN) exerted by the load on the belt is given by F = (m × g) / (sin(θ) × cos(θ)). Determine the force exerted by the load on the belt, given that g = 9.81 m/s².",4.91 kN,5.12 kN,5.31 kN,5.49 kN,2
743,General Aptitude & Reasoning,Logical deduction,12,"A conveyor belt is moving at a speed of 5 m/s. A 20 kg box is placed on it. If the coefficient of kinetic friction between the box and the belt is 0.2, and the angle of the incline is 30°, what is the minimum power required to move the box at a constant speed?",10.5 kW,21.2 kW,31.9 kW,42.6 kW,2
744,General Aptitude & Reasoning,Logical deduction,12,"A cement kiln operates at 90% capacity. If it produces 3000 kg of clinker per hour, and the fuel consumption is 350 Nm³/h, what is the percentage increase in fuel consumption if the production rate is increased to 110% capacity?",5%,7.5%,10%,12.5%,1
745,General Aptitude & Reasoning,Logical deduction,12,"A certain quantity of water is flowing through a cylindrical pipe with a diameter of 0.2 m and a length of 10 m. The flow rate is 0.01 m³/s. If the water is flowing at a velocity of 2 m/s, what is the pressure drop (in kPa) across a 5 m long section of the pipe? Assume the density of water is 1000 kg/m³ and the viscosity is 0.001 Ns/m².",5.3 kPa,10.6 kPa,15.9 kPa,21.2 kPa,2
746,General Aptitude & Reasoning,Logical deduction,12,"A mine has three tunnels, A, B, and C. The distance from A to B is 100 m, from B to C is 120 m, and from C to A is 140 m. A pump is to be installed at one of the tunnels to supply water to the mine. The pump has a flow rate of 0.5 m³/s and can supply water up to a height of 50 m. If the water level in the mine is at a depth of 80 m, where should the pump be installed to supply water to the entire mine?",Install the pump at tunnel A to supply water to the entire mine.,Install the pump at tunnel B to supply water to the entire mine.,Install the pump at tunnel C to supply water to the entire mine.,It is not possible to supply water to the entire mine with the given pump.,2
747,Geomechanics & Ground Control,Mohr-Coulomb failure,12,"A coal mine has a rock mass with the following properties: σc = 10 MPa, σt = 2 MPa, a = 30°, and γ = 25°. A rectangular pillar of dimensions 5 m x 3 m x 10 m is excavated in this rock mass. The pillar is supported by 10 mm diameter rock bolts with a length of 2 m each. If the pillar is subjected to a vertical stress of 2.5 MPa, determine the safe length of the rock bolt required to prevent failure of the pillar. Assume that the rock bolt capacity is 10 kN.",1.5 m,2.2 m,2.8 m,3.5 m,1
748,Geomechanics & Ground Control,Mohr-Coulomb failure,12,"A rock mass with a uniaxial compressive strength (UCS) of 120 MPa and a rock mass rating (RMR) of 55 is subjected to a major principal stress of 10 MPa. If the rock mass is assumed to fail according to the Mohr-Coulomb criterion, calculate the minor principal stress (σ2) at failure, given that the rock mass has a cohesion (c) of 2.5 MPa and an internal friction angle (φ) of 30°. Consider a tributary area pillar with a plan area of 10 m² and a height of 10 m. Assuming a rock bolt capacity of 100 kN, determine the maximum allowable pillar stress (σ) if the rock bolt is to be fully utilized. Express your answer in MPa.","σ2 = 5.0 MPa, σ = 2.5 MPa","σ2 = 6.0 MPa, σ = 3.0 MPa","σ2 = 7.0 MPa, σ = 4.0 MPa","σ2 = 8.0 MPa, σ = 5.0 MPa",2
749,Geomechanics & Ground Control,Mohr-Coulomb failure,12,"A coal mine is excavating a slope with a 60° inclination. The in-situ rock mass properties are: RMR = 45, Q = 2.5. The rock mass is subjected to a major principal stress (σ1) of 10 MPa and a minor principal stress (σ3) of 4 MPa. A 1.5 m diameter rock bolt is installed at a 30° angle to the horizontal. Assuming a tributary area of 10 m² and a rock bolt capacity of 100 kN, calculate the factor of safety against Mohr-Coulomb failure. The rock mass parameters are: c = 0.5 MPa, φ = 30°. What is the minimum number of rock bolts required to achieve a factor of safety of 1.5?",6 rock bolts,8 rock bolts,10 rock bolts,12 rock bolts,2
750,Geomechanics & Ground Control,Mohr-Coulomb failure,12,"A coal mine is excavating a 5 m x 5 m x 10 m high room and pillar panel. The rock mass is classified as RMR = 55. The uniaxial compressive strength of the rock is 120 MPa. The major and minor principal stresses are 20 MPa and 10 MPa respectively. The rock bolts are 25 mm in diameter and 3 m long, with a tensile strength of 1500 kN. The tributary area of the pillar is 20 m². If the rock mass is assumed to be brittle, determine the maximum allowable pillar stress to prevent failure using the Mohr-Coulomb failure criterion, considering the effect of rock mass classification and rock bolt capacity.",15.6 MPa,18.2 MPa,20.5 MPa,22.1 MPa,2
751,Geomechanics & Ground Control,Mohr-Coulomb failure,12,A coal mine has a rock mass with a uniaxial compressive strength (UCS) of 30 MPa. The rock mass is classified as a Bieniawski RMR of 45. The rock mass is also classified as a Barton Q-system Q-value of 10. The rock mass has a joint set with an average aperture of 0.1 m and an average spacing of 2 m. The rock mass is subjected to a major principal stress of 10 MPa and a minor principal stress of 5 MPa. A 5 m x 5 m x 10 m pillar is excavated in the rock mass. The pillar is subjected to a tributary area pillar stress of 1.5 MPa. The rock mass is reinforced with rock bolts with a capacity of 100 kN each. Determine the safe length of the rock bolts required to prevent failure of the pillar. Assume a Mohr-Coulomb angle of 30° and a cohesion of 0.5 MPa.,5.2 m,6.5 m,7.8 m,9.1 m,2
752,Geomechanics & Ground Control,Tributary Area Pillar Stress,12,"A square pillar of side length 4 m is excavated in a rock mass with a uniaxial compressive strength of 30 MPa. The pillar is subjected to a vertical load of 100 kN and a horizontal load of 50 kN. Assuming a tributary area factor of 1.2 and a rock mass deformation modulus of 10 GPa, determine the maximum allowable pillar stress using the Q-system. If the rock bolt capacity is 20 kN, what is the required number of rock bolts to maintain the pillar stability?",Maximum allowable pillar stress: 10.5 MPa; Required number of rock bolts: 5,Maximum allowable pillar stress: 12.0 MPa; Required number of rock bolts: 3,Maximum allowable pillar stress: 9.0 MPa; Required number of rock bolts: 7,Maximum allowable pillar stress: 11.5 MPa; Required number of rock bolts: 4,1
753,Geomechanics & Ground Control,Mohr-Coulomb failure,12,"A coal mine has a rock mass with the following properties: σc = 20 MPa, σt = 10 MPa, φ = 35°, and RMR = 55. The coal seam is 2.5 m thick and the pillar width is 4 m. A rock bolt is installed with a diameter of 25 mm and a length of 2 m. If the tributary area pillar stress is 2.5 MPa, calculate the minimum rock bolt capacity required to prevent failure. Assume the rock bolt has a surface area of 0.05 m².",A rock bolt with a capacity of 100 kN is required.,A rock bolt with a capacity of 150 kN is required.,A rock bolt with a capacity of 200 kN is required.,A rock bolt with a capacity of 250 kN is required.,2
754,Geomechanics & Ground Control,Mohr-Coulomb failure,12,"A coal mine is excavating a longwall panel with a dip angle of 10°. The in-situ rock mass properties are: RMR = 55, Q = 2.5, and the uniaxial compressive strength of the rock is 120 MPa. The pillar size is 5 m x 5 m x 10 m. The tributary area is 1000 m². The rock bolt is made of steel with a yield strength of 500 MPa and a diameter of 25 mm. If the rock mass is subjected to a major principal stress of 8 MPa, determine the maximum allowable axial load on the rock bolt, considering the Mohr-Coulomb failure criterion. Assume the internal friction angle (φ) is 30° and the cohesion (c) is 5 MPa.",The maximum allowable axial load on the rock bolt is 50 kN.,The maximum allowable axial load on the rock bolt is 60 kN.,The maximum allowable axial load on the rock bolt is 70 kN.,The maximum allowable axial load on the rock bolt is 80 kN.,2
755,Geomechanics & Ground Control,Mohr-Coulomb failure,12,"A 10 m high and 5 m wide coal pillar is excavated in a rock mass with a uniaxial compressive strength of 100 MPa. The rock mass is characterized by a Bieniawski RMR of 55 and a Barton Q-system value of 4. The rock mass is also subjected to a vertical stress of 20 kPa and a horizontal stress of 10 kPa. Assuming a Mohr-Coulomb failure criterion with a cohesion of 0.2 MPa and an angle of internal friction of 30°, calculate the pillar stress (σ) in MPa. Consider the effect of rock bolt capacity and tributary area on the pillar stress. Assume a rock bolt capacity of 100 kN/m and a tributary area of 10 m².",σ = 4.2 MPa,σ = 5.1 MPa,σ = 6.5 MPa,σ = 7.8 MPa,2
756,"Mine Planning, Geostatistics & Economics",Mine Planning,12,"A mine has a proposed investment of ₹ 10 crores for a new mining equipment. The equipment is expected to yield an annual revenue of ₹ 2.5 crores for 5 years, and an annual operating cost of ₹ 1.2 crores. The equipment has a residual value of ₹ 1 crore after 5 years. The mine's discount rate is 12% per annum. Assuming a spherical semivariogram model with a sill of 0.8 and a nugget effect of 0.2, estimate the Net Present Value (NPV) of the investment using Ordinary Kriging. The estimation variance for the spherical model is given by σ² = (3 - φ) * sill. Calculate the NPV to the nearest integer.",₹ 2.31 crores,₹ 2.41 crores,₹ 2.51 crores,₹ 2.61 crores,2
757,"Mine Planning, Geostatistics & Economics",Economic Evaluation of Mining Projects,12,"A mining project has an initial investment of ₹ 1.2 crores and an estimated life of 5 years. The annual operating costs are ₹ 0.8 crores and the annual revenue is ₹ 1.5 crores. The mine is expected to produce 2.5 million tonnes of ore per annum. The ore contains 2% Cu and the current market price of Cu is ₹ 450 per kg. The project also requires an additional investment of ₹ 0.5 crores for the installation of a new conveyor belt. If the project is expected to have a spherical semivariogram model with a sill of 10 Ns²/m⁸ and a nugget effect of 2 Ns²/m⁸, and the Ordinary Kriging estimation variance is 5% of the sill, calculate the Net Present Value (NPV) of the project, considering a discount rate of 12% per annum.",₹ 0.85 crores,₹ 1.05 crores,₹ 1.25 crores,₹ 1.45 crores,2
758,"Mine Planning, Geostatistics & Economics",Mine Planning,12,"A coal mine is being planned to extract 2.5 million tonnes of coal over a period of 8 years. The initial investment is ₹ 1.5 billion and the operating cost is ₹ 2.5 million per day. The revenue generated per tonne of coal extracted is ₹ 1,200. The mine is expected to operate for 8 hours a day, 5 days a week. The semivariogram model for the coal seam is given by: γ(h) = C0 + C1 * (3 - 3h/h0) * exp(-3h/h0) with C0 = 0.5 m²/s², C1 = 0.2 m²/s², and h0 = 100 m. The spherical semivariogram sill is 1.5 m²/s² and the nugget effect is 0.2 m²/s². The Ordinary Kriging estimation variance is 0.05 m²/s². Calculate the Net Present Value (NPV) of the mine, rounded to the nearest integer.",₹ 8.2 billion,₹ 8.5 billion,₹ 8.1 billion,₹ 8.6 billion,1
759,"Mine Planning, Geostatistics & Economics",Net Present Value,12,A mining company is planning to invest in an underground coal mine. The initial investment required is ₹ 150 million. The mine is expected to produce 2.5 million tonnes of coal per year for 15 years. The selling price of coal is ₹ 250 per tonne. The operating cost is ₹ 120 per tonne. The company expects to sell 70% of the produced coal. The interest rate is 8% per annum. The spherical semivariogram model for the coal grade is given by: γ(h) = 0.5 + 0.3 * (h^2 / (3 + h^2)) with a sill of 2.5 and a nugget effect of 0.5. The Ordinary Kriging estimation variance is given by: σ² = 0.2 + 0.1 * (h^2 / (3 + h^2)). Calculate the Net Present Value (NPV) of the mine.,"₹ 1,362 million","₹ 1,432 million","₹ 1,502 million","₹ 1,572 million",2
760,"Mine Planning, Geostatistics & Economics",Net Present Value,12,"A mining company is planning to extract coal from an underground mine with an estimated reserve of 500,000 tonnes. The mining cost is estimated to be $80 per tonne, and the selling price is $120 per tonne. The annual operating cost is $10 million, and the annual depreciation is $5 million. The company uses a discount rate of 12% and a tax rate of 25%. The semivariogram model for the coal reserves is given by: γ(h) = 0.5 + 0.2 |h|^1.5. The sill is 1.5 Ns²/m⁸, and the nugget effect is 0.2 Ns²/m⁸. The Ordinary Kriging estimation variance is 0.01. If the company extracts 100,000 tonnes of coal in the first year, what is the Net Present Value (NPV) of the project, rounded to the nearest dollar?","$8,419,419","$9,419,419","$10,419,419","$11,419,419",2
761,"Mine Planning, Geostatistics & Economics",Economic Evaluation of Mining Projects,12,"A mining project has an initial investment of ₹ 100 million and an estimated life of 10 years. The annual operating cost is ₹ 50 million and the annual revenue is ₹ 70 million. The project's internal rate of return (IRR) is 15% and the cost of capital is 12%. The spherical semivariogram model is used to estimate the grade of the ore body, with a sill of 100 MPa² and a nugget effect of 20 MPa². The Ordinary Kriging estimation variance is 5 MPa². Calculate the net present value (NPV) of the project and determine the minimum additional investment required to increase the IRR to 18%.",₹ 250 million,₹ 300 million,₹ 350 million,₹ 400 million,2
762,"Mine Planning, Geostatistics & Economics",Net Present Value,12,"A mining project has a proposed investment of ₹ 10,000,000 and an estimated life of 8 years. The annual operating costs are ₹ 2,000,000 and the annual revenue is ₹ 3,500,000. The project's initial capital expenditure is ₹ 5,000,000. The discount rate is 12% per annum. Using the net present value (NPV) method, calculate the minimum annual revenue required to make the project viable. Assume a spherical semivariogram model with a sill of 10 Ns²/m⁸ and a nugget effect of 2 Ns²/m⁸.","₹ 2,400,000","₹ 2,600,000","₹ 2,800,000","₹ 3,000,000",2
763,"Mine Planning, Geostatistics & Economics",Mine Planning and Economics,12,"A mining company is planning to extract a copper orebody with an estimated reserve of 1.2 million tonnes. The mining costs are estimated to be $1200/tonne, and the processing costs are estimated to be $300/tonne. The revenue from copper sales is estimated to be $1800/tonne. The company uses a discount rate of 10% and a tax rate of 20%. If the spherical semivariogram model is used to estimate the copper grade, with a sill of 0.05 and a nugget effect of 0.01, and Ordinary Kriging is used to estimate the copper grade, with an estimation variance of 0.0025, what is the Net Present Value (NPV) of the project, considering a mine life of 5 years and assuming that the copper grade is normally distributed with a mean of 1.2% and a standard deviation of 0.5%?","$4,320,000","$6,480,000","$8,640,000","$10,800,000",2
764,"Mine Planning, Geostatistics & Economics",Mine Planning,12,"A mine is planned to operate for 10 years with an initial investment of ₹ 1.5 crores. The annual operating cost is ₹ 0.8 crores and the annual revenue is ₹ 1.2 crores. The mine is expected to produce 8,000,000 tonnes of ore per year. The semivariogram model for the ore grade is given by: γ(h) = 0.5 + 0.3 * (h/100)^2, where h is the lag in meters. The spherical semivariogram sill is 2.5 and the nugget effect is 0.8. The Ordinary Kriging estimation variance is 0.15. Calculate the Net Present Value (NPV) of the mine, rounded to the nearest integer.",₹ 24.5 crores,₹ 25.8 crores,₹ 26.2 crores,₹ 27.1 crores,2
765,"Mine Planning, Geostatistics & Economics",Net Present Value,12,"A mining project requires an initial investment of ₹ 50 crores. The project is expected to generate a revenue of ₹ 20 crores per annum for 5 years, and a revenue of ₹ 15 crores per annum for the next 10 years. The project also has a salvage value of ₹ 10 crores after 15 years. The discount rate is 10% per annum. If the spherical semivariogram model is used to estimate the ore reserves, with a sill of 1000 m² and a nugget effect of 500 m², and the Ordinary Kriging estimation variance is 0.05, what is the Net Present Value (NPV) of the project, rounded to the nearest integer?",₹ 123.45 crores,₹ 128.90 crores,₹ 132.50 crores,₹ 138.20 crores,2
766,Mine Surveying & Geomatics,Bowditch rule traverse closing error,12,"A mine survey traverse consists of 12 lines with 15 observations. The closure error in latitude and longitude using Bowditch rule is 3.72 m and 2.15 m respectively. If the leveling sensitivity is 1 in 1000 and the EDM instrument has a correction of 0.5 ppm, what is the total error in the closing of the traverse in meters, considering the leveling sensitivity and EDM corrections?",4.21 m,4.56 m,4.91 m,5.26 m,2
767,Mine Surveying & Geomatics,Bowditch rule traverse closing error,12,"A mine survey traverse consists of 10 lines with a total length of 5.2 km. The traverse is closed using the Bowditch rule. The mean error in closing the traverse is 1.5 m. If the leveling sensitivity is 1:100,000 and the EDM corrections are applied, what is the probable error in the closing of the traverse, considering the leveling sensitivity and EDM corrections?",0.15 m,0.25 m,0.35 m,0.45 m,2
768,Mine Surveying & Geomatics,Bowditch rule traverse closing error,12,"A mine survey traverse is conducted using a total station with an EDM distance measurement of 250.456 m. The instrument constants are: a = 0.00005, b = 0.00002, c = 0.00001. The measured zenith angle is 23° 15' 30"". The calculated traverse closing error using the Bowditch rule is 1.2345 m. If the sensitivity of the leveling is 1.2 mm/m and the EDM correction is 0.5 mm/m, calculate the net traverse closing error.",1.2345 m,1.2345 m - 1.2 mm/m - 0.5 mm/m,1.2345 m + (1.2 mm/m + 0.5 mm/m) * 1000,1.2345 m - (1.2 mm/m + 0.5 mm/m),2
769,Mine Surveying & Geomatics,Bowditch rule traverse closing error,12,"A mine survey traverse consists of 5 sides with the following angles and lengths: AB = 250 m, BC = 300 m, CD = 220 m, DE = 280 m, and EA = 320 m. The angles are: ∠ABC = 60°, ∠BCD = 120°, ∠CDE = 90°, ∠DEA = 150°, and ∠EAB = 105°. The EDM measurements are affected by a systematic error of 0.01 m and a random error of 0.005 m. The leveling sensitivity is 0.05 m. Calculate the traverse closing error using the Bowditch rule and determine the missing line length if the calculated error is 0.15 m.",0.147 kN,0.156 kN,0.165 kN,0.174 kN,2
770,Mine Surveying & Geomatics,Bowditch rule traverse closing error,12,"A mine survey traverse is conducted using a total station with an EDM instrument. The traverse is closed using the Bowditch rule. If the closing error is 1.2 mm and the leveling sensitivity is 0.8 mm/m, what is the minimum number of observations required to compute the missing line, considering the EDM correction for temperature is 10°C and the temperature gradient is 0.5°C/m?",5 observations,6 observations,7 observations,8 observations,2
771,Mine Surveying & Geomatics,Bowditch rule traverse closing error,12,"A mine survey traverse has been conducted using an EDM instrument. The traverse consists of 5 legs, with the following measurements: Leg 1: 250.15 m, Leg 2: 120.25 m, Leg 3: 300.50 m, Leg 4: 180.30 m, and Leg 5: 220.20 m. The EDM instrument has a systematic error of 0.02 m and a random error of 0.005 m. The leveling sensitivity is 0.05 m/m. If the traverse is closed using the Bowditch rule, and the closing error is found to be 0.12 m, calculate the correction to be applied to the EDM instrument's systematic error. Assume the traverse is on a horizontal plane.",0.024 m,0.026 m,0.028 m,0.030 m,2
772,Mine Surveying & Geomatics,Bowditch rule traverse closing error,12,"A mine surveyor is tasked with computing the traverse closing error using the Bowditch rule. The survey involves a series of 5 angles and 6 distances. The EDM measurements are as follows: AB = 150.0 m, BC = 120.0 m, CD = 180.0 m, DE = 100.0 m, EF = 130.0 m, FA = 220.0 m. The angles measured are: ∠ABC = 57° 30', ∠BCD = 63° 15', ∠CDE = 72° 45', ∠DEF = 81° 30', ∠EFA = 89° 15'. The surveyor also notes that the leveling sensitivity is 1 mm/km. If the EDM instrument has a correction factor of 0.5 ppm, what is the magnitude of the traverse closing error in meters, rounded to two decimal places?",0.23 m,0.35 m,0.17 m,0.41 m,2
773,Mine Surveying & Geomatics,Bowditch rule traverse closing error,12,"A mine survey traverse consists of 8 stations with the following angles and distances: 

| Station | Angle (°) | Distance (m) |
| --- | --- | --- |
| 1      | 60        | 50          |
| 2      | 90        | 75          |
| 3      | 120       | 100         |
| 4      | 150       | 125         |
| 5      | 180       | 150         |
| 6      | 210       | 175         |
| 7      | 240       | 200         |
| 8      | 270       | 225         |

The traverse is closed using the Bowditch rule. If the calculated closing error is 1.2 m, and the leveling sensitivity is 0.5 mm/m, what is the required EDM correction (in mm) for the 7th station?",0.45 mm,0.65 mm,0.85 mm,1.05 mm,2
774,Mine Surveying & Geomatics,Bowditch rule traverse closing error,12,"A traverse consists of 8 lines with the following angles: A = 63° 30', B = 75° 45', C = 82° 15', D = 98° 30', E = 110° 45', F = 117° 15', G = 122° 30', H = 137° 45'. The closing error is found to be 3.27 m. If the EDM corrections for the traverse are: a = 0.01 m, b = -0.02 m, c = 0.03 m, d = -0.04 m, e = 0.05 m, f = -0.06 m, g = 0.07 m, h = -0.08 m, what is the value of the leveling sensitivity (m/radian) for the traverse?",0.0015 Ns²/m⁸,0.0025 Ns²/m⁸,0.0035 Ns²/m⁸,0.0045 Ns²/m⁸,2
775,Mine Surveying & Geomatics,Bowditch rule traverse closing error,12,"A mine survey traverse consists of 8 stations with latitudes and departures given. The traverse is closed using the Bowditch rule. The closing error in latitude is 0.032 m and in departure is 0.021 m. The leveling sensitivity is 1:10000. The EDM instrument has a correction of -0.0005 m for every 1°C difference in temperature. The temperature difference between the EDM instrument and the leveling instrument is 2°C. The leveling instrument has a sensitivity of 1:5000. If the leveling error is 0.015 m, what is the total error in the traverse closing?",0.048 m,0.053 m,0.058 m,0.063 m,2
776,Mine Surveying & Geomatics,Bowditch rule traverse closing error,12,"A mine survey traverse is conducted using a total station. The traverse is closed using the Bowditch rule. The following data are obtained: 

| Station | Azimuth (°) | Distance (m) | 
| --- | --- | --- | 
| 1     | 45.000     | 100.00     | 
| 2     | 135.000    | 150.00     | 
| 3     | 225.000    | 120.00     | 
| 4     | 315.000    | 180.00     | 

The EDM instrument has an accuracy of ±0.5 mm + 1 ppm. The leveling sensitivity is 1:10,000. The calculated traverse closing error using the Bowditch rule is 1.234 m. Considering the EDM corrections, what is the actual traverse closing error? (Round off to three decimal places).",1.234 - 0.003 m,1.234 + 0.003 m,1.234 m,1.234 - 0.005 m,1
777,Mine Surveying & Geomatics,Bowditch rule traverse closing error,12,"A mine survey traverse consists of 8 stations with the following coordinates (in meters): A(100, 200), B(120, 220), C(140, 240), D(160, 260), E(180, 280), F(200, 300), G(220, 320), H(240, 340). The traverse is closed using the Bowditch rule. If the closing error is 1.45 m in the northing direction and the EDM corrections for the first and last lines are 1.2 m and 1.5 m respectively, what is the sensitivity of the traverse in the northing direction (in m/Ns²/m⁸)? Assume a leveling constant of 1.0 m/Ns²/m⁸ and the leveling accuracy of 0.05 m. What is the missing line computation required to achieve a traverse sensitivity of 0.01 m/Ns²/m⁸?",The missing line computation required is 0.25 m³/s with a sensitivity of 0.01 m/Ns²/m⁸.,The missing line computation required is 0.5 m³/s with a sensitivity of 0.01 m/Ns²/m⁸.,The missing line computation required is 1.0 m³/s with a sensitivity of 0.01 m/Ns²/m⁸.,The missing line computation required is 2.0 m³/s with a sensitivity of 0.01 m/Ns²/m⁸.,2
778,Mine Surveying & Geomatics,Bowditch rule traverse closing error,12,"A mine survey traverse consists of 10 lines with a total length of 5.2 km. The traverse is closed using the Bowditch rule. If the closing error is 1.8 m and the average latitude is 45.6°, calculate the mean error of closure (mec) in meters. Given that the traverse has a cumulative difference of 1.5° in azimuth and the average difference in latitude is 0.2°. Assume the length of the traverse is 5.2 km = 5.2 × 10^3 m.",1.2 m,1.5 m,1.8 m,2.1 m,2
779,Mine Surveying & Geomatics,Bowditch rule traverse closing error,12,"A mine survey traverse consists of 10 legs with a total length of 1200 m. The traverse is closed using the Bowditch rule. If the closing error is 0.5 m, and the mean latitude of the traverse is 45°, calculate the correction to be applied to the EDM measurements using the formula: Δs = (e × L) / (cos(λ/2) × sin(λ/2)), where e is the closing error, L is the total length, and λ is the mean latitude. Given that the EDM measurements are in meters, and the correction is to be applied in meters, what is the correction to be applied to the EDM measurements?",0.0023 m,0.0045 m,0.0067 m,0.0099 m,2
780,Mine Surveying & Geomatics,Bowditch rule traverse closing error,12,"In a mine surveying project, a traverse loop of 5 sides with angles measured using an EDM is closed with a Bowditch rule traverse closing error of 0.0025 m. If the average EDM distance to the vertex of the loop is 100 m, the sensitivity of the leveling to the EDM distance is 0.00005 m/m. The EDM instrument has a correction of 0.00002 m/m². Calculate the missing line computation error in m.",0.00025 m,0.00050 m,0.00075 m,0.00100 m,2
781,Mine Surveying & Geomatics,Bowditch rule traverse closing error,12,"A mine survey traverse consists of 12 sides with a total length of 2500 m. The traverse is closed using the Bowditch rule. If the cumulative error in the traverse is found to be 0.012 m, the error in the 6th side, which is measured using an EDM instrument with a correction factor of 0.0005, is 0.03 m. Determine the error in the 9th side, which is measured using a tape with a sensitivity of 1:1000, if the cumulative error in the first 8 sides is 0.02 m.",0.021 m,0.031 m,0.041 m,0.051 m,2
782,Mine Ventilation & Environment,Atkinson's friction law,12,"A mine ventilation system has a total resistance of 10 Ns²/m⁸. The fan is operating at a flow rate of 0.5 m³/s and a pressure of 20 kPa. If the fan characteristic curve is given by Q = 0.1P^0.5, where Q is in m³/s and P is in kPa, and Atkinson's friction law is given by f = 0.02P^0.2, where f is in Ns²/m⁸ and P is in kPa, determine the pressure required to maintain the same flow rate if the total resistance is increased by 50%. The Coward flammability triangle indicates that the mine is operating at a safe temperature of 25°C. However, the natural ventilation pressure is 5 kPa. Considering the fan's efficiency, which is 0.8, calculate the actual pressure required to maintain the same flow rate.",45.6 kPa,50.2 kPa,52.1 kPa,48.5 kPa,2
783,Mine Ventilation & Environment,Atkinson's friction law,12,"A mine ventilation fan with a characteristic curve is installed in a 1.2 km long mine haulage road with a rectangular cross-section of 3.6 m x 3.2 m. The air flow rate is 1.5 m³/s. The fan is operating at a speed of 1450 rpm and has a power input of 75 kW. Using Atkinson's friction law, determine the pressure drop (in kPa) across the fan, assuming a roughness factor of 0.05 and a kinematic viscosity of 1.8 x 10⁻⁵ m²/s. Also, plot the fan characteristic curve on a graph with air flow rate (Q) on the x-axis and pressure (P) on the y-axis. If the fan is operating at a point on the curve where the air flow rate is 1.2 m³/s and the pressure is 15 kPa, determine the percentage increase in fan power required to maintain the same air flow rate and pressure. Assume the fan is operating at the point of maximum efficiency on the characteristic curve.",The pressure drop across the fan is 24.5 kPa.,The percentage increase in fan power required is 12.5%.,The fan is operating at a point on the curve where the air flow rate is 1.2 m³/s and the pressure is 15 kPa.,The fan is not operating at the point of maximum efficiency on the characteristic curve.,1
784,Mine Ventilation & Environment,Atkinson's friction law,12,"A mine ventilation fan is installed in a 100 m long underground tunnel with a diameter of 2.5 m. The air flow rate through the fan is 0.5 m³/s. The fan is driven by an electric motor with a power rating of 15 kW. The air pressure drop across the fan is 20 kPa. Using Atkinson's friction law, determine the fan's power factor (η) if the fan's characteristic curve is given by: η = 0.9 - 0.01 × (ΔP)², where ΔP is the air pressure drop in kPa. Also, assume that the natural ventilation pressure in the tunnel is 10 kPa.",0.85,0.90,0.92,0.95,2
785,Mine Ventilation & Environment,Atkinson's friction law,12,"A mine ventilation system consists of a 100 m long, 1.5 m diameter steel pipe with a roughness of 0.05 mm. The air flow rate is 10 m³/s. The pressure drop due to friction is given by Atkinson's friction law. If the fan is operating at a point on its characteristic curve where the fan pressure is 100 kPa and the fan power is 100 kW, determine the natural ventilation pressure (Pv) required to maintain a safe air flow rate. The Coward flammability triangle indicates that the lower flammable limit (LFL) of methane is 5% by volume. If the concentration of methane in the air is 10% by volume, the air flow rate needs to be adjusted to prevent methane accumulation. Assuming the air density is 1.2 kg/m³, calculate the required air flow rate (Q) in m³/s. Given: ρ = 1.2 kg/m³, f = 0.02 Ns²/m⁸, ε = 0.05 mm, D = 1.5 m, L = 100 m, Pfan = 100 kPa, Pw = 100 kW, Q = ? m³/s, Pv = ? kPa","Q = 8.5 m³/s, Pv = 120 kPa","Q = 9.2 m³/s, Pv = 110 kPa","Q = 10.5 m³/s, Pv = 100 kPa","Q = 11.8 m³/s, Pv = 90 kPa",2
786,Mine Ventilation & Environment,Atkinson's friction law,12,"A ventilation tunnel with a length of 1000 m and a diameter of 2.5 m is to be ventilated using a fan with a power of 200 kW. The air flow rate is 10 m³/s. The total static pressure required is 10 kPa. Using Atkinson's friction law, determine the fan's total pressure required to overcome the friction losses. Assume a friction factor of 0.02. The fan's characteristic curve is given by: P = 0.5 ∗ Q^2 + 0.1 ∗ Q. Where P is the total pressure in kPa and Q is the air flow rate in m³/s. Consider the Coward flammability triangle and the natural ventilation pressure to determine the maximum safe air flow rate.",The fan's total pressure required is 15 kPa.,The fan's total pressure required is 18 kPa.,The fan's total pressure required is 20 kPa.,The fan's total pressure required is 22 kPa.,2
787,Mine Ventilation & Environment,Mine Ventilation & Environment,12,"A mine ventilation system has a main airway with a diameter of 3.5 m and a length of 1000 m. The airway is to be ventilated by a fan with a characteristic curve given by Q = 0.5 * C_d * A * sqrt(ΔP), where Q is the airflow rate, C_d is the discharge coefficient, A is the cross-sectional area of the airway, and ΔP is the pressure drop across the fan. The airway is also subject to natural ventilation due to the pressure difference ΔP_n = 0.05 * ρ * g * H, where ρ is the air density, g is the acceleration due to gravity, and H is the height of the airway. The airway is also subject to a fire hazard, and the Coward flammability triangle indicates that the minimum oxygen concentration for ignition is 13% by volume. If the airway is to be ventilated at a rate of 10 m³/s, and the fan is to be operated at a pressure drop of 200 kPa, what is the minimum height of the airway required to prevent ignition, assuming a discharge coefficient of 0.9 and an air density of 1.2 kg/m³? Also, calculate the friction factor using Atkinson's friction law: f = (0.25 / (log10(R_e / 5))²)², where R_e is the Reynolds number.","The minimum height required to prevent ignition is 15 m, and the friction factor is 0.035.","The minimum height required to prevent ignition is 20 m, and the friction factor is 0.025.","The minimum height required to prevent ignition is 18 m, and the friction factor is 0.030.","The minimum height required to prevent ignition is 22 m, and the friction factor is 0.040.",2
788,Mine Ventilation & Environment,Atkinson's friction law,12,"A mine ventilation system uses a centrifugal fan to supply 100 m³/s of air to a 1000 m long underground tunnel with a diameter of 4 m. The air is at a temperature of 20°C and a relative humidity of 60%. The fan is rated at 250 kW and has a motor efficiency of 90%. The pressure drop due to the tunnel's roughness is 0.5 kPa/m. Using Atkinson's friction law, determine the total pressure required at the fan inlet to achieve a velocity of 10 m/s at the tunnel exit. Assume the air's density is 1.2 kg/m³ and neglect the fan's pressure drop. The Coward flammability triangle is not applicable in this scenario. However, the natural ventilation pressure in the tunnel is 0.2 kPa.",12.5 kPa,15.6 kPa,18.2 kPa,21.1 kPa,2
789,Mining Machinery & Materials Handling,Koepe winder slip criteria,12,"A Koepe winder is used for hoisting ore in a mine. The winder has a drum diameter of 4 m and a drum width of 1.5 m. The wire rope has a diameter of 50 mm and a breaking load of 350 kN. The winder is designed to handle a maximum load of 200 kN. The wire rope has a static factor of safety of 5. The ore flow rate is 10 m³/s. The specific gravity of the ore is 2.8. The angle of wrap is 10°. The maximum allowable slip is 2%. Determine the minimum power required to handle the ore flow rate, considering the wire rope's static factor of safety and the maximum allowable slip.",P = 1250 kW,P = 1500 kW,P = 1750 kW,P = 2000 kW,2
790,Mining Machinery & Materials Handling,Koepe winder slip criteria,12,"A Koepe winder is used to transport 1000 t/h of coal at a speed of 5 m/s. The wire rope has a diameter of 60 mm and a breaking load of 120 kN. The static factor of safety is 5. The angle of wrap is 6. If the power consumption is 250 kW, calculate the slip of the Koepe winder in percentage.",1.2%,1.8%,2.5%,3.1%,2
791,Mining Machinery & Materials Handling,Koepe winder slip criteria,12,"A Koepe winder is used for hoisting ore in a mine. The winder has a drum diameter of 4.5 m and a drum width of 0.8 m. The wire rope has a breaking load of 250 kN and a mean diameter of 0.05 m. The winder is operating at a speed of 2.5 m/s. If the wire rope is subjected to a static load of 180 kN, determine the minimum safe speed of the winder to prevent slip, considering a static factor of safety of 5. Also, calculate the power required to lift the ore at this minimum safe speed.","Minimum safe speed = 1.2 m/s, Power required = 220 kW","Minimum safe speed = 1.5 m/s, Power required = 250 kW","Minimum safe speed = 1.8 m/s, Power required = 280 kW","Minimum safe speed = 2.0 m/s, Power required = 300 kW",2
792,Mining Machinery & Materials Handling,Koepe winder slip criteria,12,"A Koepe winder is used in a coal mine to lift 1200 t/h of coal at a speed of 2.5 m/s. The wire rope has a diameter of 80 mm and a breaking load of 500 kN. The angle of wrap is 6. If the slip is to be limited to 10%, what should be the minimum static factor of safety of the wire rope? Assume the acceleration due to gravity as 9.81 m/s².",1.2,1.5,1.8,2.2,2
793,Surface & Underground Mining Methods,Bord and Pillar depillaring,12,"A bord and pillar mine has a pillar size of 6 m x 6 m x 8 m. The coal seam has a density of 1.5 t/m³ and a uniaxial compressive strength of 25 MPa. The pillar is to be depillared using a continuous miner with a cutting height of 3 m. The miner's power consumption is 500 kW. If the coal is to be extracted at a rate of 200 t/h, calculate the required cutting force (kN) and determine the minimum number of miners required to achieve a stripping ratio of 3.5:1, given that the overburden density is 2.2 t/m³ and the overburden thickness is 15 m. Assume a blast powder factor of 0.6 kg/m³ and a powder factor for pillar depillaring of 0.4 kg/m³. The longwall powered support resistance is 100 kN/m.",The required cutting force is 1200 kN and 4 miners are required.,The required cutting force is 1500 kN and 3 miners are required.,The required cutting force is 1800 kN and 5 miners are required.,The required cutting force is 900 kN and 2 miners are required.,1
794,Surface & Underground Mining Methods,Bord and Pillar depillaring,12,"A bord and pillar mine with a working height of 3.5 m and a pillar size of 2.5 m x 2.5 m is being depillared. The in-situ stress at the mine is 4.2 MPa in the x-direction and 2.8 MPa in the y-direction. The depillaring machine has a cutting force of 100 kN and a power consumption of 45 kW. If the mine has a production rate of 0.15 m³/s, what is the stripping ratio (SR) for this mine? The bulk density of the rock is 2.5 t/m³. The blast powder factor (f) is 0.25 kg/m³. Assume the energy consumed per unit volume of rock is 4.2 Ns²/m⁸. The machine efficiency (η) is 0.85. Calculate the SR.",0.75,1.25,1.50,2.00,2
795,Surface & Underground Mining Methods,Bord and Pillar depillaring,12,"A bord and pillar mine has a dip of 20°. The pillar width is 4.5 m and the pillar height is 5.2 m. The rock mass strength is 10 MPa. The in-situ stress is 2.5 MPa in the x-direction and 1.8 MPa in the y-direction. The mining rate is 120 m³/s. If the powder factor is 0.35 kg/m³, what is the total energy released during depillaring per second?",1.25 × 10^4 Ns²/m⁸,2.50 × 10^4 Ns²/m⁸,3.75 × 10^4 Ns²/m⁸,5.00 × 10^4 Ns²/m⁸,2
796,Surface & Underground Mining Methods,Bord and Pillar depillaring,12,"A bord and pillar mine is being operated with a pillar extraction ratio of 0.3. If the average pillar strength is 8 MPa and the extraction ratio is 0.4, determine the maximum allowable pillar size (in m) if the mine wants to achieve a stripping ratio of 5. The powder factor for the mine is 0.6 kg/m³/s and the blastability index is 0.8. Assuming a longwall powered support resistance of 50 kN/m, calculate the total resistance required (in Ns²/m⁸) to maintain the pillar size.","15.6 m, 2.5 Ns²/m⁸","18.2 m, 3.1 Ns²/m⁸","20.8 m, 4.2 Ns²/m⁸","22.4 m, 5.5 Ns²/m⁸",2
797,Surface & Underground Mining Methods,Bord and Pillar depillaring,12,"A bord and pillar mine with a dip of 20° and a width of 6.5 m is being depillared using a mechanized system. The pillar height is 4.2 m and the roof strength is 2.5 MPa. The longwall powered support resistance is 150 kN/m. The stripping ratio is 2.8:1. The blast powder factor is 0.65 kg/m³. If the pillar extraction rate is 0.5 m³/s, calculate the total energy required for depillaring, in Ns²/m⁸. Consider the energy required for pillar extraction, roof support, and ventilation. Assume the ventilation energy is 20% of the total energy.",1234.56 Ns²/m⁸,5678.90 Ns²/m⁸,9012.34 Ns²/m⁸,3456.78 Ns²/m⁸,2
798,Surface & Underground Mining Methods,Bord and Pillar depillaring,12,"A bord and pillar mine has a working height of 4.5 m, a pillar width of 3.2 m, and a room width of 6.5 m. The uniaxial compressive strength of the rock is 120 MPa. The average density of the rock is 2700 kg/m³. If the mine is to be depillared using a mechanical depillaring system, and the system has a cutting force of 250 kN, what is the required cutting area per meter of room width, in m²? Assume a cutting efficiency of 80% and a stripping ratio of 3:1.",0.012 m²,0.015 m²,0.018 m²,0.022 m²,2
799,Surface & Underground Mining Methods,Bord and Pillar depillaring,12,"A bord and pillar mine has a coal seam with an average thickness of 3.5 m. The pillar width is 6.5 m and the spacing between pillars is 7.5 m. The coal has a uniaxial compressive strength of 45 MPa and a tensile strength of 4.5 MPa. The depillaring process is carried out using a continuous miner with a cutting power of 750 kW. The coal is extracted at a rate of 1200 t/h. If the stripping ratio is 2.5, calculate the blast powder factor required to extract the coal. Assume the powder factor for the pillar is 0.25 kg/m³.",0.65 kg/m³,0.85 kg/m³,1.05 kg/m³,1.25 kg/m³,2
800,Surface & Underground Mining Methods,Bord and Pillar depillaring,12,"A bord and pillar mine has a pillar size of 6.5 m x 6.5 m with a height of 4 m. The coal seam has a density of 1.4 t/m³ and an uniaxial compressive strength of 25 MPa. If the mine is operating at a depth of 300 m, calculate the stripping ratio, considering the powder factor for blasting as 0.6 kg/m³. The density of the overburden is 2.2 t/m³. Assume a production rate of 2000 t/h. If the longwall powered support resistance is 2.5 kN/m, what is the percentage increase in production rate if the support resistance is reduced to 2 kN/m?",10% increase in production rate,15% increase in production rate,20% increase in production rate,25% increase in production rate,2
801,Engineering Mathematics,Matrix eigenvalues,13,"A rock mass is subjected to a uniaxial compressive stress of 25 MPa. The stress-strain relationship is given by σ = 25 + 10ε + 2ε², where σ is in MPa and ε is in dimensionless. If the principal stresses are given by the matrix [25  0  0; 0  25  0; 0  0  25], determine the major principal strain using Cayley-Hamilton theorem. Also, if the strain rate is 0.05/s, calculate the strain after 10 seconds using Simpson's 1/3 rule for the given stress-strain relationship. Assume the Poisson's ratio of the rock mass is 0.25.","ε = 0.0125, strain after 10 seconds = 0.025","ε = 0.0125, strain after 10 seconds = 0.0275","ε = 0.015, strain after 10 seconds = 0.030","ε = 0.015, strain after 10 seconds = 0.0325",0
802,Engineering Mathematics,Matrix eigenvalues,13,"A square matrix A has eigenvalues λ1 = 2 and λ2 = 3. If A is used to model the stress tensor in a rock sample, and the sample is subjected to a uniaxial compressive stress of 10 MPa, determine the principal stresses σ1 and σ2. Use the Cayley-Hamilton theorem to derive the relationship between the matrix A and its inverse, and then apply Simpson's 1/3 rule to integrate the expression for the principal stresses over the sample volume of 0.5 m³/s. The Poisson's ratio of the rock sample is 0.25. Given that the sample is 1 m long, 0.5 m wide, and 0.2 m high, calculate the total force exerted on the sample. Express your answer in kN.","σ1 = 12.5 MPa, σ2 = 7.5 MPa, F = 25 kN","σ1 = 15 MPa, σ2 = 5 MPa, F = 30 kN","σ1 = 10 MPa, σ2 = 10 MPa, F = 20 kN","σ1 = 8 MPa, σ2 = 12 MPa, F = 22 kN",1
803,Engineering Mathematics,Matrix eigenvalues,13,"A hydraulic system consists of two parallel pipes with diameters 0.5 m and 0.8 m. The flow rates in the pipes are 5 m³/s and 3 m³/s, respectively. The pressure gradient in the system is 2 kN/m³. If the flow rates are increased by 20%, determine the new pressure drop across the 0.5 m diameter pipe, considering the effect of the increased flow rates on the system's eigenvalues.",12.5 kPa,15.6 kPa,18.2 kPa,20.8 kPa,2
804,Engineering Mathematics,Matrix eigenvalues,13,"A hydraulic cylinder with a diameter of 0.2 m and a length of 1.5 m is used in a mining application. The material has a Young's modulus of 200 GPa. If the cylinder is subjected to a pressure of 10 MPa, determine the change in its length using the principle of eigenvalues of the stiffness matrix. Assume the Poisson's ratio to be 0.3. Use the Cayley-Hamilton theorem to simplify the calculation. The change in length is measured to be 0.0005 m over a period of 10 seconds. Using Simpson's 1/3 rule, estimate the rate of change of length with respect to time. If the rate of change of length is 0.00005 m/s, determine the probability that the length change is within 0.0001 m using the Poisson distribution, where the average number of events (length changes) is 5 per second.",The rate of change of length is 0.00005 m/s and the probability of length change within 0.0001 m is 0.3679.,The rate of change of length is 0.00005 m/s and the probability of length change within 0.0001 m is 0.6065.,The rate of change of length is 0.00005 m/s and the probability of length change within 0.0001 m is 0.2231.,The rate of change of length is 0.00005 m/s and the probability of length change within 0.0001 m is 0.1353.,1
805,Engineering Mathematics,Matrix eigenvalues,13,"A hydraulic press is modeled by the following matrix equation: [d^2x/dt^2] = [5  -2;  -2  5] [x] + [0  0;  0  0] [u]. If the initial conditions are x(0) = 0 and x'(0) = 1, and the input u(t) is a unit step function, determine the steady-state value of x(t) in m.",1.5 m,2.0 m,3.0 m,4.0 m,2
806,Engineering Mathematics,Matrix eigenvalues,13,"A 3x3 matrix A has eigenvalues λ1 = 2, λ2 = 3, and λ3 = 4. If A is used to model the stress tensor in a rock sample, and the principal stresses are 10 MPa, 15 MPa, and 20 MPa, respectively, determine the maximum possible shear stress (in kN/m²) in the rock sample, given that the Poisson's ratio (ν) is 0.25. Use the Cayley-Hamilton theorem to derive the expression for the stress tensor, and then apply Simpson's 1/3 rule to integrate the expression over the sample volume (V = 0.5 m³/s).",15.625 kN/m²,31.25 kN/m²,62.5 kN/m²,125 kN/m²,2
807,Engineering Mathematics,Matrix eigenvalues,13,"A hydraulic cylinder with a diameter of 0.2 m and a stroke of 1.2 m is used in a mining operation. The cylinder is subjected to a pressure of 10 MPa. If the eigenvalues of the stiffness matrix of the cylinder are 100 N/m and 500 N/m, and the damping matrix is proportional to the stiffness matrix with a proportionality constant of 0.2, determine the natural frequency and the critical damping coefficient of the system using the Cayley-Hamilton theorem. The system is also subjected to a sinusoidal load of 2 kN with a frequency of 10 rad/s. Using Simpson's 1/3 rule, calculate the work done by the load on the cylinder in one cycle. If the probability of the cylinder failing due to fatigue is 0.05, and the number of cycles to failure is 10^6, calculate the probability of the cylinder failing in the next cycle using the Poisson distribution.","ωn = 10.2 rad/s, ζ = 0.2, W = 20 Nm, P = 0.5","ωn = 20.4 rad/s, ζ = 0.4, W = 40 Nm, P = 0.5","ωn = 5.1 rad/s, ζ = 0.1, W = 10 Nm, P = 0.9","ωn = 15.6 rad/s, ζ = 0.3, W = 30 Nm, P = 0.8",2
808,General Aptitude & Reasoning,Logical deduction,13,"A conveyor belt, 10 m long, is moving at a speed of 2.5 m/s. A box is placed at one end of the belt. If the belt accelerates uniformly from rest to 5 m/s in 10 seconds, and the coefficient of kinetic friction between the box and the belt is 0.2, what is the force required to move the box, in Newtons?",150 N,200 N,250 N,300 N,2
809,Geomechanics & Ground Control,Mohr-Coulomb failure,13,"A circular tunnel with a diameter of 3 m is excavated in a rock mass with the following properties: cohesion (c) = 100 kPa, friction angle (φ) = 35°, and Young's modulus (E) = 50 GPa. The rock mass is subjected to a major principal stress (σ1) of 10 MPa and a minor principal stress (σ3) of 5 MPa. The tunnel is supported by fully grouted rock bolts with a capacity of 150 kN each. Determine the factor of safety against failure using the Mohr-Coulomb criterion, considering the effect of rock bolt support. Assume a tributary area of 10 m² per bolt. The rock mass is also classified using the Bieniawski RMR system, which yields a RMR value of 55. Using the Barton Q-system, estimate the rock mass quality designation (Q).","FS = 1.2, Q = 2.5","FS = 1.5, Q = 3.0","FS = 1.8, Q = 2.0","FS = 2.0, Q = 3.5",2
810,Geomechanics & Ground Control,Mohr-Coulomb failure,13,"A coal mine has a seam with an average uniaxial compressive strength of 25 MPa and a tensile strength of 2.5 MPa. The rock mass rating (RMR) of the seam is 55. A 5 m x 5 m square pillar is excavated in the seam. Assuming a tributary area factor of 1.2, determine the maximum allowable pillar stress (σ') in MPa, considering the Mohr-Coulomb failure criterion and the Barton Q-system. A 3 m long rock bolt is installed in the pillar with a yield strength of 150 kN. What is the minimum number of rock bolts required to prevent pillar failure, considering the rock bolt capacity?","6.3 MPa, 10 bolts","7.2 MPa, 8 bolts","8.1 MPa, 12 bolts","9.5 MPa, 15 bolts",2
811,Geomechanics & Ground Control,Mohr-Coulomb failure,13,"A rock mass has the following properties: uniaxial compressive strength (UCS) = 150 MPa, Young's modulus (E) = 50 GPa, and the rock mass rating (RMR) using Bieniawski's system is 45. A tunnel with a diameter of 6 m is excavated in this rock mass. If the rock mass is considered to be in a state of plane strain, and the major principal stress (σ1) is 10 MPa, the minor principal stress (σ2) can be calculated using the Mohr-Coulomb failure criterion. The rock mass is supported by rock bolts with a capacity of 150 kN each. If the tributary area pillar stress is 2.5 MPa, and the rock bolt spacing is 2 m, what is the minimum number of rock bolts required to prevent the rock mass from failing?",15,18,20,22,2
812,Geomechanics & Ground Control,Mohr-Coulomb failure,13,"A coal mine has a seam with a uniaxial compressive strength of 40 MPa. The rock mass is classified as RMR 55. The Barton Q-system parameters are Q = 1.5, m = 0.5, and a = 0.2. The mine has a tributary area pillar with a width of 3 m and a height of 6 m. The rock bolt capacity is 100 kN. If a rock bolt is installed at an angle of 30° to the horizontal, what is the minimum pillar stress (in MPa) that the rock bolt can resist?",6.2 MPa,8.1 MPa,10.5 MPa,12.8 MPa,2
813,Geomechanics & Ground Control,Mohr-Coulomb failure,13,"A rock mass has a uniaxial compressive strength (UCS) of 150 MPa and a tensile strength of 5 MPa. Using the Mohr-Coulomb failure criterion, calculate the major principal stress (σ1) at failure, given that the minor principal stress (σ3) is 20 MPa. Also, consider the effect of anisotropy on the rock mass, with a coefficient of anisotropy (m) of 0.5. Assume a friction angle (φ) of 35° and a cohesion (c) of 5 MPa.",σ1 = 175.31 MPa,σ1 = 182.43 MPa,σ1 = 190.56 MPa,σ1 = 198.69 MPa,2
814,Geomechanics & Ground Control,Mohr-Coulomb failure,13,"A coal mine has a seam with a uniaxial compressive strength of 35 MPa. The major and minor principal stresses at a depth of 300 m are 20 MPa and 15 MPa, respectively. The rock mass rating (RMR) of the seam is 55. If a rock bolt is installed with a diameter of 25 mm and a length of 2 m, and it is loaded with a force of 50 kN, what is the maximum possible axial stress (σa) that the rock bolt can withstand, considering the tributary area pillar stress and the capacity of the rock bolt?",10.5 MPa,12.8 MPa,15.2 MPa,18.5 MPa,2
815,Geomechanics & Ground Control,Mohr-Coulomb failure,13,"A coal mine is excavating a longwall panel with a width of 100 m and a height of 4 m. The in-situ stress at the depth of 300 m is σh = 10 MPa and σv = 8 MPa. The coal has a uniaxial compressive strength of 30 MPa and a Young's modulus of 20 GPa. The rock mass rating (RMR) of the coal is 55. If a rock bolt is to be installed with a diameter of 25 mm and a length of 4 m, what is the minimum axial load required to prevent failure of the coal pillar? Assume the tributary area factor (Kt) is 1.5 and the rock bolt capacity factor (Kb) is 0.8. Also, consider the effect of the Mohr-Coulomb failure criterion with a cohesion (c) of 1.5 MPa and an angle of internal friction (φ) of 30°.",kN,kN,kN,kN,2
816,Geomechanics & Ground Control,Mohr-Coulomb failure,13,"A rock mass with a uniaxial compressive strength of 250 MPa and a tensile strength of 10 MPa is subjected to a major principal stress of 150 MPa and a minor principal stress of 50 MPa. Using the Mohr-Coulomb failure criterion with a cohesion of 20 MPa and an angle of internal friction of 30°, calculate the factor of safety against failure. Assume a unit weight of the rock mass as 25 kN/m³. The rock mass is also reinforced with rock bolts with a yield strength of 200 kN. If the rock mass is excavated as a rectangular pillar with a width of 5 m and a height of 10 m, determine the maximum allowable pillar stress to prevent failure. Consider the Bieniawski RMR rating of the rock mass as 60 and the Barton Q-system rating as 5. Consider the rock bolt capacity as 50% of the pillar weight. Neglect the effects of the rock mass's anisotropy.","FS = 1.25, Pillar Stress = 100 kPa","FS = 1.5, Pillar Stress = 120 kPa","FS = 1.2, Pillar Stress = 90 kPa","FS = 1.8, Pillar Stress = 150 kPa",2
817,Geomechanics & Ground Control,Mohr-Coulomb failure,13,"A rock mass with an RMR value of 55 is to be excavated in a 10 m high and 5 m wide room. The rock mass is subjected to a major principal stress of 20 MPa and a minor principal stress of 10 MPa. The rock mass is to be supported by 20 mm diameter rock bolts with a length of 2.5 m. If the rock bolt capacity is 150 kN, determine the minimum number of rock bolts required to prevent failure by Mohr-Coulomb failure criterion. Assume a tributary pillar area of 2.5 m² and a friction angle of 30°.",12 rock bolts,15 rock bolts,18 rock bolts,20 rock bolts,1
818,"Mine Planning, Geostatistics & Economics",Net Present Value,13,"A mining project involves the extraction of 500,000 tonnes of ore from a copper deposit. The initial investment required is ₹ 150 million. The annual operating cost is ₹ 20 million. The copper price is ₹ 4.2 per kg. The mine life is 10 years. The net present value (NPV) of the project is given by the formula: NPV = ∑[CFt / (1 + r)^t] from t = 1 to 10, where CFt is the cash flow at time t and r is the discount rate. If the semivariogram model for the copper grade is given by: γ(h) = C0 + C1 * |h|^0.5, where C0 = 10 Ns²/m⁸ and C1 = 20 Ns²/m⁸, and the spherical semivariogram sill is 50 Ns²/m⁸, what is the NPV of the project at a discount rate of 12% if the copper grade is estimated using Ordinary Kriging with an estimation variance of 0.05?","₹  2,500 million","₹  3,200 million","₹  3,500 million","₹  4,000 million",2
819,"Mine Planning, Geostatistics & Economics",Net Present Value,13,"A mine is planning to extract 100,000 tonnes of coal over the next 10 years. The estimated extraction cost is $120 per tonne and the selling price is $180 per tonne. The discount rate is 12% per annum. The spherical semivariogram model is used to estimate the ore grade, with a nugget effect of 2 MPa and a sill of 10 MPa. The Ordinary Kriging estimation variance is 0.5. What is the Net Present Value (NPV) of the mine, rounded to the nearest dollar?","$1,800,000","$2,100,000","$2,500,000","$3,000,000",2
820,"Mine Planning, Geostatistics & Economics",Net Present Value,13,"A mining project requires an initial investment of ₹ 10,000,000. The project is expected to generate a revenue of ₹ 5,000,000 in the first year, ₹ 6,000,000 in the second year, and ₹ 7,000,000 in the third year. The project has a life of 3 years. The discount rate is 12% per annum. If the project's internal rate of return (IRR) is 15%, calculate the net present value (NPV) of the project. Assume a spherical semivariogram model with a sill of 10 Ns²/m⁸ and a nugget effect of 2 Ns²/m⁸. Also, estimate the average grade of the ore using ordinary kriging with a search neighborhood of 5 samples. The average grade of the ore is 2.5 g/t. The density of the ore is 2.8 g/cm³. The price of gold is ₹ 3,000 per gram. The recovery rate is 90%. The estimation variance of the ordinary kriging is 0.05 m².","₹ 1,250,000","₹ 1,500,000","₹ 1,750,000","₹ 2,000,000",2
821,"Mine Planning, Geostatistics & Economics",Mine Planning,13,"A coal mine has a proposed investment of ₹ 10 crores for a new mining equipment. The equipment is expected to yield an annual revenue of ₹ 4.2 crores and an annual operating cost of ₹ 1.8 crores. The mine's geologist estimates the ore reserves to be 2.5 million tonnes with an average grade of 3.2% ash content. The equipment's expected lifespan is 8 years. Using an interest rate of 12% per annum, calculate the Net Present Value (NPV) of the investment. Assume an Ordinary Kriging estimation variance of 0.5 m² and a spherical semivariogram sill of 1.2 m². If the equipment's maintenance cost is estimated to be ₹ 0.15 crores per year, what is the Internal Rate of Return (IRR) of the investment? Take the nugget effect as 0.2 m².","NPV = ₹ 6.81 crores, IRR = 15.6%","NPV = ₹ 7.32 crores, IRR = 16.2%","NPV = ₹ 7.92 crores, IRR = 16.8%","NPV = ₹ 8.52 crores, IRR = 17.4%",2
822,"Mine Planning, Geostatistics & Economics",Net Present Value,13,"A mining company is planning to invest in an open-pit mine with a proposed production rate of 2.5 Mt/a. The mine life is estimated to be 15 years. The initial investment required is ₹ 1.5 billion, including ₹ 0.2 billion for infrastructure development. The operating cost is ₹ 50 per tonne, and the selling price is ₹ 150 per tonne. The annual inflation rate is 4%. The company expects a 10% increase in production rate after 5 years. The semivariogram model for the ore grade is given by: γ(h) = 0.5 + 0.3|h| + 0.1|h|^2, with a spherical semivariogram sill of 100 m² and a nugget effect of 20 m². The Ordinary Kriging estimation variance is 10 m². Calculate the Net Present Value (NPV) of the mine, considering the following discount rates: 10% and 12%.",₹ 12.85 billion,₹ 14.25 billion,₹ 15.65 billion,₹ 17.85 billion,2
823,"Mine Planning, Geostatistics & Economics",Net Present Value,13,"A mining company is planning to extract a copper deposit with an estimated reserve of 1.2 million tonnes. The current copper price is $6,500 per tonne. The mining cost is estimated to be $1.5 million per year, and the processing cost is $2.5 million per year. The company expects to sell 80% of the copper concentrate at $4,500 per tonne and the remaining 20% at $3,000 per tonne. The project has a lifespan of 5 years. The annual inflation rate is 3%. The company uses a discount rate of 10% for NPV calculations. The spherical semivariogram model for the copper grades has a nugget effect of 1.5 MPa² and a sill of 10 MPa². The Ordinary Kriging estimation variance is 0.5 MPa². Calculate the Net Present Value (NPV) of the project, rounded to the nearest dollar.","$13,421,110","$14,321,110","$15,221,110","$16,121,110",2
824,"Mine Planning, Geostatistics & Economics",Net Present Value,13,"A mining project involves the extraction of 1.2 million tonnes of ore from a copper deposit. The estimated copper grade is 1.5% and the current market price is ₹ 4.5 per kg. The mining costs are ₹ 1.8 million per day and the processing costs are ₹ 2.1 million per day. The project has a lifespan of 5 years with an annual increase in copper price of 8%. The semivariogram model for the copper grade is a spherical model with a sill of 0.2 and a nugget effect of 0.05. The Ordinary Kriging estimation variance is 0.0003. If the interest rate is 12%, what is the Net Present Value (NPV) of the project, rounded to the nearest lakh?","₹ 12,500 lakhs","₹ 15,200 lakhs","₹ 17,800 lakhs","₹ 20,500 lakhs",2
825,"Mine Planning, Geostatistics & Economics",Net Present Value,13,"A mining company is planning to extract a copper orebody with an estimated reserve of 1.2 million tonnes. The operating costs are estimated to be $1200 per tonne, while the revenue from copper sales is estimated to be $2000 per tonne. The initial investment required for the project is $10 million. The company uses a discount rate of 12% and a mine life of 5 years. The semivariogram model for the copper grade is given by: γ(h) = 0.5 + 0.3 * (3 - |h|)^2, with a sill of 1.2 and a nugget effect of 0.05. The Ordinary Kriging estimation variance is 0.02. Calculate the Net Present Value (NPV) of the project, considering the given parameters.",$15.6 million,$16.2 million,$17.8 million,$18.4 million,2
826,Mine Surveying & Geomatics,Bowditch rule traverse closing error,13,"A mine surveyor is tasked with computing the traverse closing error using the Bowditch rule. The surveyor has measured the following angles and distances: 

 Angle 1 = 65° 30' 15"" N, Angle 2 = 45° 20' 10"" E, Distance 1 = 150.25 m, Distance 2 = 120.50 m. The EDM instrument has a correction factor of 0.0005 m/m². If the leveling sensitivity is 1/30,000, what is the magnitude of the traverse closing error in mm? Consider the effect of the EDM correction and leveling sensitivity on the error calculation.",0.025 mm,0.035 mm,0.045 mm,0.055 mm,2
827,Mine Surveying & Geomatics,Bowditch rule traverse closing error,13,"A traverse is closed using the Bowditch rule. The closing error is found to be 1.25 m. If the traverse is to be adjusted, the following data is available: 

| Station | Latitude | Longitude | Ellipsoidal Height (m) | Leveling Sensitivity (m/m) | EDM Correction (m) |
| --- | --- | --- | --- | --- | --- |
| A | 23.4567° | 78.9012° | 450.123 | 1:10,000 | -0.005 |
| B | 23.4568° | 78.9013° | 450.124 | 1:10,000 | -0.005 |
| C | 23.4569° | 78.9014° | 450.125 | 1:10,000 | -0.005 |
| D | 23.4570° | 78.9015° | 450.126 | 1:10,000 | -0.005 |

If the leveling sensitivity is 1:10,000 and the EDM correction is -0.005 m, calculate the missing line (CD) using the Bowditch rule. The difference in ellipsoidal heights between A and D is 0.003 m. The difference in ellipsoidal heights between B and C is 0.002 m. The difference in ellipsoidal heights between A and C is 0.005 m. The difference in ellipsoidal heights between B and D is 0.004 m. The traverse is closed with an error of 1.25 m. What is the length of the missing line CD in meters?",18.25 m,19.25 m,20.25 m,21.25 m,2
828,Mine Surveying & Geomatics,Bowditch rule traverse closing error,13,"A mine survey traverse is closed using the Bowditch rule. The given data are: 

 Traverse length = 1000 m 

 The following angles and distances are measured: 

 Angle 1 = 60°, Distance 1 = 250 m 

 Angle 2 = 90°, Distance 2 = 300 m 

 Angle 3 = 120°, Distance 3 = 200 m 

 Angle 4 = 90°, Distance 4 = 400 m 

 The traverse is closed with a closing error of 0.5 m. The EDM measurements are corrected for temperature and pressure using the following formula: 

 Correction = (0.1 + 0.002 × (T - 20)) × (P - 101.3) 

 where T is temperature in °C and P is pressure in kPa. The temperature and pressure at the time of measurement are 25°C and 102 kPa respectively. 

 The leveling sensitivity is 1:10,000. 

 Calculate the missing line using the Bowditch rule, including the correction for EDM measurements.",Missing line = 350.12 m,Missing line = 350.25 m,Missing line = 350.38 m,Missing line = 350.50 m,1
829,Mine Surveying & Geomatics,Bowditch rule traverse closing error,13,"A mine survey traverse consists of 8 stations with a cumulative closure of 1.234 m. The traverse is to be adjusted using the Bowditch rule. If the adjusted closure is 0.123 m, determine the value of the missing line, considering the leveling sensitivity of 1:10,000 and the EDM corrections as 0.001 m for each 100 m of distance. The traverse is also subject to a cumulative misclosure of 0.012 kN in the east direction. What is the value of the missing line (in m) if the misclosure is to be minimized?",0.987 m,1.234 m,0.123 m,0.012 m,2
830,Mine Surveying & Geomatics,Bowditch rule traverse closing error,13,"A mine survey traverse is closed using the Bowditch rule. The traverse consists of 8 stations with a total length of 1500 m. The closing error is given by the equation: e = Σ (ΔL_i / L_i) - 1, where ΔL_i is the difference between the observed and calculated lengths of each line. If the closing error is 0.0003, and the leveling sensitivity is 1:10,000, what is the minimum value of the EDM correction (in mm) that would result in a traverse closure error of 0.0001?",0.45 mm,0.55 mm,0.65 mm,0.75 mm,2
831,Mine Surveying & Geomatics,Bowditch rule traverse closing error,13,"A mine survey traverse is closed using the Bowditch rule. The traverse consists of 10 lines with an average length of 50 m. The cumulative closure error is 1.2 m. The leveling sensitivity is 1 in 10,000. The EDM instrument has a systematic error of 0.5 mm + 0.05 mm/m. The instrument is used to measure the length of line 7, which is 55.2 m long. The EDM reading for line 7 is 55.35 m. Calculate the total error in the traverse closure, taking into account the leveling sensitivity and EDM corrections.",0.0012 m,0.0024 m,0.0036 m,0.0048 m,2
832,Mine Surveying & Geomatics,Bowditch rule traverse closing error,13,"A traverse is conducted in a coal mine with a total length of 2500 m. The traverse is closed using the Bowditch rule. If the closing error is 0.08 m and the average deviation of the closing error is 0.02 m, calculate the sensitivity of the leveling instrument. Given that the EDM instrument has a correction factor of 2.5 × 10^(-5) m/Ns²/m⁸ and the instrument constant is 1.2 × 10^(-4) Ns²/m⁸.",1.25 × 10^(-3) m/Ns²/m⁸,2.5 × 10^(-4) m/Ns²/m⁸,5.0 × 10^(-5) m/Ns²/m⁸,1.0 × 10^(-4) m/Ns²/m⁸,2
833,Mine Surveying & Geomatics,Bowditch rule traverse closing error,13,"A mine survey traverse consists of 8 stations with the following coordinates: 

| Station | Easting (m) | Northing (m) |
| --- | --- | --- |
| 1      | 1000.00   | 2000.00    |
| 2      | 1050.25   | 2050.50    |
| 3      | 1100.00   | 2100.00    |
| 4      | 1150.00   | 2150.00    |
| 5      | 1200.00   | 2200.00    |
| 6      | 1250.00   | 2250.00    |
| 7      | 1300.00   | 2300.00    |
| 8      | 1350.00   | 2350.00    |

Using the Bowditch rule, compute the closing error in the traverse and also determine the missing line length if the closing error is 0.15 m. The leveling sensitivity is 1:10,000 and the EDM correction applied is 0.005 m.",The missing line length is 130.0 m,The missing line length is 135.0 m,The missing line length is 140.0 m,The missing line length is 145.0 m,2
834,Mine Surveying & Geomatics,Bowditch rule traverse closing error,13,"A mine survey traverse consists of 5 stations with the following coordinates: A (100.00 m E, 50.00 m N), B (120.00 m E, 60.00 m N), C (150.00 m E, 70.00 m N), D (180.00 m E, 80.00 m N), and E (200.00 m E, 50.00 m N). The traverse is closed using the Bowditch rule. If the closure error is 1.23 m in the east direction and 0.56 m in the north direction, and the EDM measurements between stations B and C and C and D have been corrected for instrumental errors of 0.02 m and 0.03 m respectively, what is the magnitude of the leveling sensitivity of the traverse in Ns²/m⁸?",1.234 × 10^(-7) Ns²/m⁸,1.256 × 10^(-7) Ns²/m⁸,1.278 × 10^(-7) Ns²/m⁸,1.300 × 10^(-7) Ns²/m⁸,2
835,Mine Surveying & Geomatics,Bowditch rule traverse closing error,13,"A mine traverse is measured using a total station with an EDM accuracy of ±0.02 cm. The traverse has 10 stations with a cumulative distance of 1200 m. If the Bowditch rule traverse closing error is 3.5 mm, calculate the sensitivity of the traverse to the EDM corrections. Assume the traverse is leveled with a sensitivity of 1 in 1000. The density of the rock is 2.8 g/cm³ and the mean annual rainfall is 600 mm. The mine is 150 m below the datum. Given that the EDM correction for temperature is 0.01 Ns²/m⁸ for every 1°C, and the traverse is measured at a temperature of 25°C, calculate the correction for temperature.",0.0025 m,0.0035 m,0.0045 m,0.0055 m,2
836,Mine Surveying & Geomatics,Bowditch rule traverse closing error,13,"A mine survey traverse is conducted using a total station with an EDM instrument. The traverse consists of 8 angles and 8 distances. The EDM instrument has an accuracy of ± 1 mm + 1 ppm. The leveling instrument has a sensitivity of 1 mm/m. The computed traverse closing error using the Bowditch rule is 2.5 mm. Given that the EDM corrections for the traverse are 0.5 mm in the east direction and 1.2 mm in the north direction, and the leveling corrections are 0.8 mm in the east direction and 0.5 mm in the north direction, calculate the corrected traverse closing error.",3.1 mm,3.2 mm,3.3 mm,3.4 mm,2
837,Mine Ventilation & Environment,Atkinson's friction law,13,"A mine ventilation fan is installed in a 100 m long, 1.2 m diameter duct with a gas flow rate of 0.5 m³/s. The fan's characteristic curve is given by: Power (kW) = 3.5 (Q²) + 2.8 (Q) + 1.2, where Q is the gas flow rate in m³/s. The Atkinson's friction law is given by: f = 0.02 (Re)⁻⁰.⁵. The gas density is 1.2 kg/m³. The fan's power consumption is measured to be 10.2 kW. What is the pressure drop (kPa) across the fan?",4.5,5.2,6.8,8.1,2
838,Mine Ventilation & Environment,Atkinson's friction law,13,"A mine ventilation fan is installed in a 1 km long tunnel with a diameter of 3.5 m. The air flow rate through the fan is 0.5 m³/s. The pressure drop across the fan is 50 kPa. Using Atkinson's friction law, determine the fan's power consumption (in kW) if the air's specific weight is 1.2 kN/m³. Assume the fan's efficiency is 80%.",10.5 kW,12.8 kW,15.2 kW,18.1 kW,2
839,Mine Ventilation & Environment,Atkinson's friction law,13,"A mine ventilation fan is installed in a 10 m long, 2 m diameter underground tunnel with a gas flow rate of 2.5 m³/s. The fan's characteristic curve is given by the equation: Q = 0.5 ∗ P^1.2, where Q is the gas flow rate in m³/s and P is the fan's power in kW. Atkinson's friction law is also applicable for this fan. If the fan's power is 15 kW, calculate the fan's pressure rise in kPa. Consider the natural ventilation pressure in the tunnel to be 0.5 kPa. Assume the air's density to be 1.2 kg/m³. Neglect the fan's inlet and outlet losses. Use the following Atkinson's friction law equation: f = 0.02 ∗ Re^(-0.22) ∗ (D/10)^0.11, where f is the friction factor, Re is the Reynolds number, and D is the diameter of the tunnel in meters. The Reynolds number can be calculated using the equation: Re = 0.001 ∗ ρ ∗ D ∗ V, where ρ is the air's density in kg/m³ and V is the gas flow rate in m/s.",10.2 kPa,12.5 kPa,15.1 kPa,18.2 kPa,2
840,Mine Ventilation & Environment,Atkinson's friction law,13,"A mine ventilation system uses a centrifugal fan to supply air to a long underground tunnel. The fan has a characteristic curve with a maximum flow rate of 2.5 m³/s at a pressure head of 10 kPa. The tunnel has a length of 1000 m and a diameter of 3.5 m. The air flow velocity in the tunnel is 5 m/s. Using Atkinson's friction law, determine the total pressure drop in the tunnel. Assume the air density is 1.2 kg/m³ and the friction factor is 0.02. Also, plot the Coward flammability triangle for methane (CH4) and compare the natural ventilation pressure in the tunnel with the pressure head of the fan. If the total pressure drop is 15.6 kPa, which one of the following is the correct fan characteristic curve equation?",Q = 2.5 * sqrt(P) * (1 - 0.01 * L / D),Q = 2.5 * sqrt(P) * (1 - 0.02 * L / D),Q = 2.5 * sqrt(P) * (1 - 0.03 * L / D),Q = 2.5 * sqrt(P) * (1 - 0.01 * L / D),2
841,Mine Ventilation & Environment,Atkinson's friction law,13,"A mine ventilation fan with a characteristic curve of Q = 0.5 × P^1.2 is installed in a mine with a length of 500 m and a diameter of 2 m. The air flow rate is 1.2 m³/s. The friction factor (f) for the pipeline is 0.02. Using Atkinson's friction law, calculate the total pressure drop (ΔP) in kPa, if the air density (ρ) is 1.2 kg/m³. Also, determine the fan's operating point on its characteristic curve.","ΔP = 14.4 kPa, Fan operating point: (0.6, 2.4)","ΔP = 18.3 kPa, Fan operating point: (0.8, 3.2)","ΔP = 22.1 kPa, Fan operating point: (1.0, 4.0)","ΔP = 25.9 kPa, Fan operating point: (1.2, 4.8)",2
842,Mine Ventilation & Environment,Atkinson's friction law,13,"A ventilation system in a coal mine has a fan with a characteristic curve that can be represented by the equation Q = 0.8 * (ΔP)^0.6, where Q is the airflow rate in m³/s and ΔP is the pressure difference across the fan in kPa. Atkinson's friction law is given by ΔP = 1.2 * L * (Q^2 / A^2), where L is the length of the duct in meters, A is the cross-sectional area of the duct in m², and Q is the airflow rate in m³/s. The natural ventilation pressure in the mine is 5 kPa. If the length of the duct is 50 m and the cross-sectional area is 0.1 m², what is the minimum airflow rate required to overcome the natural ventilation pressure and the fan's pressure drop? (Assume the fan's pressure drop is negligible at an airflow rate of 2 m³/s).",1.5 m³/s,2.5 m³/s,3.2 m³/s,4.1 m³/s,2
843,Mine Ventilation & Environment,Atkinson's friction law,13,"A ventilation system in an underground coal mine has a duct with a length of 120 m and an internal diameter of 1.2 m. The air flow rate is 0.5 m³/s and the air density is 1.2 kg/m³. The fan used is a centrifugal fan with a characteristic curve given by: Power (kW) = 5.5 × Q^1.8, where Q is the air flow rate in m³/s. If the fan is operating at a speed of 1450 rpm and the friction factor (f) is 0.02, calculate the total head loss (m) due to both fan and friction losses, if the fan is operating at a pressure of 0.8 MPa. Also, determine the minimum air velocity (m/s) required to avoid fire hazard in the mine, considering the Coward flammability triangle.","Fan power loss = 22.5 kW, Friction head loss = 15.6 m, Minimum air velocity = 2.5 m/s","Fan power loss = 15.6 kW, Friction head loss = 22.5 m, Minimum air velocity = 1.8 m/s","Fan power loss = 30.4 kW, Friction head loss = 20.1 m, Minimum air velocity = 3.2 m/s","Fan power loss = 20.1 kW, Friction head loss = 30.4 m, Minimum air velocity = 2.2 m/s",2
844,Mine Ventilation & Environment,Atkinson's friction law,13,"A 100 m long, 1.5 m diameter mine airway has a roughness factor of 0.02 m. The airway is to be ventilated by a fan with a characteristic curve given by Q = 0.5 ∗ P^1.2, where Q is in m^3/s and P is in kPa. The natural ventilation pressure in the airway is 0.5 kPa. Using Atkinson's friction law, calculate the fan power required to ventilate the airway at a flow rate of 2 m^3/s. The specific heat of air is 1.005 kJ/kgK and the air density is 1.2 kg/m^3. Assuming the airway is at a temperature of 25°C, calculate the fan power required.",150 kW,200 kW,250 kW,300 kW,2
845,Mine Ventilation & Environment,Atkinson's friction law,13,"A mine ventilation system consists of a 1000 m long, 2.5 m diameter duct with a gas flow rate of 10 m³/s. The air is flowing at a pressure of 0.8 MPa and a temperature of 25°C. The fan installed in the system has a characteristic curve of Ns²/m⁸ = 5.2 × 10⁻⁵ × Q³, where Q is the gas flow rate in m³/s. Using Atkinson's friction law, determine the pressure drop (in kPa) across the duct, considering the effect of fan characteristic curve.",12.8,15.6,18.4,21.2,1
846,Mine Ventilation & Environment,Atkinson's friction law,13,"A ventilation system in a coal mine has a fan with a characteristic curve given by Q = 2.5 * N^1.2, where Q is the air flow rate in m^3/s and N is the fan speed in rpm. The system also has a pipe with a length of 1000 m and an inner diameter of 1.5 m. The air flow rate through the pipe is 5 m^3/s. If the pressure drop due to friction is 20 kPa, what is the fan power required to overcome this pressure drop, considering the fan's efficiency is 80% and the air density is 1.2 kg/m^3? Assume the fan speed is 500 rpm.",100 kW,120 kW,150 kW,180 kW,2
847,Mine Ventilation & Environment,Atkinson's friction law,13,"A mine ventilation system consists of a 100 m long, 1.2 m diameter steel pipe with a roughness height of 0.05 mm. The air flow rate is 10 m³/s and the air pressure at the entrance is 100 kPa. The fan installed in the system has a characteristic curve given by Q = 10.5 m³/s at 100 kPa and Q = 13.5 m³/s at 120 kPa. Using Atkinson's friction law, calculate the pressure drop in the pipe and compare it with the fan's pressure rise. Assume the air density is 1.2 kg/m³ and the kinematic viscosity is 16.5 × 10⁻⁶ m²/s.",The pressure drop in the pipe is 15.6 kPa and the fan's pressure rise is 20 kPa.,The pressure drop in the pipe is 20 kPa and the fan's pressure rise is 15.6 kPa.,The pressure drop in the pipe is 15.6 kPa and the fan's pressure rise is 15.6 kPa.,The pressure drop in the pipe is 20 kPa and the fan's pressure rise is 20 kPa.,2
848,Mining Machinery & Materials Handling,Koepe winder slip criteria,13,"A Koepe winder is used in a coal mine to lift 1500 kN of rock at a speed of 1.2 m/s. The wire rope has a diameter of 80 mm and a breaking load of 1800 kN. The angle of wrap is 4.5 radians. The coefficient of friction between the wire rope and the drum is 0.25. Calculate the maximum permissible slip speed (in m/s) for a static factor of safety of 5. Considering the power required for lifting, if the power is 250 kW, determine the minimum required power (in kW) for the same lift, assuming a belt conveyor with a speed of 4 m/s and a mass flow rate of 1000 kg/s.",0.45 m/s,0.54 m/s,0.65 m/s,0.75 m/s,2
849,Mining Machinery & Materials Handling,Koepe winder slip criteria,13,"A Koepe winder is used to haul a 100 m long rope with a mass of 10,000 kg. The rope is wrapped around a drum with a diameter of 1.2 m. The winder is driven by an electric motor with a power output of 250 kW. The rope is subjected to a static tension of 200 kN. Determine the slip velocity of the rope. Assume the rope's coefficient of friction is 0.3 and the rope's mass per unit length is 0.05 kg/m. If the slip velocity is 0.5 m/s, what is the percentage increase in power required to maintain the same rope speed?",2.5% increase in power,3.2% increase in power,4.5% increase in power,5.1% increase in power,2
850,Mining Machinery & Materials Handling,Koepe winder slip criteria,13,"A Koepe winder is used to transport 1500 t/h of coal at a speed of 1.2 m/s. The wire rope has a diameter of 80 mm and a breaking load of 200 kN. If the static factor of safety is 4, determine the maximum permissible slip between the wire rope and the drum. Assume a friction coefficient of 0.2 between the wire rope and the drum. The mass density of coal is 1.4 t/m³.",0.012 m,0.015 m,0.018 m,0.022 m,2
851,Mining Machinery & Materials Handling,Koepe winder slip criteria,13,"A Koepe winder is used for hoisting ore from a depth of 500 m. The winder has a drum diameter of 4 m and a drum width of 1.2 m. The wire rope has a diameter of 50 mm and a breaking load of 1200 kN. The ore has a density of 2.8 t/m³. If the winder is operating at a speed of 2.5 m/s and the wire rope is experiencing a tension of 600 kN, determine the minimum speed at which the winder should operate to prevent slip. Given that the static factor of safety for the wire rope is 4 and the angle of wrap is 90°, calculate the power required to operate the winder.",The minimum speed is 2.2 m/s and the power required is 550 kW,The minimum speed is 2.5 m/s and the power required is 650 kW,The minimum speed is 2.8 m/s and the power required is 750 kW,The minimum speed is 3.2 m/s and the power required is 850 kW,2
852,Mining Machinery & Materials Handling,Koepe winder slip criteria,13,"A Koepe winder is used for hoisting ore from a depth of 500 m. The wire rope has a diameter of 120 mm and a breaking load of 400 kN. The winder is driven by a motor with a power rating of 250 kW. If the winder is operating at a speed of 5 m/s and the wire rope is under a tension of 200 kN, determine the static factor of safety of the wire rope. Consider the following factors: the weight of the ore (ρ = 2.7 t/m³) and the acceleration due to gravity (g = 9.81 m/s²). Assume the efficiency of the winder is 80%. What is the minimum required static factor of safety for the wire rope to prevent slip?",3.2,3.5,4.1,4.5,2
853,Mining Machinery & Materials Handling,Koepe winder slip criteria,13,"A Koepe winder is used to lift a rock mass of density 28 kN/m³ at a speed of 1.5 m/s. The wire rope has a diameter of 60 mm and a static factor of safety of 5. The angle of wrap is 4. If the slip velocity is 0.01 m/s, calculate the power required to lift the rock mass. Consider the efficiency of the winder as 0.8. Use the following formula for power: P = (m × g × v × tan(α)) / (η × F) where m is the mass flow rate, g is the acceleration due to gravity (9.81 m/s²), v is the speed of lift, α is the angle of wrap, η is the efficiency, and F is the static factor of safety.",P = 150.2 kW,P = 180.3 kW,P = 200.5 kW,P = 220.8 kW,2
854,Mining Machinery & Materials Handling,Koepe winder slip criteria,13,"A Koepe winder is being used to haul ore from a depth of 500 m. The wire rope has a breaking load of 1000 kN and a static factor of safety of 5. The winder is operating at a speed of 10 m/s and the load is 80% of the breaking load. Determine the maximum permissible slip velocity (in m/s) for the winder, given that the coefficient of friction between the wire rope and the drum is 0.3. If the calculated slip velocity exceeds 0.5 m/s, the winder will experience slippage. The mass of the ore is 3.0 t/m³ and the density of the wire rope is 7800 kg/m³.",0.23 m/s,0.42 m/s,0.62 m/s,0.83 m/s,2
855,Mining Machinery & Materials Handling,Belt conveyor power,13,"A belt conveyor is used to transport 1000 t/h of coal at a speed of 4 m/s. The belt is 1200 mm wide and has a mass per unit length of 0.02 kg/m. The angle of wrap of the drive pulley is 180°. The power required to convey the coal is given by P = (m × v × g × (1 + sin(θ))) / 1000, where m is the mass flow rate, v is the velocity, g is the acceleration due to gravity, and θ is the angle of wrap. If the power required is 450 kW, determine the tension in the belt at the drive pulley.",Tension in the belt at the drive pulley = 200 kN,Tension in the belt at the drive pulley = 250 kN,Tension in the belt at the drive pulley = 300 kN,Tension in the belt at the drive pulley = 350 kN,2
856,Surface & Underground Mining Methods,Bord and Pillar depillaring,13,"A bord and pillar mine with a room height of 3.5 m and a pillar width of 4.2 m is being operated at a depth of 450 m. The in-situ stress is 2.1 MPa in the x-direction and 1.8 MPa in the y-direction. The coal seam has a density of 1.3 t/m³ and a uniaxial compressive strength of 27.5 MPa. The pillar is being depillared using a longwall powered support with a resistance of 5.1 kN/m. The powder factor for the depillaring operation is 0.65 kg/m³. The stripping ratio is 2.8:1. If the mine is operating at a production rate of 1200 t/h, calculate the total energy consumption for the depillaring operation in Ns²/m⁸. Assume the energy consumption for the longwall powered support is 0.15 Ns²/m⁸/kN and the energy consumption for the blasting operation is 0.25 Ns²/m⁸/kg.",1.32 × 10⁵ Ns²/m⁸,1.45 × 10⁵ Ns²/m⁸,1.60 × 10⁵ Ns²/m⁸,1.75 × 10⁵ Ns²/m⁸,2
857,Surface & Underground Mining Methods,Bord and Pillar depillaring,13,"A bord and pillar mine is being operated in a coal seam with a thickness of 2.5 m. The pillar width is 4.5 m and the spacing between pillars is 6.0 m. The average coal density is 1.35 t/m³. The mine is being extracted at a rate of 2.5 m³/s. The powder factor for the blast is 0.8 kg/m³. The blast is being carried out with a powder strength of 450 MPa. The longwall powered support resistance is 1.2 MN/m. The stripping ratio is 2.5. Determine the total energy released per second in the blast, in Ns²/m⁸.",1.5 x 10^6 Ns²/m⁸,2.1 x 10^6 Ns²/m⁸,2.5 x 10^6 Ns²/m⁸,3.2 x 10^6 Ns²/m⁸,2
858,Surface & Underground Mining Methods,Bord and Pillar depillaring,13,A bord and pillar mine has a coal block with dimensions 100 m x 50 m x 10 m. The pillar spacing is 10 m and the coal density is 1.5 t/m³. The mine is extracting 2000 t/h of coal. The powder factor for blasting is 0.6 kg/m³. Calculate the stripping ratio and the total energy required for depillaring per day. Assume the energy required for blasting is proportional to the powder factor and the volume of coal blasted. The proportionality constant is 2.5 Ns²/m⁸. The energy required for depillaring is proportional to the volume of coal extracted and the powder factor. The proportionality constant is 1.8 Ns²/m⁸. The coal hardness is 2.5 GPa.,"Stripping ratio = 2.5, Total energy required for depillaring = 4500 kN·m","Stripping ratio = 2.2, Total energy required for depillaring = 4200 kN·m","Stripping ratio = 2.8, Total energy required for depillaring = 4800 kN·m","Stripping ratio = 2.0, Total energy required for depillaring = 4000 kN·m",1
859,Surface & Underground Mining Methods,Bord and Pillar depillaring,13,"A bord and pillar mine with a 5 m x 5 m pillar spacing is to be depillared using a 3 m diameter jumbo drill. The geotechnical parameters of the coal seam are: uniaxial compressive strength (UCS) = 30 MPa, tensile strength = 1.5 MPa, and the rock mass rating (RMR) = 50. The blasting parameters are: powder factor = 0.5 kg/m³, explosive density = 0.9 g/cm³, and the specific energy of detonation (SED) = 3500 kJ/kg. The mine has a 10° inclination and the pillar is to be depillared in 4 stages. If the average advance per stage is 20 m, calculate the total stripping ratio for the mine.",1.25,1.50,1.75,2.00,1
860,Surface & Underground Mining Methods,Bord and Pillar depillaring,13,"A bord and pillar mine with a production rate of 1000 t/h is being operated at a depth of 500 m. The pillar extraction ratio is 0.2 and the average density of the coal is 1.5 t/m³. The mine has a ventilation rate of 0.05 m³/s per ton of coal mined. If the powder factor for the blast is 0.5 kg/t and the average coal hardness is 80 MPa, determine the total power required for ventilation in kW. Assume the fan efficiency is 80% and neglect the power required for other machinery.",150 kW,200 kW,250 kW,300 kW,2
861,Surface & Underground Mining Methods,Bord and Pillar depillaring,13,"A bord and pillar mine with a coal seam thickness of 3.5 m is being operated with a pillar spacing of 6.0 m. The average density of the coal is 1.4 t/m³. The mine is extracting 4000 t/day of coal with a specific energy consumption of 0.8 kWh/t. The ventilation rate is 0.2 m³/s. The powder factor for the mine is 0.35 kg/t. The average strength of the coal is 8.5 MPa. If the mine is operated for 300 days, what is the total energy consumption in kWh, and what is the required resistance of the longwall powered support system to withstand the maximum stress of 4.5 MPa? Assume a stripping ratio of 2.5:1 and a blast powder factor of 0.35 kg/t.","Energy consumption = 1,440,000 kWh, Resistance required = 150 kN","Energy consumption = 1,200,000 kWh, Resistance required = 120 kN","Energy consumption = 1,600,000 kWh, Resistance required = 180 kN","Energy consumption = 1,800,000 kWh, Resistance required = 200 kN",1
862,Surface & Underground Mining Methods,Bord and Pillar depillaring,13,"A bord and pillar mine with a working width of 8.5 m and a pillar width of 4.5 m is being operated at a depth of 500 m. The in-situ stress at the mine is 8.5 MPa in the horizontal direction and 5.2 MPa in the vertical direction. The rock mass rating (RMR) is 55. If the mine is being extracted at a rate of 0.25 m³/s, and the powder factor for blasting is 0.65 kg/m³, what is the minimum required strip ratio to maintain a long-term extraction rate of 0.15 m³/s?",1.25,1.35,1.45,1.55,2
863,Surface & Underground Mining Methods,Longwall powered support resistance,13,"A longwall face is equipped with powered support consisting of hydraulic roof supports and shearers. The roof supports have a total length of 100 m and are spaced at 1.5 m intervals. The maximum allowable roof pressure is 2.5 MPa. The shearers have a total length of 80 m and are spaced at 1.2 m intervals. The maximum allowable shearer resistance is 120 kN/m. If the roof pressure and shearer resistance are measured to be 2.2 MPa and 110 kN/m, respectively, what is the percentage increase in the total power required to operate the longwall face, assuming a constant velocity of 1.5 m/s?",5.5%,6.2%,7.8%,8.5%,2
864,Surface & Underground Mining Methods,Bord and Pillar depillaring,13,"A bord and pillar mine with a dip of 20° is being operated with a pillar extraction ratio of 0.5. The average pillar strength is 2.5 MPa and the mine is extracting 1000 t/h of coal. If the powder factor for the mine is 0.5 kg/t, the resistance offered by the longwall powered support system is 150 kN/m, and the stripping ratio is 2.5, calculate the total energy expenditure (in Ns²/m⁸) for the mine per day, considering the mine operates 24 hours a day.",1.23 x 10^7,1.45 x 10^7,1.67 x 10^7,2.01 x 10^7,2
865,Surface & Underground Mining Methods,Bord and Pillar depillaring,13,"A bord and pillar mine with a working height of 3.5 m and a pillar width of 4.2 m is being depillared. The roof and floor rocks have uniaxial compressive strengths of 25 MPa and 18 MPa, respectively. The geotechnical parameters are: c = 10 kN/m², φ = 30°, and γ = 25 kN/m³. If the powder factor for the depillaring blast is 0.8 kg/m³, what is the minimum required strip ratio to achieve a depillaring rate of 150 m²/h?",1.25,1.50,1.75,2.00,2
866,Surface & Underground Mining Methods,Bord and Pillar depillaring,13,"A bord and pillar mine has a pillar size of 6 m x 6 m x 10 m. The average density of the coal is 1.4 t/m³. The coal is extracted at a rate of 1000 t/h. If the pillar is to be depillared using a longwall powered support system with a resistance of 1.8 MPa, what is the minimum powder factor required to extract the coal at the given rate, given that the stripping ratio is 2.5 and the blasthole diameter is 0.1 m? Assume a gas flow rate of 0.05 m³/s and a gas pressure of 5 bar.",0.005 kN/m³,0.012 kN/m³,0.018 kN/m³,0.025 kN/m³,2
867,Engineering Mathematics,Matrix eigenvalues,14,"A hydroelectric dam's water flow is modeled by the matrix equation d/dt [x(t)] = A x(t), where x(t) is the water level (m³/s) and A = [[-2, 1], [0, -3]] (s⁻¹) is the system matrix. If the initial water level is x(0) = [2, 1] (m³/s), find the water level x(5) (m³/s) using the Cayley-Hamilton theorem.","x(5) = [1.718, 0.618] (m³/s)","x(5) = [1.836, 0.618] (m³/s)","x(5) = [1.618, 0.836] (m³/s)","x(5) = [1.618, 1.618] (m³/s)",1
868,Engineering Mathematics,Matrix eigenvalues,14,"A hydraulic cylinder is subjected to a pressure of 10 MPa in the x-direction and 5 MPa in the y-direction. The stiffness matrix of the cylinder is given by [k] = [[1000, 500], [500, 2000]]. Determine the natural frequencies and mode shapes of the system using the Cayley-Hamilton theorem. If the first natural frequency is 50 rad/s, use Simpson's 1/3 rule to estimate the value of the integral ∫[0,π/2] (sin^2 x) dx. Assuming that the cylinder fails when the stress exceeds 80 MPa, use the Poisson distribution to find the probability that the system will fail in the next 1000 hours, given that the mean time between failures is 500 hours.","The natural frequencies of the system are 50 rad/s and 70 rad/s, and the corresponding mode shapes are given by [x, y]^T = [1, 0]^T and [x, y]^T = [0, 1]^T.","The natural frequencies of the system are 50 rad/s and 100 rad/s, and the corresponding mode shapes are given by [x, y]^T = [1, 0]^T and [x, y]^T = [0, 1]^T.","The natural frequencies of the system are 50 rad/s and 120 rad/s, and the corresponding mode shapes are given by [x, y]^T = [1, 0]^T and [x, y]^T = [0, 1]^T.","The natural frequencies of the system are 50 rad/s and 150 rad/s, and the corresponding mode shapes are given by [x, y]^T = [1, 0]^T and [x, y]^T = [0, 1]^T.",1
869,Engineering Mathematics,Matrix eigenvalues,14,"A hydroelectric power plant has two turbines, each with a power output of 100 MW. The turbines are connected to a generator, which supplies power to a load. The load is modeled as a second-order system with a mass of 10,000 kg and a damping coefficient of 100 Ns/m. The turbine's rotational speed is 1000 rpm. If the eigenvalues of the system are -1 ± j2, calculate the maximum power that can be supplied to the load using Simpson's 1/3 rule, assuming a Poisson distribution of the load's power factor with a mean of 0.8 and a standard deviation of 0.1.",150 MW,200 MW,250 MW,300 MW,2
870,Engineering Mathematics,Matrix eigenvalues,14,"A hydraulic system is governed by the following matrix equation: [d^2x/dt^2] = [4, 2; 2, 6] [x, y]^T, where x and y are the displacements of two pistons in meters. If the system is initially at rest, and the pistons are displaced by 1 m and 0.5 m respectively, find the maximum acceleration of the pistons in m/s^2 after 2 seconds, using the eigenvalues of the coefficient matrix.",10.0 m/s^2,12.0 m/s^2,15.0 m/s^2,18.0 m/s^2,2
871,Engineering Mathematics,Matrix eigenvalues,14,"A hydraulic system is modeled by the following differential equation: d²x/dt² + 2λdx/dt + (λ² + 1)x = 0. The system is subjected to an initial displacement of 0.5 m and an initial velocity of 1.2 m/s. If the damping coefficient λ is 2.5 Ns/m, determine the time (in seconds) at which the displacement x(t) will be 0.8 m. Assume the system is critically damped.",1.23 s,1.45 s,1.67 s,1.89 s,2
872,Engineering Mathematics,Matrix eigenvalues,14,"A hydraulic cylinder with a diameter of 0.2 m is subjected to a pressure of 10 MPa. The cylinder is made of a material with a Young's modulus of 2 x 10^5 MPa. Using the Cayley-Hamilton theorem, determine the eigenvalues of the stiffness matrix. If the cylinder is subjected to a sinusoidal load of 100 kN at a frequency of 5 rad/s, use Simpson's 1/3 rule to estimate the maximum stress in the cylinder. Given that the Poisson's ratio of the material is 0.3, calculate the volumetric strain. Assume that the material follows Hooke's law.","Eigenvalues of the stiffness matrix are 1.2 x 10^6 and 2.5 x 10^6, maximum stress is 120 MPa, and volumetric strain is 0.06.","Eigenvalues of the stiffness matrix are 2.5 x 10^6 and 1.2 x 10^6, maximum stress is 100 MPa, and volumetric strain is 0.08.","Eigenvalues of the stiffness matrix are 1.5 x 10^6 and 3.0 x 10^6, maximum stress is 150 MPa, and volumetric strain is 0.04.","Eigenvalues of the stiffness matrix are 3.0 x 10^6 and 1.5 x 10^6, maximum stress is 180 MPa, and volumetric strain is 0.02.",1
873,Engineering Mathematics,Matrix eigenvalues,14,"A hydroelectric power plant has a Francis turbine with a rated power output of 100 MW. The turbine has a rotational speed of 150 rpm. The water flow rate is 40 m³/s. The density of water is 1000 kg/m³. If the turbine efficiency is 90%, calculate the minimum diameter of the turbine runner to ensure a maximum pressure difference of 10 MPa across the runner. Consider the following matrix equation representing the turbine's dynamics: [1 0; -0.5 1] × [x;y] = [0;0], where x and y are the angular and linear velocities, respectively. Use the Cayley-Hamilton theorem to determine the eigenvalues of the matrix and select the appropriate value.",The minimum diameter is 2.5 m.,The minimum diameter is 3.2 m.,The minimum diameter is 4.1 m.,The minimum diameter is 5.5 m.,2
874,Engineering Mathematics,Matrix eigenvalues,14,"A hydraulic cylinder with a diameter of 0.2 m is subjected to a pressure of 4 MPa. The cylinder is modeled as a thin-walled tube with a length of 1 m. If the Poisson distribution is used to model the pressure fluctuations, and the mean pressure is 3.5 MPa with a standard deviation of 0.5 MPa, what is the minimum eigenvalue of the stress matrix, assuming a Young's modulus of 2.1e5 MPa and a Poisson's ratio of 0.3? Apply Simpson's 1/3 rule to integrate the stress matrix over the length of the cylinder, and use the Cayley-Hamilton theorem to find the minimum eigenvalue.",1.25e6 Ns²/m⁸,1.50e6 Ns²/m⁸,1.75e6 Ns²/m⁸,2.00e6 Ns²/m⁸,2
875,General Aptitude & Reasoning,Logical deduction,14,"A cylindrical tank of diameter 4 m and height 3 m is filled with water at a rate of 0.2 m³/s. If the water level rises by 1.5 m in 10 minutes, calculate the percentage increase in the water level in the tank.",6.25%,7.5%,8.33%,9.52%,2
876,General Aptitude & Reasoning,Logical deduction,14,"A conveyor belt, 10 m long, is moving at a speed of 2 m/s. A 500 kg block is placed at one end of the belt. If the coefficient of friction between the block and the belt is 0.2, and the belt is accelerated from rest to a speed of 4 m/s in 10 seconds, what is the average power generated by the belt in kW? Assume the block is at an angle of 30° to the horizontal, and the acceleration is uniform.",1.2 kW,1.5 kW,1.8 kW,2.0 kW,2
877,General Aptitude & Reasoning,Logical deduction,14,"A cylindrical tank with a diameter of 4 m and a height of 10 m is filled with water at a rate of 0.5 m³/s. If the tank is 75% full, what is the time taken (in seconds) for the water level to rise by 2.5 m? Assume the density of water to be 1000 kg/m³.",150 s,200 s,250 s,300 s,2
878,General Aptitude & Reasoning,Logical deduction,14,"A conveyor belt 10 km long is moving at a speed of 5 km/h. A box is placed at one end of the belt. At what time will the box reach the other end of the belt, if the conveyor belt starts moving at 5 km/h and the box starts moving at 2 km/h? Assume the acceleration of the box is 0.5 m/s².",Time = 2000 s,Time = 2500 s,Time = 3000 s,Time = 3500 s,2
879,General Aptitude & Reasoning,Logical deduction,14,"A conveyor belt moves at a speed of 2.5 m/s. A box of mass 250 kg is placed on the belt. If the coefficient of kinetic friction between the box and the belt is 0.2, and the angle of inclination of the belt is 30°, what is the acceleration of the box in m/s²? Assume the belt is moving on a frictionless surface.",1.25 m/s²,1.67 m/s²,2.5 m/s²,3.33 m/s²,2
880,General Aptitude & Reasoning,Logical deduction,14,"A conveyor belt is moving at a speed of 10 m/s. It is carrying a load of 5 kN. If the belt is 100 m long and the load is uniformly distributed, what is the minimum time required to move the load 20 m along the belt? Assume the acceleration due to gravity is 9.81 m/s². Express your answer in seconds.",5.05 s,10.1 s,15.15 s,20.2 s,2
881,Geomechanics & Ground Control,Mohr-Coulomb failure,14,"A coal mine is excavated in a rock mass with the following properties: σv = 20 MPa, σh = 15 MPa, σv = 10 MPa, φ = 35°, and the rock mass has a Bieniawski RMR value of 55. If a rock bolt is installed with a length of 5 m and a diameter of 0.025 m, and a tributary area pillar of 10 m x 10 m x 5 m is excavated, calculate the maximum allowable axial load on the rock bolt, considering the Mohr-Coulomb failure criterion. The rock bolt has a capacity of 200 kN. Assuming a tributary area pillar stress of 1.5 MPa, and using the Barton Q-system, determine the correct option.",The maximum allowable axial load on the rock bolt is 150 kN.,The maximum allowable axial load on the rock bolt is 180 kN.,The maximum allowable axial load on the rock bolt is 220 kN.,The maximum allowable axial load on the rock bolt is 250 kN.,2
882,Geomechanics & Ground Control,Mohr-Coulomb failure,14,A coal mine is excavating a coal seam with a thickness of 2.5 m. The in-situ stress at the depth of 300 m is σh = 10 MPa and σv = 5 MPa. The coal seam has a cohesion of 0.2 MPa and an angle of internal friction of 30°. A rock bolt is installed to support the roof. The rock bolt has a yield strength of 1000 MPa and an elastic modulus of 200 GPa. The tributary area of the pillar is 10 m x 10 m. The rock bolt is loaded with a tensile force of 100 kN. Determine the factor of safety of the rock bolt against failure using the Mohr-Coulomb failure criterion. Assume the rock bolt is subjected to a normal stress of 0.5 MPa and a shear stress of 0.2 MPa.,FS = 1.5,FS = 2.0,FS = 2.5,FS = 3.0,2
883,Geomechanics & Ground Control,Mohr-Coulomb failure,14,"A coal mine pillar is 6 m wide and 10 m high. The uniaxial compressive strength of the coal is 10 MPa. The major and minor principal stresses at the pillar center are 6 MPa and 2 MPa, respectively. Determine the factor of safety against Mohr-Coulomb failure, considering the friction angle of the coal as 30°. Also, calculate the required rock bolt capacity to support the pillar. Assume the rock bolt area as 0.1 m² and the rock bolt yield strength as 500 kN.","FS = 1.25, Rock bolt capacity = 250 kN","FS = 1.5, Rock bolt capacity = 300 kN","FS = 1.75, Rock bolt capacity = 350 kN","FS = 2.0, Rock bolt capacity = 400 kN",2
884,Geomechanics & Ground Control,Mohr-Coulomb failure,14,"A coal mine has a seam with a thickness of 2.5 m and a uniaxial compressive strength of 40 MPa. The in-situ stress at a depth of 250 m is 10 MPa in the horizontal direction and 5 MPa in the vertical direction. A square pillar of side length 4 m is formed by extracting coal from both sides of the pillar. If the pillar is reinforced with rock bolts with a capacity of 250 kN, what is the minimum required spacing between the rock bolts to prevent failure of the pillar? Assume the rock mass has a Bieniawski RMR of 55 and a Barton Q-system parameter Q = 10. The Mohr-Coulomb failure criterion is applicable. The angle of internal friction is 30° and the cohesion is 200 kPa. Neglect the weight of the pillar. Use the tributary area pillar stress formula to calculate the pillar stress.",1.2 m,1.5 m,2.0 m,2.5 m,2
885,Geomechanics & Ground Control,Mohr-Coulomb failure,14,"A coal mine is excavated in a rock mass with a uniaxial compressive strength of 40 MPa. The rock mass is classified as RMR 55. A 3 m x 3 m square pillar is left unmined to support the overlying rock. The pillar is subjected to a vertical stress of 2.5 MPa and a horizontal stress of 1.5 MPa. The rock bolt is used to reinforce the pillar with a capacity of 100 kN. What is the minimum diameter of the rock bolt required to prevent the pillar from failing due to Mohr-Coulomb failure? Assume that the angle of internal friction is 30° and the cohesion is 0.5 MPa. Consider the Bieniawski RMR system and Barton Q-system for rock mass characterization. Also, calculate the tributary area pillar stress using the Q-system. Ignore the effect of rock bolt on the tributary area pillar stress.",0.1 m,0.2 m,0.3 m,0.4 m,2
886,Geomechanics & Ground Control,Mohr-Coulomb failure,14,"A coal mine has a rock mass with the following properties: σc = 6.5 MPa, σt = 3.8 MPa, φ = 35°. The rock mass has a RMR value of 55 and a Q-value of 1.5. A square pillar with a side length of 5 m is excavated in the rock mass. Assuming a tributary area factor of 1.2, determine the average pillar stress (σ) in the pillar. Also, if a rock bolt is to be installed in the pillar, what should be its minimum capacity (T) in kN to prevent failure? Consider the rock bolt to be 10 m long and assume a rock mass deformation modulus (E') of 10 GPa.","σ = 4.2 MPa, T = 150 kN","σ = 4.5 MPa, T = 120 kN","σ = 4.8 MPa, T = 180 kN","σ = 5.1 MPa, T = 160 kN",2
887,Geomechanics & Ground Control,Mohr-Coulomb failure,14,"A coal mine has a rock face with a strike length of 50 m and a dip length of 20 m. The rock mass rating (RMR) is 40. The uniaxial compressive strength (UCS) of the rock is 120 MPa. The major principal stress (σ1) is 10 MPa and the minor principal stress (σ3) is 5 MPa. A 5 m long rock bolt with a diameter of 25 mm is to be installed at an angle of 30° to the horizontal. The rock bolt has a yield strength of 1500 MPa and a ultimate strength of 2000 MPa. The tributary area of the rock bolt is 0.1 m². The rock bolt is to be loaded with a force of 100 kN. Determine the factor of safety against failure using the Mohr-Coulomb failure criterion, considering the effect of the rock bolt. Also, calculate the capacity of the rock bolt in terms of the axial force it can resist. Express your answer in a dimensionless form.","FS = 1.2, Rock bolt capacity = 150 kN","FS = 1.5, Rock bolt capacity = 180 kN","FS = 1.8, Rock bolt capacity = 220 kN","FS = 2.2, Rock bolt capacity = 260 kN",2
888,Geomechanics & Ground Control,Mohr-Coulomb failure,14,"A coal mine has a seam of 2.5 m thickness with a uniaxial compressive strength of 25 MPa. The rock mass has a Bieniawski RMR of 55. Using the Barton Q-system, the equivalent rock mass strength is estimated to be 4.2 MPa. If a square pillar of 3 m side length is excavated in the seam, and a rock bolt is installed with a capacity of 100 kN, what is the maximum allowable tributary area of the pillar for safe excavation, assuming a factor of safety of 1.5? The rock mass has a unit weight of 25 kN/m³.",10 m²,12 m²,15 m²,18 m²,2
889,Geomechanics & Ground Control,Mohr-Coulomb failure,14,"A circular tunnel of 4 m diameter is excavated in a rock mass with a uniaxial compressive strength of 250 MPa. The rock mass is classified as RMR = 55. If a rock bolt of 20 mm diameter is installed at a spacing of 1 m x 1 m, what is the minimum axial load required to prevent failure of the rock mass, considering a cohesion of 20 MPa and an angle of internal friction of 30°? Assume a tributary area factor of 1.5 and a rock bolt capacity of 150 kN/m.",120 kN,180 kN,240 kN,300 kN,2
890,Geomechanics & Ground Control,Mohr-Coulomb failure,14,"A coal mine has a rock mass with the following properties: RMR = 42, Q = 3.5, and θ = 30°. The rock mass is subjected to a major principal stress of 10 MPa. Determine the minor principal stress (σ3) required to cause failure using the Mohr-Coulomb failure criterion. Assume the cohesion (c) is 0.5 MPa and the friction angle (φ) is 25°. Also, calculate the factor of safety (FS) if the actual minor principal stress is 8 MPa.","σ3 = 11.45 MPa, FS = 1.12","σ3 = 12.75 MPa, FS = 1.05","σ3 = 13.25 MPa, FS = 1.03","σ3 = 14.50 MPa, FS = 1.00",2
891,"Mine Planning, Geostatistics & Economics",Mine Planning,14,"A mine plans to extract 100,000 tonnes of ore from a block model with an average grade of 2.5% Cu. The mining cost is estimated to be $120/tonne and the selling price of copper is $6,500/tonne. The net present value (NPV) of the project is to be calculated using a discount rate of 10% and a lifespan of 5 years. The semivariogram model for the block model is given by: γ(h) = 0.5 + 0.2|h| + 0.1|h|^2, where γ(h) is the semivariogram and h is the lag. The spherical semivariogram sill is 1.5 and the nugget effect is 0.2. Ordinary Kriging estimation variance is given by: σ^2 = 0.01 + 0.005|μ|, where σ^2 is the estimation variance and μ is the mean. Calculate the NPV of the project.","$1,250,000","$1,500,000","$1,750,000","$2,000,000",1
892,"Mine Planning, Geostatistics & Economics",Net Present Value,14,"A coal mine is planning to invest in a new longwall mining equipment. The initial investment is ₹ 1.5 crores. The equipment has a life of 8 years and is expected to produce 3.2 million tons of coal per year. The selling price of coal is ₹ 2,500 per ton. The operating costs are ₹ 1,800 per ton. The annual discount rate is 10%. Calculate the Net Present Value (NPV) of the investment, considering the initial investment and the annual cash inflows. Assume a semivariogram sill of 0.05 Ns²/m⁸ and nugget effect of 0.02 Ns²/m⁸ for the coal grade estimation. Ordinary Kriging is used for estimation. The estimation variance is 0.005.",₹ 1.23 crores,₹ 1.42 crores,₹ 1.62 crores,₹ 1.82 crores,2
893,"Mine Planning, Geostatistics & Economics",Mine Planning,14,"A coal mine is planning to extract 5 million tonnes of coal over the next 10 years. The annual extraction rate is 500,000 tonnes. The operating costs are estimated to be $1.2 million per year, and the capital costs are $10 million. The coal price is expected to be $80 per tonne. The semivariogram model for the coal grade is given by: γ(h) = 0.5 + 0.3 * (h/100)^2 * (1 - exp(-h/100)). The spherical semivariogram sill is 1.2, and the nugget effect is 0.2. The Ordinary Kriging estimation variance is given by: σ^2 = 0.5 * (1 - 0.5 * (h/100)^2). Calculate the Net Present Value (NPV) of the project, considering a discount rate of 10% per annum.",$34.6 million,$35.8 million,$36.9 million,$37.1 million,2
894,"Mine Planning, Geostatistics & Economics",Net Present Value,14,"A mining project has an initial investment of ₹ 10 crores and a lifespan of 5 years. The annual production rate is 0.5 million tonnes per year. The price of the mineral is ₹ 300 per tonne. The operating costs are ₹ 150 per tonne and the maintenance costs are ₹ 50 per tonne. The discount rate is 12% per annum. The spherical semivariogram model for the mineral reserve has a sill of 100 Ns²/m⁸ and a nugget effect of 20 Ns²/m⁸. The Ordinary Kriging estimation variance is 15% of the sill. Calculate the Net Present Value (NPV) of the project, considering the estimation variance.",₹ 2.34 crores,₹ 2.45 crores,₹ 2.56 crores,₹ 2.67 crores,2
895,"Mine Planning, Geostatistics & Economics",Economic Evaluation of Mining Projects,14,"A mining project has an initial investment of ₹ 1.5 crores and an estimated life of 5 years. The project generates a revenue of ₹ 5 lakhs per year. The costs associated with the project are: ₹ 1.2 lakhs per year for operating expenses, ₹ 0.5 lakhs per year for maintenance expenses, and ₹ 0.8 lakhs per year for depreciation. The project also requires an additional investment of ₹ 1 crore after 3 years. The interest rate is 10% per annum. Calculate the Net Present Value (NPV) of the project. Assume a spherical semivariogram model with a nugget effect of 10% and a sill of 100 Ns²/m⁸. Ordinary Kriging estimation variance is 20% of the nugget effect. The estimation variance is 0.2 m³/s. The project's production rate is 5000 m³/s. The cut-off grade is 1.2% Cu. The ore is sold at ₹ 0.5 lakhs per tonne. The grade of the ore is normally distributed with a mean of 1.5% Cu and a standard deviation of 0.2% Cu. The grade of the ore is estimated using Ordinary Kriging with a support of 10 m. The project's production rate is 5000 m³/s. The cut-off grade is 1.2% Cu. The ore is sold at ₹ 0.5 lakhs per tonne.",₹ 2.15 crores,₹ 2.35 crores,₹ 2.45 crores,₹ 2.55 crores,2
896,"Mine Planning, Geostatistics & Economics",Economic Evaluation of Mining Projects,14,"A mining company is planning to invest in an open-pit mine with a proposed production rate of 2.5 × 10^5 tonnes per year. The mine is expected to operate for 10 years. The initial investment required for the mine development is ₹ 50 crores. The operating costs are estimated to be ₹ 1.2 crores per year. The revenue generated per tonne of ore mined is ₹ 250. The company uses a discount rate of 12% for NPV calculations. Assuming a spherical semivariogram model with a sill of 100 Ns²/m⁸ and a nugget effect of 20 Ns²/m⁸, and using Ordinary Kriging for grade estimation, calculate the Net Present Value (NPV) of the project, rounded to two decimal places. Also, determine the Internal Rate of Return (IRR) of the project. If the IRR is greater than the discount rate, indicate the IRR value. ","NPV = ₹ 23.45 crores, IRR = 15%","NPV = ₹ 25.67 crores, IRR = 12%","NPV = ₹ 28.90 crores, IRR = 18%","NPV = ₹ 31.13 crores, IRR = 15%",1
897,Mine Surveying & Geomatics,Bowditch rule traverse closing error,14,"A mine survey traverse is conducted using EDM instruments. The traverse consists of 8 lines with a total length of 1200 m. The EDM instrument is calibrated to have a sensitivity of 2 × 10^(-5) m. The instrument's corrections for temperature (Δt) and pressure (Δp) are given as follows: Δt = 0.5 × 10^(-6) m/°C and Δp = 1.2 × 10^(-6) m/kPa. If the closing error of the traverse is 0.012 m, and the instrument's corrections for temperature and pressure are 25°C and 100 kPa respectively, calculate the value of the missing line length, L3, using the Bowditch rule. Round off your answer to two decimal places.",L3 = 145.67 m,L3 = 146.23 m,L3 = 146.58 m,L3 = 147.12 m,2
898,Mine Surveying & Geomatics,Bowditch rule traverse closing error,14,"A mine survey traverse consists of 8 stations with the following coordinates: 

| Station | Easting (m) | Northing (m) |
| --- | --- | --- |
| A | 100.0 | 200.0 |
| B | 120.0 | 220.0 |
| C | 140.0 | 240.0 |
| D | 160.0 | 260.0 |
| E | 180.0 | 280.0 |
| F | 200.0 | 300.0 |
| G | 220.0 | 320.0 |
| H | 240.0 | 340.0 |

The traverse is closed using the Bowditch rule. If the computed closing error is 0.03 m and the leveling sensitivity is 0.0005 m/m, calculate the EDM correction (in mm) for the 5th station.",0.12 mm,0.15 mm,0.18 mm,0.21 mm,2
899,Mine Surveying & Geomatics,Bowditch rule traverse closing error,14,"A mine surveyor is conducting a traverse survey using the Bowditch rule. The survey consists of 5 stations with the following coordinates: 

Station 1: (15.0, 20.0), Station 2: (25.0, 30.0), Station 3: (35.0, 40.0), Station 4: (45.0, 50.0), Station 5: (55.0, 60.0). The surveyor has also measured the following angles: 

Station 1-2: 60°, Station 2-3: 75°, Station 3-4: 90°, Station 4-5: 105°. The surveyor wants to compute the closing error using the Bowditch rule. If the leveling sensitivity is 1.2 mm/m and the EDM correction is 2.5 mm, what is the magnitude of the closing error (in mm) if the surveyor uses the following values for the missing line computation: 

Missing line 1: 50.0 m, Missing line 2: 75.0 m, Missing line 3: 100.0 m, Missing line 4: 125.0 m?",17.32 mm,20.45 mm,23.58 mm,26.71 mm,2
900,Mine Surveying & Geomatics,Bowditch rule traverse closing error,14,"A mine survey traverse with 5 stations and 6 lines is to be closed using the Bowditch rule. The following data is given:

| Line | Distance (m) | Azimuth (°) |
| --- | --- | --- |
| 1   | 150.00      | 30.00      |
| 2   | 200.00      | 120.00     |
| 3   | 100.00      | 210.00     |
| 4   | 250.00      | 300.00     |
| 5   | 180.00      | 90.00      |
| 6   | 220.00      | 60.00      |

If the closing error is 0.05°, calculate the correction in metres to be applied to line 3, given that the leveling sensitivity is 1 mm/m and the EDM correction factor is 0.999.",0.123 m,0.234 m,0.345 m,0.456 m,2
901,Mine Surveying & Geomatics,Bowditch rule traverse closing error,14,"A mine survey traverse consists of 10 lines with a total length of 5.2 km. The traverse is closed using the Bowditch rule. If the closing error is 1.8 m, and the EDM measurements have a standard deviation of 0.0005 m, calculate the probable error of the traverse. Assume a leveling sensitivity of 1:100,000 and the EDM correction factor is 0.998. The traverse is surveyed using a total station with an accuracy of ± 1 mm + 1 ppm.",2.35 m,2.45 m,2.55 m,2.65 m,2
902,Mine Surveying & Geomatics,Bowditch rule traverse closing error,14,"A mine survey traverse is conducted using a total station. The traverse is closed using the Bowditch rule. The EDM measurements are as follows: AB = 50.00 m, BC = 75.00 m, CD = 40.00 m, DA = 65.00 m. The instrument constant is 1.2 mm/m. The leveling sensitivity is 0.5 mm/m. The EDM corrections are: AB = +2.5 mm, BC = -1.8 mm, CD = +3.2 mm, DA = -2.1 mm. Calculate the closing error using the Bowditch rule, considering the leveling sensitivity and EDM corrections.",0.045 m,0.048 m,0.052 m,0.055 m,2
903,Mine Surveying & Geomatics,Bowditch rule traverse closing error,14,"A mine surveyor is tasked with determining the closing error in a traverse using the Bowditch rule. The traverse consists of 8 angles and 7 sides, with the following measurements in meters: ΔA1 = 150.0 m, ΔA2 = 200.0 m, ΔA3 = 250.0 m, ΔA4 = 300.0 m, ΔA5 = 350.0 m, ΔA6 = 400.0 m, ΔA7 = 450.0 m. The angles are measured as follows: ΔA1 = 57°, ΔA2 = 67°, ΔA3 = 77°, ΔA4 = 87°, ΔA5 = 97°, ΔA6 = 107°, ΔA7 = 117°. If the leveling sensitivity is 1.0 mm/m, and the EDM corrections are 0.5 mm/m for the first 100.0 m and 1.0 mm/m for the remaining distance, calculate the closing error using the Bowditch rule. Given that the missing line is 5.0 m long, what is the correct value of the missing line for the given traverse?",5.0 m,5.1 m,5.2 m,5.3 m,2
904,Mine Surveying & Geomatics,Bowditch rule traverse closing error,14,"A mine survey traverse has the following angles and distances: 
A = 67° 30', B = 78° 45', C = 25° 15', AB = 150 m, BC = 120 m, CD = 180 m, DA = 220 m. If the traverse is closed using the Bowditch rule, and the calculated closing error is 0.15 m, what is the magnitude of the missing line, if the EDM measurement of angle A is 67° 28' 15"" with a correction of -0.002° and the EDM measurement of angle B is 78° 42' 30"" with a correction of +0.003°?",0.132 kN,0.142 kN,0.152 kN,0.162 kN,2
905,Mine Surveying & Geomatics,Bowditch rule traverse closing error,14,"A mine survey traverse was conducted using the Bowditch rule. The traverse consists of 6 lines with the following angles and distances: 
Line 1: 210°, 150m; Line 2: 120°, 200m; Line 3: 300°, 100m; Line 4: 90°, 180m; Line 5: 45°, 220m; Line 6: 270°, 80m. The closing error is 3.5mm. If the traverse is to be adjusted, calculate the correction to be applied to Line 5 using the formula: ΔL = (ε × L) / (sin(α) × cos(β)), where ε is the closing error, L is the length of the line, α and β are the angles of the line.",0.023 kN,0.035 kN,0.045 kN,0.055 kN,2
906,Mine Surveying & Geomatics,Bowditch rule traverse closing error,14,"A mine survey traverse consists of 10 angles and 10 sides. The traverse is closed using the Bowditch rule. If the closing error is 1.23 m, and the traverse is repeated with an EDM instrument, the EDM instrument readings are found to have a systematic error of 0.05 m. The leveling sensitivity of the EDM instrument is 1:100,000. If the traverse is repeated 5 times, and the average closing error is calculated, what is the average closing error in meters, considering the leveling sensitivity and EDM systematic error?",1.23 m,1.23 m + (0.05 m * 10),1.23 m + (0.05 m * 5),1.23 m + (0.05 m / 5),2
907,Mine Surveying & Geomatics,Bowditch rule traverse closing error,14,"A mine survey traverse consists of 8 lines with a total length of 1200 m. The traverse is closed using the Bowditch rule. If the closing error is 1.2 m in the north direction and 0.8 m in the east direction, and the leveling sensitivity is 1 in 2000, what is the magnitude of the EDM correction required to eliminate the closing error? Assume the EDM instrument has an accuracy of 1 mm. The instrument is set up at a height of 10 m above the ground. The atmospheric pressure is 101.3 kPa and the temperature is 25°C. The barometric coefficient is 0.0001 m/kPa.",0.00024 m,0.00035 m,0.00045 m,0.00056 m,2
908,Mine Ventilation & Environment,Atkinson's friction law,14,"A mine ventilation fan is installed to handle a gas flow rate of 2.5 m³/s at a pressure difference of 10 kPa. The fan's characteristic curve is given by: Q = 1.2 * (ΔP)^(0.8) m³/s, where Q is the gas flow rate and ΔP is the pressure difference in kPa. Using Atkinson's friction law, determine the power required to drive the fan, given that the fan's efficiency is 85% and the specific work of air is 1.2 Ns²/m⁸. If the fan's power consumption is 15 kW, what is the percentage increase in fan diameter required to achieve the same power consumption using natural ventilation pressure of 0.05 MPa?",8%,10%,12%,15%,1
909,Mine Ventilation & Environment,Atkinson's friction law,14,"A 100 m long, 1.2 m diameter mine airway is ventilated by a centrifugal fan with a characteristic curve given by Q = 0.5 ∗ P^1.8, where Q is in m^3/s and P is in kPa. The airway is inclined at 10° to the horizontal. The air density is 1.2 kg/m^3. At a pressure drop of 50 kPa, calculate the air flow rate through the airway. Given: Atkinson's friction law constant (K) = 0.02 Ns^2/m^8.",0.45 m^3/s,0.55 m^3/s,0.65 m^3/s,0.75 m^3/s,2
910,Mine Ventilation & Environment,Atkinson's friction law,14,"A mine ventilation system uses a centrifugal fan to supply air to a long, horizontal tunnel with a length of 1000 m and a cross-sectional area of 10 m². The fan is driven by a 4-pole motor with a speed of 750 rpm and a power rating of 30 kW. The air flow rate through the tunnel is 2.5 m³/s, and the air pressure at the fan inlet is 100 kPa. Using Atkinson's friction law, determine the total pressure drop (ΔP) in the tunnel, considering the fan characteristic curve and the natural ventilation pressure. The friction factor (f) is given as 0.02, and the air density (ρ) is 1.2 kg/m³. The fan's affinity laws are: Q = Qs × (N/Ns)³ and P = Ps × (N/Ns)³, where Q is the air flow rate, N is the fan speed, and the subscript 's' denotes the fan's standard rating. The Coward flammability triangle is not relevant to this problem. Assuming the fan operates at 75% of its standard rating, calculate the total pressure drop (ΔP) in the tunnel, in kPa.",15.4 kPa,18.2 kPa,20.5 kPa,22.1 kPa,2
911,Mine Ventilation & Environment,Atkinson's friction law,14,"A mine ventilation fan is operating at a flow rate of 0.8 m³/s and a pressure of 20 kPa. If the fan's characteristic curve is given by the equation: Q = 0.5 ∗ P^1.2, where Q is in m³/s and P is in kPa, and Atkinson's friction law is given by the equation: f = 0.02 ∗ (P / Θ)^0.8, where f is in Ns²/m⁸ and Θ is the air density in kg/m³. If the air density is 1.2 kg/m³, determine the total pressure drop across a 100 m long ventilation duct with a diameter of 1.5 m, assuming a natural ventilation pressure of 5 kPa. Assuming the fan operates at a point on the characteristic curve where the pressure is 30 kPa. What is the total power consumption of the fan, considering the pressure drop and the fan's efficiency of 80%?",The total power consumption of the fan is 2.4 kW,The total power consumption of the fan is 2.7 kW,The total power consumption of the fan is 3.1 kW,The total power consumption of the fan is 3.5 kW,2
912,Mine Ventilation & Environment,Mine Ventilation & Environment,14,"A mine has a length of 1500 m with a uniform cross-sectional area of 10 m². The air flow rate is 0.5 m³/s. The fan is operating at a pressure of 100 kPa. The friction factor (f) is 0.02. Using Atkinson's friction law, determine the total pressure drop (ΔP) in the mine. The fan characteristic curve is given by: Q = 0.2 * P^0.5, where Q is in m³/s and P is in kPa. The Coward flammability triangle is not applicable in this scenario. Neglect natural ventilation pressure. Assume the air density is 1.2 kg/m³. Assume the fan operates at 50% of its maximum capacity.",ΔP = 12.5 kPa,ΔP = 15 kPa,ΔP = 17.5 kPa,ΔP = 20 kPa,2
913,Mine Ventilation & Environment,Atkinson's friction law,14,"A mine ventilation fan is installed in a 100 m long, 1.2 m diameter duct with a gas flow rate of 0.5 m³/s. The fan has a power input of 22 kW and a fan characteristic curve with a head coefficient (C_H) of 0.8 and a flow coefficient (C_F) of 1.2. The air density is 1.2 kg/m³. Using Atkinson's friction law, calculate the fan's static pressure rise (ΔP) in kPa. Assume the friction factor (f) is 0.02 and neglect the minor losses. Also, consider the Coward flammability triangle for methane (CH4) and determine the maximum allowable concentration of methane in the air stream to avoid explosion. If the calculated static pressure rise is 15.6 kPa, what is the corresponding fan speed (N) in rpm, considering the fan characteristic curve?","ΔP = 12.5 kPa, N = 450 rpm, Maximum CH4 concentration = 5%","ΔP = 15.6 kPa, N = 500 rpm, Maximum CH4 concentration = 4%","ΔP = 18.7 kPa, N = 550 rpm, Maximum CH4 concentration = 3%","ΔP = 20.8 kPa, N = 600 rpm, Maximum CH4 concentration = 2%",1
914,Mine Ventilation & Environment,Atkinson's friction law,14,"A mine ventilation system is designed to handle a total airflow of 10 m³/s. The system consists of two parallel ducts, one with a diameter of 1.5 m and the other with a diameter of 2.0 m. The pressure drop across the 100 m long duct with a diameter of 1.5 m is 0.5 kPa, and the pressure drop across the 80 m long duct with a diameter of 2.0 m is 0.3 kPa. Using Atkinson's friction law, determine the fan power required to maintain the airflow. Assume the air density is 1.2 kg/m³ and the fan efficiency is 0.8. Also, consider the Coward flammability triangle and determine the minimum air velocity required to prevent methane ignition in the ducts. The critical velocity for ignition is 10 m/s.","The fan power required is 23.4 kW, and the minimum air velocity required to prevent methane ignition is 15 m/s.","The fan power required is 28.1 kW, and the minimum air velocity required to prevent methane ignition is 12 m/s.","The fan power required is 32.5 kW, and the minimum air velocity required to prevent methane ignition is 18 m/s.","The fan power required is 20.5 kW, and the minimum air velocity required to prevent methane ignition is 10 m/s.",2
915,Mine Ventilation & Environment,Atkinson's friction law,14,"A mine air fan is installed in a 100 m long tunnel with a diameter of 4 m. The air flow rate through the fan is 2.5 m³/s. The fan's characteristic curve is given by Q = 1.8 × D² × (ΔP)⁰⁵, where Q is the air flow rate, D is the diameter of the tunnel, and ΔP is the pressure drop across the fan. Using Atkinson's friction law, determine the pressure drop (in kPa) across the fan if the air flow rate is 2.5 m³/s and the velocity of air is 10 m/s. Also, calculate the natural ventilation pressure (in kPa) in the mine tunnel using the Coward flammability triangle, given that the air change rate is 5 times per hour.",14.7 kPa,18.3 kPa,22.1 kPa,25.5 kPa,2
916,Mine Ventilation & Environment,Atkinson's friction law,14,"A ventilation system in a coal mine has a total length of 1000 m and a total equivalent diameter of 4 m. The air flow rate is 10 m³/s and the air pressure at the fan inlet is 100 kPa. Using Atkinson's friction law, calculate the total pressure drop in the system, considering the fan characteristic curve is a straight line with a slope of 0.5 kPa/(m³/s). If the natural ventilation pressure is 5 kPa and the Coward flammability triangle is not violated, what is the minimum power required to drive the fan?",45.7 kW,54.2 kW,62.1 kW,70.5 kW,2
917,Mine Ventilation & Environment,Atkinson's friction law,14,"A mine ventilation system has a main haulage road with a length of 1000 m and a diameter of 4 m. The air flow rate is 10 m³/s. The fan installed at the inlet end has a characteristic curve with a pressure coefficient (Cp) of 0.8 and a flow coefficient (Cv) of 0.9. The Atkinson's friction factor (λ) is 0.02. The air density is 1.2 kg/m³. Assuming the fan operates at the design point, determine the required fan power (in kW) and the pressure drop (in kPa) along the main haulage road. Consider the effect of natural ventilation pressure (ΔPnat) of 0.5 kPa/m.","Fan power = 45.6 kW, Pressure drop = 12.5 kPa","Fan power = 36.4 kW, Pressure drop = 10.3 kPa","Fan power = 54.8 kW, Pressure drop = 15.1 kPa","Fan power = 30.2 kW, Pressure drop = 9.5 kPa",1
918,Mining Machinery & Materials Handling,Koepe winder slip criteria,14,"A Koepe winder is used to lift 1000 t/h of coal at a speed of 2.5 m/s. The wire rope has a mean diameter of 80 mm and a breaking load of 1200 kN. The angle of wrap is 4π radians. The static factor of safety (SF) for the wire rope is 4. Calculate the slip velocity (m/s) of the wire rope, given that the power (P) required to lift the coal is 1000 kW. Assume the coal density is 1.2 t/m³.",0.15,0.20,0.25,0.30,2
919,Mining Machinery & Materials Handling,Koepe winder slip criteria,14,"A Koepe winder is used to lift a 100 m long rope with a diameter of 80 mm. The rope is subjected to a tension of 500 kN at the winding drum and 200 kN at the free end. The coefficient of friction between the rope and the sheave is 0.2. The angle of wrap is 6 turns. Calculate the slip velocity of the rope in m/s, considering the static factor of safety of the rope to be 5. Assume the density of the rope material to be 7800 kg/m³. If the power required to lift the load is 250 kW, what is the percentage increase in power required to maintain the same slip velocity if the angle of wrap is reduced to 4 turns?",5.2% increase in power,10.5% increase in power,15.8% increase in power,20.1% increase in power,2
920,Mining Machinery & Materials Handling,Koepe winder slip criteria,14,"A Koepe winder is designed to lift 1000 t/h of coal at an angle of 20° with the horizontal. The wire rope has a diameter of 80 mm and a breaking load of 120 kN. The coefficient of friction between the wire rope and the sheave is 0.2. If the winder is driven at a speed of 10 m/s, determine the maximum safe load that can be lifted without slip. Consider the static factor of safety of the wire rope to be 5. Given that the density of coal is 1.4 t/m³, calculate the power required to lift the coal. Assume the shovel-dumper match index to be 1.2. If the belt conveyor power is 250 kW, calculate the match index of the shovel and dumper. Take g = 9.81 m/s².",The maximum safe load is 960 t/h and the power required to lift the coal is 240 kW.,The maximum safe load is 1050 t/h and the power required to lift the coal is 280 kW.,The maximum safe load is 1000 t/h and the power required to lift the coal is 250 kW.,The maximum safe load is 950 t/h and the power required to lift the coal is 220 kW.,2
921,Mining Machinery & Materials Handling,Koepe winder slip criteria,14,"A Koepe winder is used in a coal mine to lift 1000 t/h of coal at a speed of 10 m/s. The wire rope has a diameter of 80 mm and a breaking load of 500 kN. The rope is subjected to a static load of 300 kN. If the coefficient of friction between the rope and the drum is 0.2, determine the maximum safe speed of the winder to prevent slip. Given that the power required to lift the coal is 2000 kW and the efficiency of the motor is 0.8, calculate the power required to drive the winder. Assume the specific gravity of coal is 1.4. Take g = 9.81 m/s².",600 m/s,550 m/s,520 m/s,500 m/s,2
922,Mining Machinery & Materials Handling,Koepe winder slip criteria,14,"A Koepe winder is used to lift 1000 t/h of coal at a speed of 4 m/s. The wire rope has a diameter of 80 mm and a breaking load of 120 kN. If the static factor of safety is 5, determine the maximum permissible load on the winder. The angle of wrap is 6 and the efficiency of the winder is 95%. The coefficient of friction between the rope and the drum is 0.2. Assume the specific gravity of coal is 1.4. If the power required to lift the coal is 250 kW, what is the minimum required diameter of the motor shaft to drive the winder? Express your answer in mm.",450 mm,500 mm,550 mm,600 mm,2
923,Mining Machinery & Materials Handling,Belt conveyor power,14,"A belt conveyor is transporting limestone with a bulk density of 1.6 t/m³ at a speed of 4.5 m/s. The belt width is 1.2 m and the power required is given by the formula: P = (1.1 × F × V) / 1000, where P is in kW, F is the force in kN and V is the velocity in m/s. If the force on the belt is 25 kN, calculate the power required. Given that the belt is made of rubber with a modulus of elasticity of 2.5 MPa and a thickness of 3 mm, calculate the percentage increase in power required if the belt thickness is increased to 4 mm. Assume a constant velocity of 4.5 m/s.",The percentage increase in power required is 12.5%,The percentage increase in power required is 15%,The percentage increase in power required is 18%,The percentage increase in power required is 20%,1
924,Mining Machinery & Materials Handling,Koepe winder slip criteria,14,"A Koepe winder is used in a coal mine to lift 1000 t/h of coal from a depth of 500 m. The winder has a drum diameter of 6 m and a mean radius of 3 m. The rope has a breaking load of 200 kN and an effective angle of wrap of 10°. The maximum allowable slip is 5% of the lifted load. If the coal has a density of 1.2 t/m³, determine the maximum power required to lift the coal. Also, calculate the static factor of safety of the rope. Take g = 9.81 m/s².","P = 450 kW, SF = 3.5","P = 400 kW, SF = 3.2","P = 500 kW, SF = 4.1","P = 550 kW, SF = 3.8",2
925,Surface & Underground Mining Methods,Bord and Pillar depillaring,14,"A bord and pillar mine with a panel size of 100 m x 100 m is being operated at a production rate of 5000 t/day. The pillar size is maintained at 10 m x 10 m. The average density of the coal is 1.5 t/m³. The mine is equipped with a longwall powered support system with a resistance of 100 kN/m. The blast powder factor is 0.5 kg/m³. Calculate the stripping ratio (SR) of the mine, given that the coal extraction ratio (CER) is 0.8 and the overburden density is 2.2 t/m³. If the mine operates for 300 days in a year, what is the total energy consumption (in Ns²/m⁸) of the powered support system, assuming a power consumption of 100 kW and an efficiency of 0.8?","SR = 3.2, Energy consumption = 2.4 x 10^7 Ns²/m⁸","SR = 2.5, Energy consumption = 1.9 x 10^7 Ns²/m⁸","SR = 3.5, Energy consumption = 2.1 x 10^7 Ns²/m⁸","SR = 2.8, Energy consumption = 1.6 x 10^7 Ns²/m⁸",1
926,Surface & Underground Mining Methods,Bord and Pillar depillaring,14,"A bord and pillar mine with a block size of 20 m x 20 m x 10 m is being depillared using a continuous miner. The pillar extraction ratio is 0.6 and the rock mass strength is 10 MPa. If the specific energy consumption is 1.2 kJ/kg and the density of the rock is 2.5 t/m³, calculate the power required to extract the block. Assume a production rate of 100 t/h. Also, calculate the stripping ratio if the overburden density is 1.8 t/m³ and the coal seam thickness is 2 m.",120 kW,150 kW,180 kW,200 kW,2
927,Surface & Underground Mining Methods,Bord and Pillar depillaring,14,"A bord and pillar mine is being operated with a pillar extraction ratio of 0.25. The average pillar strength is 3.5 MPa and the average overburden pressure is 2.8 MPa. The mine is extracting 1000 tons of coal per day. If the powder factor for blasting is 0.4 kg/m³ and the coal has a specific gravity of 1.4, calculate the stripping ratio and the total power consumption of the mine's ventilation system, assuming a fan power of 1.2 kW/m³/s.","Stripping ratio = 2.5, Power consumption = 240 kW","Stripping ratio = 2.2, Power consumption = 220 kW","Stripping ratio = 2.8, Power consumption = 260 kW","Stripping ratio = 3.0, Power consumption = 280 kW",1
928,Surface & Underground Mining Methods,Bord and Pillar depillaring,14,"A bord and pillar mine with a coal seam thickness of 2.5 m and a pillar width of 4.2 m is being operated. The average density of the coal is 1.35 t/m³ and the average strength of the coal is 3.5 MPa. The mine is extracting 4500 t/h of coal. If the powder factor for blasting is 0.25 kg/t and the specific energy of the explosive is 800 J/kg, determine the stripping ratio (SR) for the mine, assuming a mining cost of $2.5 million per year and a market value of the coal at $1.2 million per year. If the mine operates for 365 days a year, calculate the resistance to movement of the longwall powered support system, given that the system is designed to withstand a maximum pressure of 5 MPa. The resistance to movement can be calculated using the formula: R = (F × t) / A, where F is the force exerted by the pressure, t is the time of operation, and A is the area of the support system. Assume the area of the support system is 100 m².","SR = 2.1, R = 3.2 × 10^6 Ns²/m⁸","SR = 2.5, R = 2.5 × 10^6 Ns²/m⁸","SR = 1.9, R = 4.1 × 10^6 Ns²/m⁸","SR = 2.8, R = 2.1 × 10^6 Ns²/m⁸",2
929,Surface & Underground Mining Methods,Bord and Pillar depillaring,14,"A bord and pillar mine with a block size of 20 m x 20 m x 10 m is being depillared. The average pillar strength is 2.5 MPa and the average in-situ stress is 2.0 MPa. The mine is being extracted at a rate of 0.5 m³/s. If the powder factor for the blast is 0.5 kg/m³ and the energy required to break the rock is 30 Ns²/m⁸, calculate the stripping ratio and the resistance offered by the powered support in the longwall. Assume the density of the rock is 2.5 t/m³.","Stripping ratio = 2.5, Resistance offered by powered support = 150 kN","Stripping ratio = 2.0, Resistance offered by powered support = 120 kN","Stripping ratio = 3.0, Resistance offered by powered support = 180 kN","Stripping ratio = 2.0, Resistance offered by powered support = 150 kN",2
930,Surface & Underground Mining Methods,Bord and Pillar depillaring,14,"A bord and pillar mine with a working height of 4.5 m, pillar width of 3.2 m, and a spacing of 6.5 m is being depillared with a 45° retreat gateroad. The rock mass has a uniaxial compressive strength of 120 MPa and a tensile strength of 10 MPa. The powder factor for the depillaring blast is 0.6 kg/m³. The stripping ratio is 3.2. The longwall powered support resistance is 250 kN/m. If the mine produces 100,000 tonnes of coal per day, what is the total energy required for depillaring (in Ns²/m⁸) per day, considering the rock mass properties and the given parameters?",1.2 x 10^6 Ns²/m⁸,1.5 x 10^6 Ns²/m⁸,1.8 x 10^6 Ns²/m⁸,2.1 x 10^6 Ns²/m⁸,2
931,Surface & Underground Mining Methods,Bord and Pillar depillaring,14,"A bord and pillar mine with a dip of 20° is being depillared using a mechanical shear. The pillar dimensions are 6 m x 6 m x 8 m. The in-situ stress at a depth of 300 m is 2.5 MPa in the horizontal direction and 2.0 MPa in the vertical direction. The shear strength of the rock is 1.5 MPa. If the mine is operating at a production rate of 1000 m³/s, what is the minimum pillar size required to prevent rockburst, considering a stripping ratio of 3:1 and a blast powder factor of 0.6 kg/m³? Assuming a longwall powered support resistance of 50 kN/m, calculate the percentage of energy required for depillaring in the total energy expenditure.","Pillar size = 4 m x 4 m x 6 m, Energy required for depillaring = 25% of total energy expenditure","Pillar size = 6 m x 6 m x 8 m, Energy required for depillaring = 30% of total energy expenditure","Pillar size = 8 m x 8 m x 10 m, Energy required for depillaring = 35% of total energy expenditure","Pillar size = 10 m x 10 m x 12 m, Energy required for depillaring = 40% of total energy expenditure",2
932,Surface & Underground Mining Methods,Bord and Pillar depillaring,14,"A bord and pillar mine with a dip of 20° is being operated with a pillar extraction ratio of 0.8. The average pillar size is 5 m x 5 m x 10 m. The in-situ stress at the mine is 5 MPa in the horizontal direction and 3 MPa in the vertical direction. The coal density is 1.4 t/m³. The mine is currently extracting 1000 t/h of coal. If the stripping ratio is 3.5, calculate the total power required for depillaring the pillars using a shearer with a power factor of 0.75. Assume the shearer is operating at 80% efficiency. The coal price is ₹ 2500/t. The cost of electricity is ₹ 0.15/kWh.",The total power required is 450 kW,The total power required is 550 kW,The total power required is 650 kW,The total power required is 750 kW,2
933,Surface & Underground Mining Methods,Bord and Pillar depillaring,14,"In a bord and pillar mine, the pillar extraction is carried out using a mechanical depillaring machine. The machine has a cutting width of 2.5 m and a cutting height of 3.2 m. The average density of the coal is 1.3 t/m³. If the machine extracts 1200 m³ of coal per hour, determine the average pillar extraction rate (in m³/s) and the corresponding stripping ratio (in t/m³). The coal price is $120/t and the overburden removal cost is $10/m³. Assuming a 10% royalty on coal sales, calculate the net profit per ton of coal produced (in $/t).",$5.50/t,$6.25/t,$7.00/t,$8.75/t,2
934,Engineering Mathematics,Matrix eigenvalues,15,"A hydraulic press is used to compress a rubber cylinder. The stress-strain relationship for the rubber is given by σ = 3 × 10^5 (1 - e^(-0.2ε)), where σ is the stress in MPa and ε is the strain. If the initial diameter of the rubber cylinder is 0.5 m, the initial volume is 0.125 m³, and the pressure applied by the press is 4 MPa, determine the volume of the cylinder after 10% strain using Cayley-Hamilton theorem and then verify the result using Simpson's 1/3 rule for the given ODE dV/dt = -A × V^2, where A is a constant and V is the volume of the cylinder. Assume that the Poisson's ratio of the rubber is 0.4.",0.061 m³,0.063 m³,0.065 m³,0.067 m³,2
935,Engineering Mathematics,Matrix eigenvalues,15,"A hydraulic system is modeled by the following state-space equations: 

\begin{align*} 
\dot{x_1} &= x_2 \
\dot{x_2} &= -2x_1 - 5x_2 \
\end{align*} 

where $x_1$ and $x_2$ are the states of the system. The system matrix $A$ is given by 

\begin{bmatrix} 0 & 1 \
-2 & -5 \
\end{bmatrix} 

The characteristic equation of $A$ is given by $|A - \\	ext{\lambda I}| = 0$. Using the Cayley-Hamilton theorem, determine the expression for $A^2$ in terms of $A$ and $I$. Assume that the system is initially at rest, and a force of $10 \text{kN}$ is applied at $t = 0$. The damping coefficient of the system is $c = 2 \text{Ns/m}$. If the system is subjected to a sinusoidal input of frequency $\omega = 2 \text{rad/s}$, determine the amplitude of the steady-state response in $\text{m}^3/\text{s}$.",A^2 = -5A + 2I,A^2 = 5A + 2I,A^2 = -2A - 5I,A^2 = 2A + 5I,0
936,Engineering Mathematics,Matrix eigenvalues,15,"A hydraulic cylinder with a diameter of 0.25 m and a length of 1.5 m is subjected to a compressive load of 100 kN. The material of the cylinder has a Young's modulus of 200 GPa and a Poisson's ratio of 0.3. The cylinder is modeled as a thin-walled cylinder with a radius of 0.125 m. If the cylinder is subjected to a pressure of 5 MPa, determine the axial strain (in m/m) using the Cayley-Hamilton theorem and the eigenvalues of the stiffness matrix. Round your answer to 4 decimal places.",0.0001234,0.0002345,0.0003456,0.0005678,2
937,Engineering Mathematics,Matrix eigenvalues,15,"A hydraulic system is modeled by the following differential equation: d²y/dx² + 2y = 0, where y is the pressure head in meters and x is the distance from the origin in meters. The system is subjected to a unit impulse at x = 0. The matrix representation of the system is given by [A] = [[0, 1], [2, 0]]. The eigenvalues of [A] are λ1 = 1 and λ2 = -2. Using the Cayley-Hamilton theorem, determine the response of the system at x = 1 m, given that the initial conditions are y(0) = 0 and y'(0) = 0. Express your answer in units of kN/m².",7.00 kN/m²,10.00 kN/m²,14.00 kN/m²,21.00 kN/m²,2
938,Engineering Mathematics,Matrix eigenvalues,15,"A hydraulic cylinder with a diameter of 0.2 m and a length of 1.5 m is subjected to an axial load of 50 kN. The material has a Young's modulus of 200 GPa and a Poisson's ratio of 0.3. If the cylinder is subjected to a pressure of 10 MPa, determine the eigenvalues of the stress tensor using the Cayley-Hamilton theorem. Assuming a linear elastic response, use Simpson's 1/3 rule to approximate the volume flow rate through the cylinder, which is connected to a reservoir with a pressure of 5 MPa. If the flow rate is 0.05 m³/s, use the Poisson distribution to find the probability that the flow rate will exceed 0.06 m³/s. Given that the flow rate is a function of time, use a second-order ODE to model the flow rate, with initial conditions of Q(0) = 0.05 m³/s and dQ/dt(0) = 0.01 m³/s.",The eigenvalues of the stress tensor are λ1 = 20 MPa and λ2 = 30 MPa.,The eigenvalues of the stress tensor are λ1 = 30 MPa and λ2 = 20 MPa.,The eigenvalues of the stress tensor are λ1 = 40 MPa and λ2 = 10 MPa.,The eigenvalues of the stress tensor are λ1 = 10 MPa and λ2 = 40 MPa.,2
939,Engineering Mathematics,Matrix eigenvalues,15,"A rectangular channel of width 10 m and depth 2 m carries water at a flow rate of 100 m³/s. The water is flowing with a velocity of 2 m/s. Determine the magnitude of the eigenvalues of the coefficient matrix of the system of differential equations governing the flow of water in the channel, if the boundary conditions are such that the flow rate at the inlet is 100 m³/s and at the outlet is 120 m³/s. The density of water is 1000 kg/m³ and the acceleration due to gravity is 9.81 m/s². Take the viscosity of water as 0.001 Ns/m².",1.23,2.45,3.67,4.89,2
940,Engineering Mathematics,Matrix eigenvalues,15,"A hydraulic system is modeled using the following state-space representation: 

 \begin{bmatrix} \dot{x_1} \\ \dot{x_2} \end{bmatrix} = \begin{bmatrix} 2 & 1 \\ -1 & 3 \end{bmatrix} \begin{bmatrix} x_1 \\ x_2 \end{bmatrix} + \begin{bmatrix} 0 \\ 1 \end{bmatrix} u(t) 

 The system has an eigenvalue λ1 = 4. Applying the Cayley-Hamilton theorem, the state transition matrix φ(t) for the system is given by: 

 φ(t) = e^(A*t) = \begin{bmatrix} e^(2t) & e^(3t) \\ -e^(2t) & e^(4t) \end{bmatrix} 

 If the system is initially at state \begin{bmatrix} 2 \\ -1 \end{bmatrix}, and a unit step input u(t) = 1 is applied at t = 0, the state of the system at t = 1s is given by: 

 \begin{bmatrix} x_1(1) \\ x_2(1) \end{bmatrix} = φ(1) * \begin{bmatrix} 2 \\ -1 \end{bmatrix} + \int_{0}^{1} φ(1-τ) * \begin{bmatrix} 0 \\ 1 \end{bmatrix} dτ 

 If the system's state at t = 1s is \begin{bmatrix} 5.52 \\ -2.32 \end{bmatrix}, then the value of the system's parameter 'c' in the state-space representation is:",Option A: c = 1.5,Option B: c = 2.0,Option C: c = 2.5,Option D: c = 3.0,2
941,Engineering Mathematics,Matrix eigenvalues,15,"A hydraulic system is modeled by the following matrix equation: [dA/dt, dV/dt] = [0.5, 2; 1, 0.8] [A, V]^T, where A is the pressure (in MPa) and V is the flow rate (in m³/s). If the initial conditions are A(0) = 10 MPa and V(0) = 5 m³/s, and the eigenvalues of the coefficient matrix are λ1 = 1.2 and λ2 = 0.6, then the value of A(t) at t = 2 seconds, using the Cayley-Hamilton theorem, is closest to:",12.3 MPa,13.5 MPa,14.7 MPa,15.9 MPa,2
942,Engineering Mathematics,Matrix eigenvalues,15,"A hydraulic system is modeled by the following second-order differential equation: d^2x/dt^2 + 2αdx/dt + βx = F(t), where x is the displacement of the piston, α and β are system parameters, and F(t) is the external force. If the system is subjected to a sinusoidal force F(t) = F0cos(ωt), and the eigenvalues of the system are λ1 = -1 + j2 and λ2 = -1 - j2, determine the steady-state response of the system using the Cayley-Hamilton theorem. Given: α = 0.5 Ns/m, β = 2 Ns^2/m^2, F0 = 10 kN, ω = 2π rad/s. Express your answer in the form x(t) = x0cos(ωt + φ), where x0 is the amplitude and φ is the phase angle.",x(t) = 0.5cos(ωt + 2.1),x(t) = 1.2cos(ωt + 1.8),x(t) = 0.8cos(ωt + 1.5),x(t) = 1.5cos(ωt + 2.5),2
943,Engineering Mathematics,Matrix eigenvalues,15,"A hydraulic cylinder with a diameter of 0.2 m and a length of 1.5 m is used in a mining application. The cylinder is subjected to a pressure of 10 MPa. If the cylinder's material is assumed to be linearly elastic, and its Young's modulus is 200 GPa, determine the maximum stress in the cylinder using the Cayley-Hamilton theorem. Assume that the cylinder's stress distribution is uniform. Also, if the cylinder's diameter is increased to 0.25 m, calculate the new maximum stress using Simpson's 1/3 rule for numerical integration. Given that the Poisson's ratio of the material is 0.3, calculate the volumetric strain of the cylinder.","σmax = 20.8 MPa, εv = 0.0064","σmax = 21.2 MPa, εv = 0.0062","σmax = 20.4 MPa, εv = 0.0066","σmax = 21.6 MPa, εv = 0.0061",1
944,Engineering Mathematics,Matrix eigenvalues,15,"A hydraulic cylinder has a diameter of 0.2 m and a length of 1.2 m. The fluid flowing through it has a density of 1000 kg/m³ and a viscosity of 0.001 Ns/m². If the fluid flow rate is 0.05 m³/s, determine the pressure drop (in kPa) across the cylinder using the following matrix representation of the fluid flow equations: [2 1; 1 2] where the eigenvalues are λ1 = 3 and λ2 = 1. Also, use Simpson's 1/3 rule to approximate the value of the integral ∫[0,1] (x^2 + 1) dx.",15.625 kPa,16.875 kPa,17.5 kPa,18.125 kPa,2
945,Engineering Mathematics,Matrix eigenvalues,15,"A hydraulic system is modeled by the matrix equation [A] {x} = {b}, where [A] = [[2, 1], [4, 3]] and {b} = [6, 8]T. If the eigenvalues of [A] are λ1 = 2 and λ2 = 4, apply the Cayley-Hamilton theorem to find the solution {x} in the time interval 0 ≤ t ≤ 2 s. Given that the initial conditions are {x}(0) = [0, 0]T, calculate the flow rate (m³/s) and the pressure (kPa) at t = 1 s. Assume the system is initially at rest.","Flow rate = 1.5 m³/s, Pressure = 250 kPa","Flow rate = 1.2 m³/s, Pressure = 200 kPa","Flow rate = 2.0 m³/s, Pressure = 300 kPa","Flow rate = 1.8 m³/s, Pressure = 220 kPa",2
946,General Aptitude & Reasoning,Logical deduction,15,"A cylindrical tank with a height of 10 m and a radius of 4 m is filled with water at a rate of 0.5 m³/s. If the density of water is 1000 kg/m³ and the tank is initially empty, calculate the time taken for the water level to rise by 2.5 m, considering the volume of the tank to be 50% filled at the time of measurement. What is the percentage increase in the water level in the tank after 10 minutes?",The time taken is 6 minutes and the percentage increase is 12.5%,The time taken is 8 minutes and the percentage increase is 10%,The time taken is 10 minutes and the percentage increase is 15%,The time taken is 12 minutes and the percentage increase is 20%,2
947,General Aptitude & Reasoning,Logical deduction,15,"A water tank has a capacity of 1000 m³. Water is pumped into the tank at a rate of 2 m³/s. A pump is installed at a height of 50 m above the water surface. The pump's power consumption is 20 kW. If the water level rises by 10 m in 30 minutes, calculate the percentage increase in the water level in the next 45 minutes.",12%,15%,18%,20%,2
948,General Aptitude & Reasoning,Logical deduction,15,"A 100 m long conveyor belt is used to transport coal at a speed of 1.5 m/s. If the coal is fed at a rate of 10 kg/s, and the density of coal is 800 kg/m³, calculate the power required to transport the coal, given that the coal is being transported over a height of 20 m. Assume the acceleration due to gravity to be 9.81 m/s². Express your answer in kW.",125 kW,150 kW,175 kW,200 kW,1
949,General Aptitude & Reasoning,Logical deduction,15,"A conveyor belt transports sand at a rate of 2.5 m³/s. If the sand is to be filled into a rectangular hopper with a length of 5 m, a width of 3 m, and a height of 2 m, what is the time taken (in seconds) to fill the hopper to a height of 1.5 m? Assume the density of sand is 1600 kg/m³ and neglect any losses due to friction. The acceleration due to gravity is 9.81 m/s².",10.8 s,12.4 s,14.1 s,16.5 s,2
950,General Aptitude & Reasoning,Logical deduction,15,"A pipeline of length 1200 m and diameter 1.2 m is laid at an angle of 20° to the horizontal. The flow rate of water through the pipeline is 0.05 m³/s. If the average velocity of water is 2.5 m/s, determine the pressure drop (in kPa) across a 300 m long section of the pipeline. Assume the density of water as 1000 kg/m³ and the viscosity as 0.001 Ns/m².",15.6 kPa,18.2 kPa,20.5 kPa,22.8 kPa,2
951,General Aptitude & Reasoning,Logical deduction,15,"A pump is discharging water from a reservoir through a 10 cm diameter pipe at a rate of 0.05 m³/s. The water is flowing at a velocity of 2.5 m/s. If the density of water is 1000 kg/m³, and the acceleration due to gravity is 9.81 m/s², calculate the power (in kW) required to pump the water to a height of 50 m above the reservoir. Assume the pipe is horizontal.",12.5 kW,25 kW,37.5 kW,50 kW,2
952,General Aptitude & Reasoning,Logical deduction,15,"A water pipeline of 100 m length and 0.5 m diameter is to be laid at a depth of 2.5 m below the ground surface. If the pipeline is made of steel with a density of 7850 kg/m³ and the flow rate is 0.05 m³/s, calculate the power required to pump water through the pipeline, given that the head loss due to friction is 25 m and the efficiency of the pump is 80%. The pressure at the inlet is 200 kPa. The acceleration due to gravity is 9.81 m/s².",15.68 kW,18.25 kW,21.45 kW,24.12 kW,2
953,General Aptitude & Reasoning,Logical deduction,15,"A rectangular tank of dimensions 2 m × 3 m × 4 m is filled with water at a rate of 0.5 m³/s. The water is pumped out of the tank through a small orifice of diameter 0.1 m at the bottom. Assuming the orifice is a small opening, the velocity of water flowing out of the orifice can be approximated to be the same as the average velocity of water in the tank. If the density of water is 1000 kg/m³, calculate the pressure head (in kPa) at the orifice.",10.2 kPa,12.5 kPa,15.1 kPa,18.2 kPa,2
954,General Aptitude & Reasoning,Logical deduction,15,"A cylindrical tank with a diameter of 4 m and a height of 3 m is filled with water at a rate of 0.5 m³/s. If the water level in the tank is raised to 2.5 m, what is the increase in the pressure at the bottom of the tank in MPa?",0.5 MPa,1.5 MPa,2.5 MPa,3.5 MPa,2
955,General Aptitude & Reasoning,Logical deduction,15,"A water pipeline of diameter 0.8 m and length 120 m is filled with water at a rate of 0.2 m³/s. If the water is flowing at a velocity of 2.5 m/s, calculate the pressure head (in kPa) at a point 80 m from the inlet of the pipeline. Assume the density of water to be 1000 kg/m³ and the acceleration due to gravity to be 9.81 m/s². The Darcy-Weisbach friction factor (f) for the pipeline is given by f = 0.019 + 0.12/Re.",15.6 kPa,18.2 kPa,21.1 kPa,24.5 kPa,2
956,General Aptitude & Reasoning,Logical deduction,15,"A water pump is installed at a depth of 50 m below the ground surface. It pumps out water at a rate of 0.2 m³/s. If the density of water is 1000 kg/m³ and the acceleration due to gravity is 9.81 m/s², calculate the power consumed by the pump in kW. Assume the pump operates at 80% efficiency.",44.8 kW,53.1 kW,62.4 kW,71.9 kW,2
957,Geomechanics & Ground Control,Mohr-Coulomb failure,15,"A rectangular coal pillar of dimensions 6 m x 8 m x 10 m is excavated in a coal seam with a uniaxial compressive strength of 25 MPa. The major and minor principal stresses at the pillar center are 10 MPa and 5 MPa, respectively. If a rock bolt is installed with an inclination angle of 30° to the horizontal, and has an ultimate tensile capacity of 200 kN, determine the factor of safety against Mohr-Coulomb failure. Given that the angle of internal friction is 30° and the cohesion is 0.5 MPa. Also, consider the effect of tributary area pillar stress and assume a unit weight of rock as 25 kN/m³. Assume the rock mass rating (RMR) as 55 and use the Q-system to estimate the rock mass quality (Q).",FS = 1.5,FS = 1.8,FS = 2.2,FS = 2.5,2
958,Geomechanics & Ground Control,Mohr-Coulomb failure,15,"A coal mine has a rectangular tunnel of dimensions 5 m x 3 m. The rock mass has a Bieniawski RMR of 60. The uniaxial compressive strength of the rock is 120 MPa. The angle of internal friction (φ) is 30° and the cohesion (c) is 2 MPa. A rock bolt is installed with an inclination of 30° to the horizontal. The tributary area of the pillar is 10 m². The rock bolt has a yield strength of 500 kN. Determine the safe load (W) that can be applied to the rock bolt, considering the Mohr-Coulomb failure criterion and the effect of the rock mass rating on the rock bolt capacity.",W = 350 kN,W = 400 kN,W = 450 kN,W = 500 kN,2
959,Geomechanics & Ground Control,Mohr-Coulomb failure,15,"A coal mine is excavating a 10 m high and 20 m wide room-and-pillar mine. The rock mass is classified as RMR = 40. A 5 m x 5 m square pillar is left in place to support the roof. The uniaxial compressive strength of the rock is 120 MPa. The angle of internal friction (φ) is 30° and cohesion (c) is 2 MPa. The bulk density of the rock is 2.7 t/m³. The rock bolt is 2.5 m long and has a diameter of 25 mm. The bolt has a yield strength of 1500 MPa and an ultimate tensile strength of 2000 MPa. The tributary area of the pillar is 40 m². The rock mass is subjected to a horizontal stress of 10 MPa. Calculate the pillar stress (σ) and the rock bolt capacity (T) in kN. If the pillar stress is less than 50% of the rock bolt capacity, what is the factor of safety (FS)?","Pillar stress (σ) = 1.2 kN/m², Rock bolt capacity (T) = 2.5 kN, Factor of Safety (FS) = 1.25","Pillar stress (σ) = 1.5 kN/m², Rock bolt capacity (T) = 2.2 kN, Factor of Safety (FS) = 1.18","Pillar stress (σ) = 1.8 kN/m², Rock bolt capacity (T) = 2.1 kN, Factor of Safety (FS) = 1.05","Pillar stress (σ) = 2.0 kN/m², Rock bolt capacity (T) = 1.9 kN, Factor of Safety (FS) = 0.95",1
960,Geomechanics & Ground Control,Mohr-Coulomb failure,15,"A rock mass with a uniaxial compressive strength of 100 MPa and a density of 2.8 g/cm³ is subjected to a major principal stress of 60 MPa. The angle of internal friction (φ) and the cohesion (c) of the rock mass are 30° and 2 MPa, respectively. Assuming a rock mass rating (RMR) of 55, determine the factor of safety against Mohr-Coulomb failure using the Q-system. Also, calculate the tributary area pillar stress (σ) in the rock mass if the pillar diameter is 2 m and the pillar height is 10 m. Take the rock bolt capacity as 100 kN. Given that the rock mass is under plane strain conditions, calculate the total energy dissipated (E) in the rock mass per unit volume per unit time.","Factor of safety = 1.2, Tributary area pillar stress (σ) = 2.5 MPa, Total energy dissipated (E) = 1.8 × 10⁻⁶ Ns²/m⁸","Factor of safety = 1.5, Tributary area pillar stress (σ) = 3.2 MPa, Total energy dissipated (E) = 2.5 × 10⁻⁶ Ns²/m⁸","Factor of safety = 1.8, Tributary area pillar stress (σ) = 4.0 MPa, Total energy dissipated (E) = 3.2 × 10⁻⁶ Ns²/m⁸","Factor of safety = 2.0, Tributary area pillar stress (σ) = 4.5 MPa, Total energy dissipated (E) = 4.0 × 10⁻⁶ Ns²/m⁸",2
961,Geomechanics & Ground Control,Mohr-Coulomb failure,15,"A circular tunnel of 3 m diameter is excavated in a rock mass with the following properties: σv = 20 MPa, φ = 35°, E = 10 GPa, ν = 0.25. The rock mass is reinforced with rock bolts of 2.5 m length and 20 mm diameter, spaced at 1.5 m x 1.5 m. Determine the required rock bolt capacity (in kN) to prevent failure along the tunnel boundary, considering a tributary area pillar stress of 0.5 MPa.",20.5 kN,25.6 kN,31.3 kN,37.8 kN,2
962,"Mine Planning, Geostatistics & Economics",Net Present Value,15,"A mining project requires an initial investment of ₹ 1.2 crores. The project is expected to generate a revenue of ₹ 2.5 lakhs per month for 5 years, with an annual increase in revenue of 8%. The operating costs are estimated to be ₹ 1.8 lakhs per month. The project's net present value (NPV) is to be calculated using a discount rate of 12% per annum. The spherical semivariogram model for the ore grade is given by: γ(h) = C0 * (3/4) * (1 - (h/a)^2) for h ≤ a, and γ(h) = C0 for h > a, where C0 = 10 Ns²/m⁸ and a = 50 m. The Ordinary Kriging estimation variance is 2.5 m². Calculate the NPV of the project and determine the internal rate of return (IRR) if the project's NPV is ₹ 0.75 crores.",₹ 1.32 crores,₹ 1.42 crores,₹ 1.52 crores,₹ 1.62 crores,1
963,"Mine Planning, Geostatistics & Economics",Mine Planning,15,"A coal mine is being developed with an initial investment of ₹ 1,500,000. The mine is expected to produce 5,000,000 tonnes of coal over a period of 10 years. The average grade of coal is 3.5% ash. The price of coal is ₹ 2,000 per tonne. The operating cost is ₹ 1,500 per tonne. The annual discount rate is 8%. The spherical semivariogram model for the coal grade is given by: γ(h) = 0.5 + 0.3 |h| - 0.1|h|^2, with a sill of 1.2 and nugget effect of 0.5. The Ordinary Kriging estimation variance is 0.02. Calculate the Net Present Value (NPV) of the mine, considering the internal rate of return (IRR) to be 12%.","₹ 1,234,567","₹ 1,567,890","₹ 1,890,123","₹ 2,345,678",2
964,"Mine Planning, Geostatistics & Economics",Economic Evaluation of Mining Projects,15,"A mining project has the following parameters: Initial Investment (I) = ₹ 100 million, Annual Operating Cost (AOC) = ₹ 20 million, Annual Revenue (AR) = ₹ 40 million, Discount Rate (r) = 10% per annum. The project is expected to operate for 10 years. If the project's Internal Rate of Return (IRR) is 12%, calculate the Net Present Value (NPV) of the project in ₹ million. Also, estimate the Ordinary Kriging estimation variance for a spherical semivariogram model with a nugget effect of 0.5 MPa² and a sill of 2 MPa². Assume a lag of 10 m and a search neighborhood radius of 50 m. The rock mass has a bulk density of 2.5 g/cm³.","NPV = ₹ 150 million, OK estimation variance = 0.25 MPa²","NPV = ₹ 175 million, OK estimation variance = 0.30 MPa²","NPV = ₹ 200 million, OK estimation variance = 0.35 MPa²","NPV = ₹ 225 million, OK estimation variance = 0.40 MPa²",2
965,"Mine Planning, Geostatistics & Economics",Mine Planning,15,"A mine is being planned to extract 500,000 tonnes of coal. The mine is expected to operate for 10 years. The initial investment required is ₹ 5,000,000. The annual operating cost is ₹ 2,000,000. The annual revenue from coal sales is ₹ 15,000,000. The semivariogram model for coal grade is given by: γ(h) = 0.5 + 0.3 * (h/100)^(1/2) * (1 - exp(-h/100)). The spherical semivariogram sill is 1.5 and nugget effect is 0.2. The Ordinary Kriging estimation variance is 0.05. Calculate the Net Present Value (NPV) of the mine, considering a discount rate of 10%.","₹ 3,275,000","₹ 3,525,000","₹ 3,875,000","₹ 4,225,000",2
966,"Mine Planning, Geostatistics & Economics",Mine Planning,15,"A mining company is planning to extract a coal seam with an initial reserve of 5 million tonnes. The mining cost is estimated to be $120 per tonne, and the selling price is expected to be $150 per tonne. The annual discount rate is 8%. If the mine has a life of 10 years, what is the Net Present Value (NPV) of the project, considering a spherical semivariogram model with a sill of 100 Ns²/m⁸ and a nugget effect of 20 Ns²/m⁸? Ordinary Kriging estimation variance is 10% of the sill.","$1,250,000","$1,500,000","$1,750,000","$2,000,000",2
967,"Mine Planning, Geostatistics & Economics",Net Present Value,15,"A mining company is planning to extract 100,000 tonnes of coal from a deposit with an estimated grade of 1.2% sulfur. The extraction cost is estimated to be $120/tonne. The selling price of the coal is $150/tonne. The annual discount rate is 8%. The mine life is 10 years. The initial investment required for the mine is $1.5 million. The company expects to generate revenue of $10,000 per year from the sale of coal. The semivariogram model for the sulfur content is a spherical model with a sill of 0.09 and a nugget effect of 0.01. The Ordinary Kriging estimation variance for the sulfur content is 0.001. Calculate the Net Present Value (NPV) of the mine, considering the semivariogram model and the estimation variance. Assume the annual inflation rate is 2%.","$3,212,109","$2,901,219","$3,612,109","$2,701,219",0
968,"Mine Planning, Geostatistics & Economics",Mine Planning,15,"A coal mine has an estimated reserve of 1.2 million tonnes with an average grade of 2.5% ash content. The current market price of coal is ₹ 2200 per tonne, and the extraction cost is ₹ 1700 per tonne. The annual discount rate is 8% and the mine life is 10 years. The spherical semivariogram model for the ash content is given by: γ(h) = 0.05 + 0.0003h², with a sill of 0.15 and a nugget effect of 0.02. The Ordinary Kriging estimation variance is 0.03. If the mine is to be developed, what is the Net Present Value (NPV) of the mine?","₹ 2,01,60,000","₹ 2,34,90,000","₹ 2,67,20,000","₹ 3,00,00,000",2
969,"Mine Planning, Geostatistics & Economics",Mine Planning,15,A coal mine is planned to extract 1.2 million tonnes of coal over a period of 10 years. The present worth factor for a 10% discount rate is 0.9091. The cost of extraction per tonne is Rs. 450. The semivariogram model for the coal grade is given by: γ(h) = 1.2 + 0.8|h| + 0.1|h|^2. The spherical semivariogram sill is 6.0 and the nugget effect is 1.5. The Ordinary Kriging estimation variance is 0.25. Calculate the Net Present Value (NPV) of the coal extraction project. The inflation rate is 5% per annum.,"Rs. 5,40,000","Rs. 5,60,000","Rs. 5,80,000","Rs. 6,00,000",2
970,Mine Surveying & Geomatics,Bowditch rule traverse closing error,15,"A traverse is closed using the Bowditch rule with the following data: 

α1 = 50°30' E, δ1 = 2.5 m, α2 = 25°40' W, δ2 = 3.2 m, α3 = 10°20' N, δ3 = 1.8 m, α4 = 35°50' S, δ4 = 2.1 m. The traverse is closed with an error of 1.45 m. If the leveling sensitivity is 0.05 m/radian and the EDM instrument has a correction factor of 1.02, calculate the total error in the traverse closure using the Bowditch rule, considering the leveling sensitivity and EDM corrections.",4.27 m,4.32 m,4.38 m,4.42 m,2
971,Mine Surveying & Geomatics,Bowditch rule traverse closing error,15,"A mine survey traverse consists of 10 stations with a total length of 5000 m. The traverse is closed using the Bowditch rule. The error in closing the traverse is 1.2 m. If the leveling sensitivity is 1:10,000 and the EDM corrections are applied, the missing line computation is performed using the formula: ΔL = (L × (E + F)) / (1 + (E × F) / (2 × 10^(-5))). Where L is the length of the missing line, E is the error in closing the traverse, and F is the leveling sensitivity. The EDM corrections are given as: ΔX = 0.5 m, ΔY = 0.8 m, and ΔZ = 0.2 m. If the length of the missing line is 1200 m, calculate the error in the missing line computation.",0.0012 m,0.0024 m,0.0036 m,0.0048 m,2
972,Mine Surveying & Geomatics,Bowditch rule traverse closing error,15,"A mine survey traverse consists of 8 stations with the following coordinates (in meters): 

Station 1: E = 123.456, N = 789.012 
Station 2: E = 125.678, N = 790.345 
... 
Station 8: E = 128.901, N = 792.654. The traverse is closed using the Bowditch rule. If the closing error is 0.123 m in the east direction and 0.234 m in the north direction, determine the correction to be applied to the EDM measurements between stations 1 and 8. The EDM instrument has a sensitivity of 1.0 mm/m and a constant of 2.5 m. The angle of measurement between stations 1 and 8 is 60°. Assume a temperature of 25°C and an air pressure of 101.325 kPa. The refraction correction is given by the formula: Δ = 0.057 × (P - 101.325) / (273 + T) × tan(θ/2) 

where Δ is the refraction correction in meters, P is the air pressure in kPa, T is the temperature in °C, and θ is the angle of measurement in degrees. 

Given: 

Station 1 to 2: EDM measurement = 50.0 m, Station 2 to 3: EDM measurement = 55.0 m, ..., Station 7 to 8: EDM measurement = 60.0 m. 

Determine the correction to be applied to the EDM measurement between stations 1 and 8.",1.234 m in the east direction and 2.345 m in the north direction,0.123 m in the east direction and 0.234 m in the north direction,0.987 m in the east direction and 1.234 m in the north direction,2.345 m in the east direction and 3.456 m in the north direction,1
973,Mine Surveying & Geomatics,Bowditch rule traverse closing error,15,"A mine survey traverse consists of 5 stations with the following coordinates: 

Station 1: E = 1000.0 m, N = 2000.0 m 
Station 2: E = 1023.4 m, N = 2011.1 m 
Station 3: E = 1050.2 m, N = 2023.5 m 
Station 4: E = 1071.9 m, N = 2031.2 m 
Station 5: E = 1090.0 m, N = 2035.0 m 

Using the Bowditch rule, compute the closing error in the traverse. If the leveling sensitivity is 0.05 m, what is the probable error in the closing error due to leveling?","The closing error is 0.12 m, and the probable error in the closing error due to leveling is 0.0025 m","The closing error is 0.15 m, and the probable error in the closing error due to leveling is 0.003 m","The closing error is 0.18 m, and the probable error in the closing error due to leveling is 0.004 m","The closing error is 0.21 m, and the probable error in the closing error due to leveling is 0.005 m",2
974,Mine Surveying & Geomatics,Bowditch rule traverse closing error,15,"A mine survey traverse consists of 10 stations. The following are the observed coordinates of the traverse stations: 

| Station | Easting (m) | Northing (m) |
| --- | --- | --- |
| 1     | 12345.67   | 67890.12   |
| 2     | 12346.78   | 67891.23   |
| ...   | ...        | ...        |
| 10    | 12356.90   | 67901.34   |

The traverse is closed using Bowditch's rule with a closing error of 1.2 m in the easting direction and 1.5 m in the northing direction. If the leveling sensitivity is 0.1 mm/N and the EDM instrument has a correction of 0.05 m for every 1°C change in temperature, what is the missing line computation error in the easting direction, considering a temperature difference of 5°C between the first and last stations?",0.012 kN,0.015 kN,0.020 kN,0.025 kN,2
975,Mine Surveying & Geomatics,Bowditch rule traverse closing error,15,"A mine survey traverse consists of 12 stations with a total length of 1200 m. The traverse is closed using the Bowditch rule. If the closing error is 0.5 m, and the EDM instrument has a systematic error of 1.2 mm, and the leveling sensitivity is 1:10,000, what is the total error in the traverse, assuming the traverse is leveled to a benchmark with a known elevation of 250.125 m, and the EDM corrections are applied using a temperature of 25°C and atmospheric pressure of 101.3 kPa?",0.5 m,0.55 m,0.6 m,0.65 m,2
976,Mine Surveying & Geomatics,Bowditch rule traverse closing error,15,"A mine survey traverse consists of 10 stations with 12 angles and 11 sides. The traverse is closed by applying the Bowditch rule. If the closing error in the traverse is 3.72 mm and the average distance of the sides is 250 m, calculate the sensitivity of the traverse (in Ns²/m⁸) and also determine the correction to be applied to the EDM instrument, given that the EDM instrument has a correction factor of 2.5 × 10⁻⁵ per meter.","Sensitivity = 2.35 × 10⁻⁶ Ns²/m⁸, EDM correction = 6.25 mm","Sensitivity = 3.72 × 10⁻⁶ Ns²/m⁸, EDM correction = 7.5 mm","Sensitivity = 4.92 × 10⁻⁶ Ns²/m⁸, EDM correction = 9.375 mm","Sensitivity = 5.88 × 10⁻⁶ Ns²/m⁸, EDM correction = 11.25 mm",2
977,Mine Surveying & Geomatics,Bowditch rule traverse closing error,15,"A traverse is measured using a total station, with the following data: 

Station 1 to 2: 50.25 m, Azimuth: 287°50'30"" 
Station 2 to 3: 62.15 m, Azimuth: 74°20'15"" 
Station 3 to 4: 85.30 m, Azimuth: 335°40'10"" 

The traverse is closed using the Bowditch rule. The calculated closing error is 1.456 m. If the leveling sensitivity is 0.012 m/N and the EDM instrument has a correction factor of 1.002, what is the magnitude of the traverse closing error in meters, considering the leveling sensitivity and EDM corrections?",1.456 m,1.456 m - 0.00015 m,1.456 m + 0.00015 m,1.456 m - 0.000015 m,2
978,Mine Ventilation & Environment,Atkinson's friction law,15,"A mine ventilator with a fan characteristic curve of y = 2x^2 + 5x - 3 is installed in a mine with an airway of length 1000 m, diameter 2.5 m and a natural ventilation pressure of 0.05 MPa. The air density is 1.2 kg/m³. If the fan operates at a speed of 1000 rpm, what is the volumetric flow rate (m³/s) of air through the ventilator, if the pressure drop (ΔP) due to friction is 0.02 MPa? Assuming Atkinson's friction law is applicable, determine the correct fan power (kW) required to overcome the frictional resistance, considering the Coward flammability triangle.",15.6 kW,25.8 kW,31.4 kW,42.1 kW,2
979,Mine Ventilation & Environment,Atkinson's friction law,15,"A mine ventilation fan is installed in a 100 m long duct with a cross-sectional area of 0.5 m². The fan has a power rating of 30 kW and operates at a speed of 1200 rpm. The air flow rate through the duct is 10 m³/s. If the fan's characteristic curve is given by the equation: (ΔP) = (0.5 × ρ × v²) + (10 × ρ × v), where ρ is the air density (1.2 kg/m³) and v is the air velocity, determine the pressure drop across the fan using Atkinson's friction law. Assume the friction factor (f) is 0.02. The natural ventilation pressure in the mine is 5 kPa. If the Coward flammability triangle is applicable, at what minimum air flow rate (m³/s) will the mine be safe from explosion?",The pressure drop across the fan is 15.4 kPa and the minimum air flow rate for safe operation is 12 m³/s.,The pressure drop across the fan is 20.5 kPa and the minimum air flow rate for safe operation is 10 m³/s.,The pressure drop across the fan is 12.1 kPa and the minimum air flow rate for safe operation is 15 m³/s.,The pressure drop across the fan is 18.2 kPa and the minimum air flow rate for safe operation is 8 m³/s.,2
980,Mine Ventilation & Environment,Atkinson's friction law,15,"A mine ventilation fan operating at 1000 rpm, 150 mm water gauge pressure, and 0.8 power factor has a characteristic curve with a fan affinity law exponent of 0.8. If the fan's power consumption is 45 kW, determine the fan's efficiency (ηf) at 75% of the design flow rate (Qd = 1.2 m³/s). The fan's power factor remains constant. Assume the fan's design pressure (Pd) is 150 mm water gauge. The mine's atmospheric pressure is 101.3 kPa.",0.42,0.45,0.48,0.52,1
981,Mine Ventilation & Environment,Atkinson's friction law,15,"A mine ventilation system uses a centrifugal fan with a characteristic curve given by Q = 3.5 × N² × (ΔP)⁰⁻¹, where Q is the airflow rate in m³/s, N is the fan speed in rpm, and ΔP is the pressure difference across the fan in kPa. If the fan speed is increased by 15% and the airflow rate is measured to be 4.2 m³/s, what is the pressure difference across the fan when the Coward flammability triangle is not a limiting factor? The air density is 1.2 kg/m³ and the natural ventilation pressure is 0.5 kPa.",2.35 kPa,3.1 kPa,3.8 kPa,4.5 kPa,1
982,Mine Ventilation & Environment,Atkinson's friction law,15,"A mine ventilation system uses a centrifugal fan to supply air to a long underground tunnel. The fan's characteristic curve is given by the equation: Q = 0.5 ∗ (ΔP)^0.8, where Q is the air flow rate in m³/s and ΔP is the pressure difference across the fan in kPa. Atkinson's friction law is given by: ΔP = 2.5 ∗ (L/N)^0.5, where L is the length of the tunnel in m and N is the air flow rate in m³/s. The Coward flammability triangle indicates that the minimum oxygen concentration required for combustion is 12.5%. If the tunnel is 500 m long and the fan operates at a pressure difference of 100 kPa, what is the air flow rate supplied to the tunnel? Neglect any losses due to fittings and other accessories. Assume the air density is 1.2 kg/m³. Consider the Coward flammability triangle while answering this question.",3.54 m³/s,4.21 m³/s,5.17 m³/s,6.32 m³/s,2
983,Mine Ventilation & Environment,Atkinson's friction law,15,"A mine ventilation system uses a fan to supply fresh air to a 100 m long, 5 m diameter tunnel with a gas mixture having a density of 1.2 kg/m³. The fan has a characteristic curve given by Q = 0.5 × √(P) and the Atkinson's friction law is applicable with a value of f = 0.02. If the pressure at the fan inlet is 100 kPa, calculate the pressure at the fan outlet. Take g = 9.81 m/s².",125.6 kPa,150.2 kPa,175.8 kPa,200.4 kPa,2
984,Mine Ventilation & Environment,Atkinson's friction law,15,"A mine ventilation fan is designed to handle a flow rate of 20 m³/s at a pressure of 10 kPa. The fan's characteristic curve is given by: Q = 15 × P^0.8, where Q is the flow rate in m³/s and P is the pressure in kPa. Using Atkinson's friction law, determine the pressure drop (in kPa) across a 100 m long duct with a diameter of 1.2 m, if the air flow velocity is 5 m/s. Consider the Coward flammability triangle and assume that the air is at a temperature of 25°C and relative humidity of 60%. Also, consider the natural ventilation pressure of 1.2 kPa/m.",8.5 kPa,10.2 kPa,12.1 kPa,15.6 kPa,2
985,Mine Ventilation & Environment,Mine Ventilation & Environment,15,"A mine with a length of 500 m and a ventilation air flow rate of 2.5 m³/s is ventilated by a fan with a characteristic curve given by Q = 5.6 × (ΔP)^(0.8), where Q is the air flow rate and ΔP is the pressure drop across the fan. The Atkinson's friction law is given by f = 0.02 × (v^2 / (g × D)), where f is the friction factor, v is the air velocity, g is the acceleration due to gravity and D is the pipe diameter. If the pipe diameter is 1.2 m and the air velocity is 10 m/s, calculate the pressure drop across the fan and the air flow rate through the pipe. The Coward flammability triangle indicates that the mine gas is explosive if the oxygen concentration is greater than 12%, the gas temperature is greater than 200°C and the gas pressure is greater than 0.5 MPa. If the mine gas has an oxygen concentration of 15%, a temperature of 220°C and a pressure of 0.6 MPa, determine the maximum safe air flow rate through the pipe to avoid explosion.","Q = 2.5 m³/s, ΔP = 1.45 kPa","Q = 2.5 m³/s, ΔP = 1.85 kPa","Q = 1.5 m³/s, ΔP = 1.45 kPa","Q = 1.5 m³/s, ΔP = 1.85 kPa",1
986,Mining Machinery & Materials Handling,Koepe winder slip criteria,15,"A Koepe winder is designed to lift 1000 t/h of ore at a speed of 2.5 m/s. The winder has a drum diameter of 6 m and a drum width of 0.8 m. The wire rope has a nominal diameter of 40 mm and a breaking load of 160 kN. If the winder is operating at a speed of 2.5 m/s and the wire rope is subjected to a tension of 120 kN, determine the slip criteria for the winder. Given that the wire rope has a static factor of safety of 5, calculate the maximum permissible speed of the winder to prevent slip. Assume a friction coefficient between the wire rope and the drum of 0.2. The density of the ore is 3.5 t/m³.",v = 3.1 m/s,v = 3.5 m/s,v = 4.2 m/s,v = 4.5 m/s,2
987,Mining Machinery & Materials Handling,Koepe winder slip criteria,15,"A Koepe winder is used in a coal mine to lift a 10 m³/s stream of coal. The winder has a drum diameter of 2.5 m and a drum width of 0.8 m. The wire rope has a breaking load of 200 kN and a mass per unit length of 0.02 kg/m. The static factor of safety is 5. The winder is driven by a 400 kW motor. If the winder is operating at a speed of 10 m/s, determine the maximum safe load (in kN) that can be lifted without slipping. Consider the effect of the static factor of safety on the maximum load.",100 kN,120 kN,150 kN,180 kN,2
988,Mining Machinery & Materials Handling,Koepe winder slip criteria,15,"A Koepe winder is used to hoist 1200 t of ore per hour. The wire rope has a diameter of 80 mm and a breaking load of 150 kN. The winder's drum radius is 1.5 m. If the winder is operating at a speed of 10 m/s, and the angle of wrap is 6π/5 radians, determine the maximum permissible load (in kN) if the wire rope's static factor of safety is 5. Additionally, a belt conveyor is used to transport the ore at a speed of 4 m/s. The conveyor's power consumption is given by the formula P = (1/1000) × (T × V × 9.81) kW, where T is the total tonnage (in t) and V is the speed (in m/s). If the conveyor is transporting 600 t of ore, what is the power consumption (in kW)?",Option A: 92.3 kN,Option B: 102.5 kN,Option C: 115.6 kN,Option D: 128.7 kN,2
989,Mining Machinery & Materials Handling,Koepe winder slip criteria,15,"A Koepe winder is used to lift 1500 t/h of ore at a speed of 2.5 m/s. The wire rope has a diameter of 80 mm and is made of a steel alloy with a tensile strength of 800 MPa. The factor of safety for the wire rope is 5. Determine the maximum permissible slip of the winder, considering the static factor of safety. Assume the angle of wrap is 90° and the mass of the ore is 3.5 t/m³.",0.15 rad,0.20 rad,0.25 rad,0.30 rad,2
990,Mining Machinery & Materials Handling,Koepe winder slip criteria,15,"A Koepe winder is used to lift 1000 t/h of coal at a speed of 1.2 m/s. The wire rope has a diameter of 50 mm and a mass per unit length of 0.02 kg/m. The angle of wrap is 4π/3 and the friction coefficient between the rope and the drum is 0.2. If the static factor of safety is 3.5, calculate the maximum permissible tension in the rope. Assume the density of coal is 800 kg/m³ and the specific gravity of the rope is 7.8.",T = 1100 kN,T = 1200 kN,T = 1300 kN,T = 1400 kN,2
991,Mining Machinery & Materials Handling,Koepe winder slip criteria,15,"A Koepe winder is used in a coal mine to lift a 10 m long, 0.5 m diameter coal rope at a speed of 10 m/s. The rope is subjected to a tension of 100 kN at the winding drum and 80 kN at the free end. The rope's ultimate tensile strength is 1200 MPa. Determine the static factor of safety of the rope. If the rope's diameter is doubled, by what percentage will the power required to lift the rope increase?",The static factor of safety is 4.5 and the power required will increase by 20%,The static factor of safety is 4.5 and the power required will increase by 25%,The static factor of safety is 5.5 and the power required will increase by 30%,The static factor of safety is 5.5 and the power required will increase by 35%,2
992,Mining Machinery & Materials Handling,Koepe winder slip criteria,15,"A Koepe winder is used in a coal mine to lift 1000 t/h of coal at a speed of 2.5 m/s. The wire rope has a diameter of 80 mm and a mass per unit length of 0.02 kg/m. The rope is subjected to a tensile force of 200 kN. If the static factor of safety is 2.5, determine the maximum allowable slip velocity (in m/s) of the rope. Given: angle of wrap = 4π radians, rope efficiency = 0.98, and the coefficient of friction between the rope and the drum = 0.3. Assume the rope to be inextensible.",0.15,0.25,0.35,0.45,2
993,Mining Machinery & Materials Handling,Koepe winder slip criteria,15,"A Koepe winder is used to lift 1000 t/h of coal at a speed of 3.5 m/s. The wire rope has a diameter of 80 mm and a breaking load of 540 kN. The angle of wrap is 6. If the static factor of safety is 3, determine the maximum permissible slip (in %) of the wire rope. Assume the acceleration due to gravity as 9.81 m/s² and the density of coal as 1.4 t/m³.",2.35%,2.65%,2.85%,3.05%,1
994,Mining Machinery & Materials Handling,Koepe winder slip criteria,15,"A Koepe winder is used to hoist a 10 m long ore bucket with a mass of 2.5 kN. The wire rope has a diameter of 36 mm and a breaking load of 150 kN. The rope is subjected to a centrifugal tension of 10 kN and a static load of 20 kN. The angle of wrap on the drum is 4π/3 radians. If the maximum allowable slip is 2.5%, determine the minimum required static factor of safety of the wire rope. Assume a rope efficiency of 0.95 and neglect any frictional losses. The density of the ore is 3.5 t/m³.",1.25,1.45,1.65,1.85,2
995,Mining Machinery & Materials Handling,Koepe winder slip criteria,15,"A Koepe winder is used to hoist a 50 m long rope with a diameter of 0.05 m. The rope has a breaking load of 200 kN and a static factor of safety of 5. The winder's drum has a diameter of 1.5 m and a peripheral speed of 10 m/s. The angle of wrap is 6. If the rope slips at a speed of 0.1 m/s, calculate the torque required to maintain the desired speed. Given: density of rope material = 8000 kg/m³, modulus of elasticity = 2 x 10^5 MPa, Poisson's ratio = 0.3. Assume the rope's diameter remains constant during slip.",T = 123.45 Nm,T = 156.23 Nm,T = 189.01 Nm,T = 221.79 Nm,2
996,Mining Machinery & Materials Handling,Koepe winder slip criteria,15,"A Koepe winder is used to lift 5000 kg of ore per minute at a speed of 3 m/s. The wire rope has a diameter of 60 mm and a breaking load of 150 kN. The angle of wrap is 5 radians. If the static factor of safety is 4, calculate the maximum safe load the winder can handle without slipping. Consider the acceleration due to gravity (g) as 9.81 m/s². Assume the rope's weight is negligible.",1000 kN,1200 kN,1500 kN,1800 kN,2
997,Surface & Underground Mining Methods,Bord and Pillar depillaring,15,"A bord and pillar mine with a working height of 3.5 m and pillar width of 4.2 m is being operated at a depth of 450 m. The geostatic stress at the depth is 20 MPa. The overburden is being excavated at a rate of 0.05 m³/s. The powder factor for the blast is 0.45 kg/m³. The density of the rock is 2.8 t/m³. The energy required for depillaring is given by the equation E = 1.2 × 10^(-3) × (σ × A) + 2.5 × 10^(-3) × (Q × V), where σ is the geostatic stress, A is the pillar area, Q is the powder factor, and V is the volume of the pillar. If the depillaring of a single pillar takes 8 hours, what is the total energy required for depillaring 10 pillars in a 12-hour shift?",1.32 × 10^5 Ns²/m⁸,1.45 × 10^5 Ns²/m⁸,1.58 × 10^5 Ns²/m⁸,1.71 × 10^5 Ns²/m⁸,2
998,Surface & Underground Mining Methods,Bord and Pillar depillaring,15,A bord and pillar mine with a room width of 6.5 m and a pillar width of 4.2 m is being depillared. The in situ rock mass strength is 25 MPa. The depillaring operation is done using a continuous miner with a cutting height of 2.5 m. The coal seam has a dip angle of 20°. The stripping ratio is 3.5:1. The powder factor for the depillaring operation is 0.45 kg/m³. Determine the total power required for the continuous miner to cut through the coal seam. Assume the specific energy for cutting is 1.8 Ns²/m⁸.,1100 kW,1200 kW,1300 kW,1400 kW,2
999,Surface & Underground Mining Methods,Bord and Pillar depillaring,15,"A bord and pillar mine with a dip of 20° is being mined at a depth of 250 m. The pillar size is 4 m x 4 m x 6 m. The in-situ stress at the depth of 250 m is σh = 5.5 MPa and σv = 3.5 MPa. The uniaxial compressive strength of the rock is 120 MPa. If the pillar is to be depillared using a longwall powered support system with a resistance of 100 kN/m, what is the maximum permissible extraction ratio (ER) to avoid pillar instability? Assume a blasting powder factor of 0.6 kg/m³/s. The stripping ratio is 2.5.",0.45,0.55,0.65,0.75,1
1000,Surface & Underground Mining Methods,Bord and Pillar depillaring,15,"A bord and pillar mine with a dip of 20° is being operated in a coal seam with a thickness of 3.5 m. The pillar width is maintained at 4.2 m. The average density of the coal is 1.35 t/m³. The mine is being extracted at a rate of 1500 t/h. The powder factor for the blast is 0.45 kg/m³. The rock mass rating (RMR) is 55. Determine the stripping ratio (SR) and the total energy consumption per ton of coal extracted (in kN·m/m³). If the energy consumption is 1.2 Ns²/m⁸, what is the percentage increase in the total energy consumption if the powder factor is reduced to 0.35 kg/m³?","Stripping ratio (SR) = 2.5, Energy consumption = 1.2 Ns²/m⁸, Percentage increase = 15%","Stripping ratio (SR) = 2.5, Energy consumption = 1.2 Ns²/m⁸, Percentage increase = 20%","Stripping ratio (SR) = 2.5, Energy consumption = 1.2 Ns²/m⁸, Percentage increase = 12%","Stripping ratio (SR) = 2.5, Energy consumption = 1.2 Ns²/m⁸, Percentage increase = 18%",2
