id,subject,topic,difficulty,question,option_a,option_b,option_c,option_d,correct
1,Mining Engineering,Mine Machinery,1,In stainless steel the chromium percentage is?,10 to 15 %,18 to 20 %,25 to 30 %,less than 10%,1
2,Mining Engineering,Mine Machinery,1,The component in the winding engine house that stores the energy by speeding up during periods of light load and delievers it by slowing during the heavy load period is?,Electrical braker,Flywheel,Electrical gear,Additional winding in the system,1
3,Mining Engineering,Open Cast Mining,1,Compressive strength of coal is?,13.5 kg/sq.mm,2.25 kg/sq.mm,2.25 kg/sq.cm,13.5 kg/sq.cm,1
4,Mining Engineering,U/g Mines Ventilation,1,Each 1 % reduction in the O2 % results in about the depletion from the light is?,10 %,20 %,30 %,40 %,2
5,Mining Engineering,Mine Legislation,1,If any owner fails to submit within ...a draft of bye laws after being called upon to do so by the C.I ;the C.I may propose a draft of such bye laws as appear to him?,1 month,2 months,3 months,4 months,1
6,Mining Engineering,Mine Machinery,1,The distance between two adjacent sleepers should not exceed?,1 m,0.85 m,0.6 m,0.5 m,1
7,Mining Engineering,Open Cast Mining,1,The weight of the rocks in coal mining areas exerts a pressure nearly per metre depth from the surface is ..?,1 kg/sq.cm,0.5 kg/sq.cm,0.2 kg/sq.mm,0.2 kg/sq.cm,3
8,Mining Engineering,Mine Machinery,1,Limiting gradient for the main and tail rope haulage is?,1 in 6,1 in 8,1 in 10,1 in 3,3
9,Mining Engineering,U/g Mines Ventilation,1,The method of stoping suitable for thin ore bodies flat dip and both ore and walls are strong is?,Sublevel stoping,Top slicing,Longwall,Room and piller mining,3
10,Mining Engineering,Mine Machinery,1,The simplest system of haulage system for raising the loads?,Direct rope haulage,Endless rope haulage,Main tail rope haulage,Gravity,0
11,Mining Engineering,Mine Machinery,1,The maximum length of the rope haulage is?,1000 m,800 m,600 m,450 m,2
12,Mining Engineering,Mine Machinery,1,The limiting gradient of A.C.C without flights is?,1 in 3,1 in 1.5,1 in 2,1 in 4,0
13,Mining Engineering,Mine Machinery,1,The carbon content in the cast iron is?,3 to 4 %,0.15 %,1.8 to 5 %,5 to 6 %,2
14,Mining Engineering,U/g Mines Ventilation,1,If the quantity of air passing through airway has to be increased from 1200 cu.m/min to 2400 cu.m/min the effect of HP of fan is?,8 times,4 times,2 times,1/2 times,0
15,Mining Engineering,U/g Mines Ventilation,1,The ventilating door should open against the intake air so that?,Air leakage takes from intake to return,The air pressure normally keeps the door closed,Recirculation of foul air avoided,Regulations are compiled with,1
16,Mining Engineering,U/g Mines Ventilation,1,The rise in the pressure due to auto compression is .....per 100 m?,1.1 kpa,2 kpa,2.9 kpa,3.5 kpa,0
17,Mining Engineering,U/g Mines Ventilation,1,The minimum average lumens/sq.ft of light at roadways is?,1.5,1.25,0.4,0.9,2
18,Mining Engineering,Open Cast Mining,1,The core of earth consist of?,Manganese,Nickel and iron,Megnesium,Sulpher,1
19,Mining Engineering,Open Cast Mining,1,Diamond crytalline system is?,Isometric,monoclinic,Hexagonal,cubic system,0
20,Mining Engineering,U/g Mines Ventilation,1,M.S.A methanometer is worked on the principle of?,Formation of gas cap,Wheatstone bridge,Infraradiation,Optical properties,1
21,Mining Engineering,U/g Mines Ventilation,1,The wetbulb temparature in development faces should not exceed?,30 deg c,33.5 deg c,35 deg c,38 deg c,1
22,Mining Engineering,Mine Machinery,1,All the suspension gear should be renewed after every ..?,5 years,7 years,10 years,15 years,2
23,Mining Engineering,Mine Legislation,1,A day of rest for any person shall mean a period(weekly day of rest) of atleast....?,2 days,24 consecutive hours,24 non consecutive hours,36 hours,1
24,Mining Engineering,Open Cast Mining,1,The safety device is provided in sinking shaft in case of overwind?,spider,kibble,detaching hook,rider,0
25,Mining Engineering,Mine Legislation,1,Register of medical standard of fitness of persons employed is maintained in the form of?,FORM N,FORM O,FORM P,FORM P-I,2
26,Mining Engineering,U/g Mines Ventilation,2,"212,The duration of usage for chemical oxygen breathing apparatus is?",1/2 hour,1 hour,2 hour,3 hour,0
27,Mining Engineering,Open Cast Mining,2,A chemical component having 3 properties-High explosive and Oxidising agent and cooling agent is?,NG,Liquid oxygen,TNT,AN,3
28,Mining Engineering,Open Cast Mining,2,In freezing method of shaft sinking which is used for circulation?,HCl,HNo3,CaCl2,NaCl,2
29,Mining Engineering,Mine Machinery,2,The valve which is used in delievery column to hold the water if pump stops?,Foot valve,Retaining valve,BYpass valve,Sluice valve,1
30,Mining Engineering,Mine Machinery,2,The capacity of the safary support is?,1.5 te,5 te,10 te,4 te,0
31,Mining Engineering,Open Cast Mining,2,Proximate analysis of coal gives?,% of elements present,% of ash;voltile matter etc,Thermal value of coal,none,1
32,Mining Engineering,Mine Machinery,2,A wind pressure on the exposed surface of the head gear frame may be taken as.....N/sq.m ?,100,750,1340,3000,2
33,Mining Engineering,Mine Machinery,2,The direct rope haulage with 150 HP the reasonal output is ?,1000 te/day,800 te/day,600 te/day,400 te/day,2
34,Mining Engineering,Mine Legislation,2,No workings shall be made and no work of extraction or reduction of pillars shall be conducted any point within.....of any railway?,30 m,45 m,100 m,60 m,1
35,Mining Engineering,Mine Legislation,2,The court is only an investigatory authority and it submits its report to the govt within........?,14 days,1 month,3 months,6 months,3
36,Mining Engineering,Open Cast Mining,2,Hazard performance initiation propagation are related to one of the characteristics of an explosive?,VOD,Stability,Sensitivity,Density,2
37,Mining Engineering,Open Cast Mining,2,The ratio at which the cost of opencast mining equals that of underground mining is called?,Breakeven stripping ratio,Limiting stripping ratio,Quarrible limit,stripping ratio,0
38,Mining Engineering,Mine Machinery,2,The limiting gradient for the shuttle car is?,Less than 6 deg,less than 12 deg,Less than 20 deg,More than 20 deg,0
39,Mining Engineering,Mine Machinery,2,The gradient suitable for direct rope haulage is steeper than?,1 in 15,1 in 3,1 in 10,1 in 30,2
40,Mining Engineering,Mine Machinery,2,Internal stresses of the rope can be relieve with the use of?,Normalising the wire,Annealing the wire,Performed wire,Wassington pattern,2
41,Mining Engineering,U/g Mines Ventilation,2,Among the methods of open stoping method lends to large scale mechanisation in drilling ; blasing ;loading and transporing is?,Rill stoping,Breast stoping,Overhand stoping,Underhand stoping,1
42,Mining Engineering,Open Cast Mining,2,In longwall advancing the gate roads extend slightly beyond the face and the extended portion of the gate is called?,Buttok,Tail gate,Stable,Packwall,2
43,Mining Engineering,Open Cast Mining,2,The chemical formula of the magnetite is?,FeCO3,Fe2O3,Fe3O4,Fe2O4,2
44,Mining Engineering,Mine Machinery,2,The limiting gradient for the SDL is?,18 deg,15 deg,10 deg,6 deg,0
45,Mining Engineering,Mine Machinery,2,The number of strokes per min in jack hammer is?,1500,2200,2800,3500,1
46,Mining Engineering,U/g Mines Ventilation,2,Compressed air jets increased the air flow by ?,10 %,20 %,30 %,40 %,1
47,Mining Engineering,Mine Machinery,2,The appropriate function of inter cooled in large multi stage compressor is?,To call the LP air,To reduce power consumption,To drain moisture,All the above,3
48,Mining Engineering,Mine Legislation,2,No adult employed below ground in a mine shall be allowed to work for more than ....hours in any week or for more than .. hours in any day?,36 ; 6,48 ; 9,48 ;8,50 ;10,2
49,Mining Engineering,U/g Mines Ventilation,2,The thickness and height of the temparory dam ?,0.5 m ; 1 m,1 m ;1 m,1 m ; 3m,1 m ;2 m,0
50,Mining Engineering,Open Cast Mining,2,If hydraulic sand stowing of the goaf is adopted and the face is along the strike it should be slightly oriented at......to provide drainage of water?,1 in 120,1 in 150,1 in 175,1 in 100,3
51,Mining Engineering,Open Cast Mining,2,Single tube core barrel is suitable for recovering core from rocks of ?,soft,friable,homogeneous,hard,2
52,Mining Engineering,Open Cast Mining,2,If the pillars are not strong they may be crushed due to sudden pressure is called?,premature collapse,normal collapse,local fall,overriding of pillars,3
53,Mining Engineering,Mine Machinery,2,In Exhaust conditioner the gases are mixed with about...times thier volume of fresh ait before being exhausted into ventilating current?,20 to 30,30 to 40,40 to 50,70 to 80,1
54,Mining Engineering,U/g Mines Ventilation,2,Out of 21 % of oxygen in the atmosphere air that is inhaled by a person % of oxygen that is used from between inhalation and exhalation is?,1 - 2 %,2 - 3 %,3 -5 %,5 -7 %,2
55,Mining Engineering,Open Cast Mining,2,The VOD of LOX?,5000 m/s,3500 m/s,7000 m/s,6000 m/s,0
56,Mining Engineering,Mine Legislation,3,The owner;agent or manager shall constitute a 'safety committee' for promoting safety in the mine for more than .....persons are ordinarly employed in every mine?,500,1000,50,100,3
57,Mining Engineering,Mine Machinery,3,The daily progress with the continuous miner is?,10 to 20 m,20 to 40 m,40 to 60 m,70 m,1
58,Mining Engineering,Mine Legislation,3,Accident frequency rate is calculated in terms of .........persons employed?,100,1000,10000,100000,1
59,Mining Engineering,Mine Legislation,3,Where the gradient is less than 1 in 6 manholes may be provided at intervals of not more than atleast.....?,10 m,20 m,30 m,40 m,1
60,Mining Engineering,U/g Mines Ventilation,3,The interval between levels depending on several points vary from?,5 to 10m,10 to 15 m,15 to 100 m,100 to 120 m,2
61,Mining Engineering,Open Cast Mining,3,Which is the modification of the dipper shovel with a long boom and is used for casting fragmented rock or earth into a dump of OB?,BWE,Tractor shovel,Hydraulic shovel,Stripper shovel,3
62,Mining Engineering,Open Cast Mining,3,The width of the headings in bord and pillar method of working depends on?,depth of working,size of the pillars,face machinary used,ventilation required,2
63,Mining Engineering,U/g Mines Ventilation,3,The speed of the centrifugal fan is?,1 to 100 rpm,100 to 300 rpm,300 to 1000 rpm,above 1000 rpm,1
64,Mining Engineering,U/g Mines Ventilation,3,Ignition temparature of methane is?,250 - 350 deg c,350 - 650 deg c,650 - 750 deg c,750 - 1000 deg c,2
65,Mining Engineering,U/g Mines Ventilation,3,Which can be found by blotting paper soaked in lead acetate changes its color to black?,SO2,H2,H2S,CH4,2
66,Mining Engineering,U/g Mines Ventilation,3,By varying the pitch of the blades the pressure generated by axial flow fan is?,remains same,decreases,increases,increases 8 times,0
67,Mining Engineering,Open Cast Mining,3,The cut holes are called?,easers,trimmers,sumpers,none,2
68,Mining Engineering,Mine Machinery,3,The size of the ballast used in rail track is?,30 to 40 mm,40 to 50 mm,50 to 60 mm,60 to 80 mm,2
69,Mining Engineering,U/g Mines Ventilation,3,In bord and pillar method of mining the stonedust barriers are places .....m from the face?,50 - 100,100 - 150,150 - 400,400 - 500,2
70,Mining Engineering,Mine Legislation,3,The periods of work of any adult shall be so arranged that ;along with his interval of rest they shall not in any day spread over more than....?,12 hours,24 hours,36 hours,10 hours,0
71,Mining Engineering,Mine Machinery,3,In electrical locomotive the battery consist....of the toal weight?,30 %,40 %,50 %,60 %,3
72,Mining Engineering,Mine Legislation,3,The spot levels in the plans shall at points not more than ....apart?,100 m,150m,200 m,300 m,1
73,Mining Engineering,Open Cast Mining,3,The output of the shovel with 4.5 cu.m bucket is.......cu.m per year?,2.5 lac,4 lac,5.5 lac,7 lac,2
74,Mining Engineering,Mine Legislation,3,Workman's inspector comes by?,Election,Deputation,Selection,Nomination,3
75,Mining Engineering,Mine Legislation,3,During the vocational training period each trainee is to be paied an allowance of Rs....per day?,1,1.5,2,2.5,1
76,Mining Engineering,U/g Mines Ventilation,3,For breaking up the methane layer formed in the roof the minimum layering number required is?,4,3,2,1,2
77,Mining Engineering,Mine Machinery,3,The capacity of the A.C.C is?,100 tph,200 tph,300 tph,50 tph,0
78,Mining Engineering,Open Cast Mining,3,Where sand stowing is adopted for stowing the goaf the maximum distance between the packed goaf edge adn the face is restricted generally....m for proper roof control?,3m,5m,6m,8m,2
79,Mining Engineering,Mine Legislation,3,No meterial shall be placed or dumped within atleast..... from either side of the track of rails?,1.2 m,1.5 m,2.5 m,3 m,0
80,Mining Engineering,U/g Mines Ventilation,3,The reducing valve in protomark SCBA reduces the pressure of O2 supplied to wearer is ?,1 lit/min,1.5 lit/min,2 lit/min,4 lit/min,2
81,Mining Engineering,Mine Machinery,3,The wire ropes required to be used in wet shafts are?,NOnrusting type,Galvanised,Bronze,Stainless steel,1
82,Mining Engineering,Mine Machinery,3,Loop take up arrangements accomodate extension upto?,5 m,9 m,20 m,15 m,1
83,Mining Engineering,Open Cast Mining,3,Archean rocks are also known as?,Metamorphic rocks,Sedimentary rocks,Igneous rocks,none,2
84,Mining Engineering,U/g Mines Ventilation,3,During the process of seaing fire area below ground the atmosphere near the stoing should be tested frequently for ?,Methane,CO,O2 deficiency,Both CO and O2,3
85,Mining Engineering,Mine Machinery,3,The inbye conveyor cannot be started unless the outbye recieving conveyor is attained ....of its normal speed?,40 to 50 %,50 to 60 %,60 to 70 %,70 to 80 %,2
86,Mining Engineering,U/g Mines Ventilation,3,The permissible limit of the SO2 is ?,10 ppm,50 ppm,7 ppm,5 ppm,0
87,Mining Engineering,U/g Mines Ventilation,3,A rescue brigade contains .....members?,10,7,5 -6,3-4,2
88,Mining Engineering,U/g Mines Ventilation,3,Spantaneous heating is more likely to occur in coals of?,Peat,Lignite,Bituminous,Antracite,3
89,Mining Engineering,U/g Mines Ventilation,3,Cooling power is a combination of temparature of air ;relative humidity and ...?,Moisture content of air,density of air,velocity of air,Pressure,2
90,Mining Engineering,Mine Legislation,3,The over time wages are ....of ordinary wage rate?,equal,twice,thrice,half,1
91,Mining Engineering,U/g Mines Ventilation,3,In triggered barrier ...... is used ?,Nitrogen,Ammonia,NaCl,Brine,0
92,Mining Engineering,U/g Mines Ventilation,3,The relative amount of luminous energy given by any source of light is?,illumination,lux,intensity of light,lumen,2
93,Mining Engineering,U/g Mines Ventilation,3,"with a axial fan direction of travel of air current to the mine is changed by?, changing direction flow of air into fan by means of doors,changing the blades",1 to 5 deg,5 to 10 deg,10 to 15 deg,15 to 20 deg,2
94,Mining Engineering,U/g Mines Ventilation,3,The unit for the kata factor is ?,millicolories/sq.cm/sec,kcal/sec/sq.cm,millicolories/sq.cm,millicolories/sec/sq.c m,2
95,Mining Engineering,Mine Legislation,3,punishment as suspension without pay should not exceed...days?,10,5,15,20,0
96,Mining Engineering,Open Cast Mining,4,The method of sinking in unstable or friable strata with heavy inrush of water?,tubbing,forced drop,cementation method,freezing method,3
97,Mining Engineering,Open Cast Mining,4,The upper portion of the sand stowing pipe is generally changed after the transport of ....lac ton of sand?,1 - 2,2 - 4,4 - 6,6 - 8,1
98,Mining Engineering,Mine Legislation,4,No workmen shall declare a lockout during the pendency of the proceedings before a labour court;tribunal and before......after the concillation of such proceedings?,7 days,2 months,3 months,6 weeks,1
99,Mining Engineering,U/g Mines Ventilation,4,The sensitivity of Inclined guage manometer is?,0.2 pa,0.4 pa,1 pa,2 pa,1
100,Mining Engineering,Mine Legislation,4,No brick dam shall be less than atleast....in thick?,1.8 m,1.5 m,2 m,2.5 m,0
101,Mining Engineering,Mine Machinery,4,Rods are dipped in diluted H2SO4 or HCL to remove scales is called?,Patenting,Forging,Pickling,Normalising,2
102,Mining Engineering,U/g Mines Ventilation,4,Open stope method is used for ore of?,High grade,Low grade,Weak,Strong,1
103,Mining Engineering,Mine Machinery,4,The supply of compressed air alternatively from top and bottom of piston in jackhammer is caused by the part?,Throtle valve,Stem,Chunk,Pawl and rachet,3
104,Mining Engineering,Open Cast Mining,4,IN sand stowing incorrect profile will effect..?,cavitaiton,wear on pipes,setup pulsation,jamming,0
105,Mining Engineering,Mine Machinery,4,The maximum output of the LHD with 3.5 cu.m per month is?,25000,35000,45000,15000,1
106,Mining Engineering,Open Cast Mining,4,The sp.gravity of the anthracite coal is?,1.2,1.5,2,2.5,1
107,Mining Engineering,Mine Legislation,4,The minimum R.F for the OCP mine planes is?,2000:1,1200:1,2400:1,1500:1,0
108,Mining Engineering,Mine Legislation,4,The diameter of the deflection pulley should not be less than atleast......times than the rope diameter?,60,100,40,120,0
109,Mining Engineering,Open Cast Mining,4,The roof is easily cavable if the protodyaknov index is........?,4-6,6-7,7-8,8-9,0
110,Mining Engineering,Mine Legislation,4,Every latrine shall be white washed once atleast in every ...?,3 months,6 months,4 months,12 months,2
111,Mining Engineering,Mine Machinery,4,Maximum head of the roto/mono pump is?,20 m,90 m,120 m,150 m,1
112,Mining Engineering,Mine Legislation,4,As per CMR the retirement age of a person employed in the mine is?,60 years,62 years,58 years,55 years,0
113,Mining Engineering,Mine Machinery,4,The mechanical efficiency of the pumps may vary from?,30 to 40 %,40 to 50 %,50 to 60 %,70 to 80 %,3
114,Mining Engineering,Mine Machinery,4,The operating length of the shuttle car is?,100 m,150 m,180 m,250 m,2
115,Mining Engineering,Mine Machinery,4,The exhaust gases from the engine amounting in all to about....cu.m per B.H.P per minute?,0.5,0.65,0.85,0.085,3
116,Mining Engineering,Open Cast Mining,4,Upto what gradient the Bord and pillar mining can be adopted withour special arrangements?,1 in 3,1 in 4,1 in 5,1 in 6,1
117,Mining Engineering,U/g Mines Ventilation,4,The coal is more prone to spantaneous heating if the moisture content is?,0-2 %,2 - 4 %,4 - 7 %,7 - 15 %,3
118,Mining Engineering,Open Cast Mining,4,The depth of hole is restricted to 50%-60% of the width of the drift in ..?,\fan cut,drag cut,burn cut,pyramid cut,3
119,Mining Engineering,U/g Mines Ventilation,4,The method of stoping suitable for steeply dipping reasonably firm ore mixed graded ore with irregular boundaries and where ground surface is to be protected from subsidence is?,Open stoping,Shrinkage stoping,Cut and fill stoping,Sublevel stoping,2
120,Mining Engineering,Mine Legislation,4,Quantity of the air shall be calculeted once in................in deg III mine?,7 days,14 days,30 days,60 days,1
121,Mining Engineering,Mine Legislation,4,Every detaching bell used in connection with a safety hook shall be examined once in every......?,30 days,3 months,6 months,12 months,0
122,Mining Engineering,Open Cast Mining,4,The surface erosion or non deposion occuring with in the sequence of rocks is?,Unconfermity,Joints,Inlier,Overlap,0
123,Mining Engineering,U/g Mines Ventilation,4,In manual method of raise driving the monthly progress is nearly?,10 m,15 m,25 m,40 m,0
124,Mining Engineering,Mine Legislation,4,The plans maintianed shall show surface contours lines drawn at vertical intervals not exceeding.......?,5 m,3 m,8 m,10 m,0
125,Mining Engineering,Mine Legislation,4,Every traveling roadway shall ;where the inclinatio exceeds........from the horizontal in addition to steps or ladders with hand rails or ropes shall be provided?,30 deg,45 deg,60 deg,80 deg,1
126,Mining Engineering,Mine Legislation,4,Man holes shall be not less than atleast ...........in height?,1.5 m,1.8 m,1.0 m,2.5m,1
127,Mining Engineering,Mine Legislation,4,In coal the height of the bench shall not exceed..........?,1.2m,1.5 m,2.5 m,3 m,3
128,Mining Engineering,Mine Legislation,4,In the workings having an inclination atleast .....or more from the horizontal ;adequate precausions shall be taken to prevent danger to persons from falling?,30 deg,45 deg,60 deg,20 deg,0
129,Mining Engineering,Mine Legislation,4,Every shaft in the course of being sunk shall be provided with a permanent lining of metal ;concrete which shall at no time be more than ...form the bottom of the shaft?,20 m,5 m,6 m,10 m,2
130,Mining Engineering,Mine Machinery,4,The output from the continuous miner is?,200 t/day,400 t/day,600 t/day,1000 t/day,2
131,Mining Engineering,Mine Legislation,4,The layoff compensation payable to any workman during any period of 12 months shall not be more than ......?,15 days,30 days,45 days,60 days,2
132,Mining Engineering,Open Cast Mining,4,The number of panels to be opened at a time is decided by ?,Capacity of the direct rope haulage,Output desired,Thickness of the seam,Incubation period,0
133,Mining Engineering,Mine Legislation,4,The maximum number of days for vocational training for working in gassy mines..?,6 days,12 days,18 days,20 days,2
134,Mining Engineering,Mine Legislation,4,When it is intended to reopen a mine or part thereof;which has been isolated;the manager shalll not less than........before commencement of such work give notice to R.I?,7 days,14 days,30 days,60 days,1
135,Mining Engineering,Mine Machinery,4,The vertical flexibility of Armoured chain conveyor is?,3 to 4 deg,2 to 3 deg,1 to 2 deg,4 to 5 deg,0
136,Mining Engineering,Mine Machinery,4,The jaws of the reliance capel are about ...times rope diameter in length?,30,24,12,15,1
137,Mining Engineering,U/g Mines Ventilation,4,Illumination is inversely proportional to ?,distance,square of distance,cube of distance,none,1
138,Mining Engineering,U/g Mines Ventilation,4,Methane can be found at?,roof,floor,Any place in the roadway,Exhaust gases of the locomotive,0
139,Mining Engineering,Mine Machinery,4,A number of concentrically twisted wire laid in the form of a helix round a central steel wire is known as?,Lang's lay,Ordinary lay,Strand,Locked coil,2
140,Mining Engineering,Open Cast Mining,4,Inclined slicing in decending order is applicable if the seam inclination is ?,less than 35 deg,more than 35 deg,less than 45 deg,none,0
141,Mining Engineering,U/g Mines Ventilation,4,The oxygen percentage in return air is?,20.28 %,78.04 %,20.93 %,25 %,0
142,Mining Engineering,Open Cast Mining,4,To avoid freezing of NG explosive which agent is mixed?,PETN,TNT,DI-NITRO-GLYCOL,ASA,2
143,Mining Engineering,U/g Mines Ventilation,4,In Gypsum stopings for every cu.m of stoping volume about ...te of gypsum is required?,1.3,1.8,2.5,3,0
144,Mining Engineering,Mine Legislation,4,If a mine already been opened the plans shall be submitted within ...to R.I?,30 days,60 days,90 days,1 year,0
145,Mining Engineering,U/g Mines Ventilation,4,The isolation stoping should be explosion proof if the minimum CH4 % behind the stoping is ...?,1 %,2 %,3 %,4 %,1
146,Mining Engineering,U/g Mines Ventilation,5,The best extinguisher for fires due to oil is?,CO2 type,Foam type,Water - CO2 type,Soda acid type,1
147,Mining Engineering,U/g Mines Ventilation,5,Which is formed in stangnent water in old workings in the areas of gob?,CH4,SO2,H2S,CO2,2
148,Mining Engineering,U/g Mines Ventilation,5,Overburden heaps should be atleast ....m away from the coal face of a quarry?,5 m,10 m,15 m,20 m,2
149,Mining Engineering,Mine Machinery,5,The loading capacity of gate end loaders is?,1 to 1.5 tph,2 to 4 tph,5 to 7 tph,7 to 9 tph,0
150,Mining Engineering,Mine Machinery,5,A monocable aerial ropeway is generally preffered?,In flat terrain,For large tonnage,In hilly terrains,For small distances,2
151,Mining Engineering,U/g Mines Ventilation,5,Air velocities in diesel locomotive sheds sholud not be less than?,4 m/s,2 m/s,1 m/s,0.75 m/s,3
152,Mining Engineering,Mine Legislation,5,No worker shall be absent from work without permission for more than minimum .....days?,10,5,15,20,0
153,Mining Engineering,Mine Legislation,5,Giving additional leave is...?,Financial incentive,Non financial incentive,Negative incentive,incriment,1
154,Mining Engineering,Mine Machinery,5,End thrust acts?,towards suction end of the pump,towards delievery end of the pipe,On the impellers of the pipe,none,0
155,Mining Engineering,Mine Machinery,5,Head per stage in roto pump is?,30 m,40 m,50 m,60 m,3
156,Mining Engineering,U/g Mines Ventilation,5,The light of oil lamps is extiguished when O2 % is falls to?,19 %,17.5 %,21 %,20 %,1
157,Mining Engineering,Open Cast Mining,5,The rocks are called acid if the silica % is ?,less than 45 %,45 - 55 %,55 - 65 %,More than 65 %,3
158,Mining Engineering,U/g Mines Ventilation,5,"152,Isolation stoping should have minimum depth of locking in shale is?",1 m,75 cm,15 cm,30 cm,3
159,Mining Engineering,Open Cast Mining,5,A timber prop is expected to support in area of about.....all round?,1 - 2 m,0.1 - 0.3 m,0.2 - 0.4 m,0.4 - 1 m,3
160,Mining Engineering,U/g Mines Ventilation,5,For light manual workers the wet kata is?,18,25,30,8,1
161,Mining Engineering,Mine Machinery,5,The ratio of pay load to gross load for skip winding is...and for cage winding is...?,0.6 ; 0.35,0.35 ; 0.6,0.8 ; 0.6,0.6 ; 0.8,0
162,Mining Engineering,U/g Mines Ventilation,5,Level interval is more in the case of?,Ore bodies thicker,Thin ore bodies,moderately thick ore bodies,Thick ore bodies,1
163,Mining Engineering,U/g Mines Ventilation,5,When the wet bulb temparature exceeds 33.5 deg then the rise in the body temparature is?,3 deg,2 deg,1 deg,0.5 deg,2
164,Mining Engineering,Open Cast Mining,5,The output of the shovel with 2 cu.m bucket is......cu.m per year?,2.5 lac,4 lac,5.5 lac,7 lac,0
165,Mining Engineering,Mine Legislation,5,Any combination whether temporary or permanant formed primarly for the purpose of regulating the relations btw workman and employers is called?,Trade union,workmen committee,Safety comittee,NOne,0
166,Mining Engineering,Open Cast Mining,5,The machine best suited for digging below the level on which it stands and loads the dumper is?,tractor shovel,stripper shovel,back hoe,dipper shovel,2
167,Mining Engineering,Mine Machinery,5,The process of heating the metal to normalising temparature and then allowing it to cool slowly and uniformly not in air is called?,Forging,Normalising,Annealing,Hardening,2
168,Mining Engineering,Mine Legislation,5,When a machine is required to work on gradient exceeding .....an effective contravance to prevent the machine running back shall be provided and used?,1 in 3,1 in 4,1 in 5,1 in 7,2
169,Mining Engineering,Mine Legislation,5,If the depth of the shaft is 1000 m then the maximim speed of the cage in man winding is....m/sec?,10,8,7,5.5,1
170,Mining Engineering,Mine Machinery,5,The maximum number of impellers on the pump shaft normally does not exceed?,4,6,8,10,3
171,Mining Engineering,Mine Machinery,5,The factor of safety for the friction winding is?,6.5 to 8,9,10,12,0
172,Mining Engineering,Open Cast Mining,5,The metamorphic form of basalt is?,amphibole,schist,marble,talc,0
173,Mining Engineering,Open Cast Mining,5,If the coal size is 25mm to 50 mm then it is called?,Steam coal,Rubble coal,Slack coal,none,1
174,Mining Engineering,Mine Legislation,5,The term of the office of the elected member of the canteen is .....years?,5,4,3,2,3
175,Mining Engineering,U/g Mines Ventilation,5,Raising by longhole drilling is limited to?,10 to 15m,15 to 50m,50 to 100m,100 to 120m,1
176,Mining Engineering,U/g Mines Ventilation,5,Explosive limit of the CH4 is?,4.3 % to 45 %,4.3 % to 75 %,5 % to 15 %,4.3 % to 12 %,2
177,Mining Engineering,Open Cast Mining,5,What excess % of diesel oil will lower the sensitivity?,6 %,7 %,8 %,9 %,2
178,Mining Engineering,Open Cast Mining,5,In freezing method os sinking the removal of ice wall after completion of siking by sending hot brine through holes is known as ..?,defreezing,silicatisation,postfreezing,thawing,3
179,Mining Engineering,Mine Machinery,5,The diameter of headgear pulley should be atleast.....times the dia of the rope?,60,100,120,150,1
180,Mining Engineering,Open Cast Mining,5,The discharge velocity of the sand in pneumatic sand stowing?,2 m/s,10 m/s,15 m/s,20 m/s,2
181,Mining Engineering,Open Cast Mining,5,Main fall occurs When the area of extraction is nearly equal or more than the .....of the depth?,twice,thrice,square,cube,2
182,Mining Engineering,U/g Mines Ventilation,5,The permissible limit for the nitrous fumes is?,10 ppm,50 ppm,7 ppm,5 ppm,3
183,Mining Engineering,Mine Legislation,5,Register of information regarding leave with wages is maintained in the form of?,FORM J,FORM K,FORM L,FORM M,2
184,Mining Engineering,U/g Mines Ventilation,5,Interferometers works on the principle of?,Formation of gas cap,Wheatstone bridge,Infraradiation,Optical properties,3
185,Mining Engineering,Open Cast Mining,5,The limiting gradient for longwall method is?,0 to 20 deg,10 to 30 deg,20 to 40 deg,30 to 40 deg,0
186,Mining Engineering,Mine Machinery,5,The rake angle of the drill rod in electric coal drill is?,3 deg,30 deg,65 deg,45 deg,0
187,Mining Engineering,Mine Legislation,5,In third degree at the maximum span of the longwall face ;the maximum velocity of the air is?,30 m/min,15 m/min,60 m/min,75 m/min,3
188,Mining Engineering,Mine Machinery,5,The ropes used for dragline are?,Locked coil,Regular lay,Lang's lay,Flattened strand,2
189,Mining Engineering,Mine Legislation,5,Where it is not possible to show the complete boundary of leasehold on the same plan;an additional 'KEY PLAN' having scale ....shall be shown?,2400 :1,5000 :1,25000 :1,50000:1,3
190,Mining Engineering,Mine Machinery,5,The levels in safety catches spaced at intervals varying from?,0.1 to 0.3 m,0.3 to 1m,1 to 1.3 m,1.3 to 2 m,1
191,Mining Engineering,Open Cast Mining,5,Maximum roof exposure for stowing is?,30 to 50 sq.m,60 to 90 sq.m,90 to 100 sq.m,100 to 120 sq.m,2
192,Mining Engineering,U/g Mines Ventilation,5,Samples from the sealed off area taken when the pressure behind is?,Negative,Positive,0,either positve or negative,0
193,Mining Engineering,Mine Legislation,5,Where any working is extended to within............of goaf or disused workings containing an accumulation of inflammable gas there shall be maintained atleast one borehole not less than 1.5 m deep in advance of the working?,50 m,70 m,30 m,60 m,2
194,Mining Engineering,Mine Legislation,5,No person can be appointed as the presiding officer of the Tribunal unless he has been a judge of the highcourt for not less than.... ?,3 years,5 years,7 years,2 years,3
195,Mining Engineering,Mine Legislation,5,A copy of the entries in the register regarding accidents shall be sent by the owner of the mine to the chief inspector on or before....in the year following that to which the entries relate?,20 th jan,20 th feb,20th march,20 th april,0
196,Mining Engineering,Open Cast Mining,5,Generally the length of sub grade drilling is?,upto 0.5 m,0.5 to 3 m,3 to 5 m,5 to 6 m,1
197,Mining Engineering,Open Cast Mining,5,Specific gravity of the earth...gm/cu.cm?,5.5,3.7,6.5,2.7,0
198,Mining Engineering,Mine Machinery,5,The safety device used behind an ascending set of tubs on direct or endless haulage to arrest runaway of tubs is?,Back catch,Drop warwick,Back stay,Runaway switch,2
199,Mining Engineering,Mine Machinery,5,The limiting thickness of the seam for the continuous miner is?,3 m,4 m,5 m,2 m,0
200,Mining Engineering,U/g Mines Ventilation,5,In self contained oxygen breathing apparatus the wearer can take more oxygen than he gets through the circuit by the ?,Main valve,Reducing valve,Relief valve,Byepass value,3
201,Mining Engineering,Mine Legislation,5,The number of members are nominated in the safety committee is?,5,10,13,15,2
202,Mining Engineering,U/g Mines Ventilation,5,In gas mask the use of charcoal is ?,To remove dust and smoke,To remove ammonia and water vapour,COnverts CO to CO2,To remove organic vapours and acidic gases,3
203,Mining Engineering,U/g Mines Ventilation,5,The incubation period in SCCL mines is?,6 months,10 months,18 months,24 months,2
204,Mining Engineering,Mine Legislation,5,The fees for grant of first class manager's certificate is.....Rs?,100,75,50,25,0
205,Mining Engineering,Open Cast Mining,5,The VOD of OCG is ?,5000 m/s,7000 m/s,6000 m/s,3500 m/s,2
206,Mining Engineering,Open Cast Mining,6,Mica is a ?,Metallic minearal,Gangue mineral,Non metallic,Precipitate,2
207,Mining Engineering,Mine Machinery,6,The maximum gradient for wheel mounted machine is ?,1 in 15,1 in 10,1 in 3,1 in 6,0
208,Mining Engineering,Open Cast Mining,6,The holes treated with chemicals are called?,treating holes,test holes,product holes,weeping holes,2
209,Mining Engineering,Open Cast Mining,6,The drilling rods are made of?,cast iron,steel,Ni-cr,cast steel,2
210,Mining Engineering,U/g Mines Ventilation,6,The apparatus used to administer pure oxygen to an unconscious person or affected by noxious gasses is?,Smoke helmet,Reviving apparatus,Self rescuer,SCBA,1
211,Mining Engineering,U/g Mines Ventilation,6,Air samples behind the stoping should be drawn during the periods of?,High barometric pressure,Low barometric pressure,Medium barometric pressure,none,1
212,Mining Engineering,Mine Legislation,6,Child means a person who has not completed his?,16 th year,17 th year,18th year,15 th year,0
213,Mining Engineering,Mine Machinery,6,The steel is unweldable if it contains carbon content?,Less than 0.5 %,0.5 to 1 %,1 to 1.2 %,More than 1.25 %,3
214,Mining Engineering,Mine Legislation,6,If the monthly output of the mine is 35000 te then the number of surveyors required is?,2,3,4,5,1
215,Mining Engineering,Mine Legislation,6,The owner or manager shall provide suitable residential accomodation for the manager and u/m within a distance of....KM from all mine openings?,4,5,6,7,1
216,Mining Engineering,Mine Legislation,6,No person shall be allowed to work in a mine who has already been working in any other mine within the preceding...?,6 hours,9hours,12 hours,18 hours,2
217,Mining Engineering,Open Cast Mining,6,A landing or platform in a shaft including an excavation between top and bottom of the shaft is called?,midsetlanding,inset,collar,cover,1
218,Mining Engineering,Open Cast Mining,6,Which is used for raising and lowering the rods of circular section?,Bulldog,sludger,corebarrel,retainingkey,0
219,Mining Engineering,U/g Mines Ventilation,6,Isolation stoping in deg I and II gassy coal mine should have minimum thickness of?,1 m,2 m,3 m,4 m,0
220,Mining Engineering,U/g Mines Ventilation,6,The time interval that elapses between applicatic of a source of heat to firedamp air mixture and the actual moment of ignition of gas air mixture is?,Incubation period,Lag on ignition,Ignition time,Graham's ratio,1
221,Mining Engineering,U/g Mines Ventilation,6,Hoolamite is a mixture of?,Manganeese diaoxide + copper oxide,Potasium superoxide + copper oxide,silica gel +potasium pelladiam sulphate,Iodine pentaxide + sulphuric acid,3
222,Mining Engineering,Open Cast Mining,6,The method of sinking through loose deposits of sand upto 20m is ?,piling system,open caison,tubbing,cementation,0
223,Mining Engineering,U/g Mines Ventilation,6,The minimum distance between the fan and the corner of the drift to be ventilated should be?,3 m,4 m,5 m,6 m,2
224,Mining Engineering,Mine Legislation,6,Layoff compensation is paid if he is working below ground and attended ........days in one calendar year ?,190,240,170,250,0
225,Mining Engineering,Mine Legislation,6,Board of concillation members are.....?,1 to 2,2 to 4,4 to 6,2 to 8,1
226,Mining Engineering,Mine Legislation,6,Leave with wages are calculated in case of person employed above ground at the rate of one for every ...days of work performed by him?,15,20,30,25,1
227,Mining Engineering,Mine Legislation,6,According to mines rules the interior walls of a latrine shall be white washed once in atleast in every?,4 months,3 months,2 months,1 month,0
228,Mining Engineering,Mine Legislation,6,No employer carrying on any public utility service shall lockout any of his workmen without giving notice of lock out within........... weeks before lockingout?,2,4,6,8,2
229,Mining Engineering,Mine Legislation,6,The owner or manger shall inform to R.I by telephone and shall be give notice within ...of such accident occurance?,12 hours,24 hours,36 hours,48 hours,1
230,Mining Engineering,Open Cast Mining,6,"In respect of dipper shovel ""crowding"" means?",raising bucket to dumper height,Piercing the bucket into broken mineral,winging the bucket round,moving the shovel from one place to another,1
231,Mining Engineering,Mine Machinery,6,The resistance to motion of loco itself when in motion is called?,COefficient of friction,Tractive effort,Drawbar pull,Rolling resistance,3
232,Mining Engineering,U/g Mines Ventilation,6,The method of stoping where the orebody is thick veins type ore and walls are strong and steeply dipping ore i.e footwall steeper than angle of repose of the broken ore is?,Open stoping,Shrinkage stoping,Cut and fill stoping,Sublevel stoping,1
233,Mining Engineering,Mine Machinery,6,The electric coal drill is rated?,2 hrs,1 hr,1/2 hr,1/4 hr,2
234,Mining Engineering,Open Cast Mining,6,The metamorphic form of shale is?,Quartzite,slate,marble,talc,1
235,Mining Engineering,Mine Legislation,6,Register of second and final notice of medical by medical board is maintained in the form of?,FORM Q,FORM R,FORM S,FORM T,1
236,Mining Engineering,Mine Legislation,6,No apprentice or trainee of the age of ....years shall be employed in a mine except under immediate supervision of a competent person?,20 to 23 years,18 to 20 years,16 to 18 years,above 23 years,2
237,Mining Engineering,Mine Legislation,6,The welfare officer shall be assisted with additional welfare officer for every additional......persons employed?,1000,2000,5000,500,1
238,Mining Engineering,U/g Mines Ventilation,6,In metal mines a shaft is always sunk in?,Hanging wall,the mineral deposit,Across the deposit,foot wall,3
239,Mining Engineering,Open Cast Mining,6,while working contiguous seams ventilation may be through?,Bore holes,Main shafts,Stable pit,Lower seam only,2
240,Mining Engineering,Mine Legislation,6,On or before the ......every year the owner;agent or manager of mine shall exhibit on the notice board at the office of a mine information regarding leave with wages?,20 th feb,1 st jan,1 st may,20 th may,0
241,Mining Engineering,Open Cast Mining,6,while using non incentive delay detonators in BOS the max delay period(milliseconds) btw 1st and last shot in deg 1 and 2 is 'X' and deg 3 is 'Y'.Then X:Y is?,151:40:00,102:30:00,202:30:00,153:20:00,0
242,Mining Engineering,Open Cast Mining,6,Which is used for stripping top soil and making shallow cuts and trenches upto a depth of 3.5 to 6m?,dipper shovel,Tractor shovel,Ditching shovel,Stripper shovel,2
243,Mining Engineering,Mine Machinery,6,Usual length of the of the chain conveyor with multi drive is?,60 m,90 m,200 m,360 m,3
244,Mining Engineering,Open Cast Mining,6,The method of sinking where there is ground filling problem or considerable inrush of water uptp depth of 30m?,piling,open caison,Pneumatic caison,forced drop,2
245,Mining Engineering,Mine Machinery,6,Intrincically safe circuit or apparatus works on voltage not more than?,30 v,110 v,220 v,60 v,0
246,Mining Engineering,Open Cast Mining,6,The feed mechanism is not necessary beyond the depth of....m?,30,40,50,60,3
247,Mining Engineering,Mine Machinery,6,In long length of haulage system the effective signalling system is by the use of?,High capacity battery,110 v line current,Step down potential transformer,Relays,3
248,Mining Engineering,Open Cast Mining,6,Sheathed explosive coated with a sheath of?,Nacl,caco3,NaHCo3,NaCo3,2
249,Mining Engineering,Mine Machinery,6,The out put per month for the turn table circuit is?,50000,40000,30000,20000,2
250,Mining Engineering,Mine Machinery,6,The track guage for locomotive is?,1 to 1.2 m,0.9 to 1 m,1.2 to 1.3 m,0.7 to 0.9 m,0
251,Mining Engineering,Mine Legislation,6,If the depth of the shaft is 400 m then the maximim speed of the cage in shaft sinking is....m/sec?,1.5,2.5,3,3.5,1
252,Mining Engineering,Open Cast Mining,6,The percentage of recovery in BG method is?,50-60,60-70,70-80,80-90,2
253,Mining Engineering,Open Cast Mining,6,Heading advancing parallel to cleats are called?,bord,wall,slice,none,1
254,Mining Engineering,Mine Legislation,6,If the shaft exceeds ....... in depth;there shall be provided for each bucket or other means of conveyance a detaching hook?,30 m,45 m,60 m,100 m,1
255,Mining Engineering,Open Cast Mining,6,The limiting depth for the bord and pillar mining is?,200 m,300 m,400 m,500 m,1
256,Mining Engineering,U/g Mines Ventilation,6,Co is aslo called as?,Black damp,Marsh gas,Stink damp,White damp,3
257,Mining Engineering,Open Cast Mining,6,The method suitable for working seam under the workings of another seam which is water logged or on fire is?,Longwall retreat,Bord and pillar,Hydraulic mining,Longwall advancing,1
258,Mining Engineering,Mine Machinery,6,Roll rack chainless haulage is used?,Road headers,Prop free front faces,Gate roads transportation,Shearers,3
259,Mining Engineering,Open Cast Mining,6,Heavy roof fall and even premature collapse may taken place if line of goaf is?,parallel to strike,diagonal,right angle to fault,parallel to fault,3
260,Mining Engineering,Mine Machinery,6,If the wires in the strand and the strands in the rope are laid in the opposite direction is called?,Lang's lay,Ordinary lay,Right hand,Locked coil,1
261,Mining Engineering,Open Cast Mining,6,The constuients in slurry explosivie(TNT:AN:Water)?,20:16:05,21:05:15,15:21:05,65:15:20,1
262,Mining Engineering,Mine Legislation,6,The protective footwear shall be supplied at intervals of atleast...?,3 months,1 year,2 years,6 months,3
263,Mining Engineering,U/g Mines Ventilation,6,Drager SCBA contains ....lit of O2 with a pressure .... kg/sq.cm?,100 ; 200,200 ; 400,400 ; 200,300 ; 150,2
264,Mining Engineering,Mine Machinery,6,The capacity of the iron prop?,10 -15 te,15 -25 te,25-30 te,40 -50 te,2
265,Mining Engineering,Open Cast Mining,6,Shuttle cars are the transporting media for ?,Longwall,Bord and pillar,Open cast,Hydraulic mining,1
266,Mining Engineering,Mine Machinery,6,The capacity of the wooden cross bar is?,1 to 2 te,2 to 4 te,4 to 8 te,8 to 10 te,1
267,Mining Engineering,U/g Mines Ventilation,6,Ring rose detector works on the principle of?,Formation of gas cap,Wheatstone bridge,Diffusion-combustion-contraction,Optical properties,2
268,Mining Engineering,Open Cast Mining,6,The main fall on the L/W faces has generally occured after the face advance of .........m?,30,45,60,25,1
269,Mining Engineering,U/g Mines Ventilation,6,The quantity of air to be circulated by an auxiliary fan depends upon?,Length of the heading,Number of persons in the drift,Size of the drift,Rate of emission in the roadway,3
270,Mining Engineering,Mine Legislation,6,In every mine daily supervision shall be exercised by the manager;in case of below ground he shall visit on atleast....in every week?,4 days,3 days,5 days,2 days,0
271,Mining Engineering,Open Cast Mining,6,For every 1 deg deviation in slope angle changes the volume of the quarried ground by above?,1 %,2 %,3 %,4 %,3
272,Mining Engineering,Mine Legislation,6,No person shall be admitted as a candidate at any examination held by the board unless he is....of age?,20 years,18 years,16 years,23 years,0
273,Mining Engineering,Mine Machinery,6,No rope should be allowed to remain in use after the wires have lost their diameter by?,10 %,20 %,30 %,40 %,1
274,Mining Engineering,Open Cast Mining,6,The method of estimation in which the shape and size of the ore can be estimated is called?,Prospecting,Boring,Exploitation,Exploration,0
275,Mining Engineering,Mine Machinery,6,The property when the material fails to yield and change its shape it subjected to a stress but breaks suddenly is called?,Ductility,Mallability,Toughness,Brittleness,3
276,Mining Engineering,Mine Legislation,7,When it is intended to bring into use any new winding installation for lowering and raising persons;the owner or manager shall not less than ....before such use give notice to R.I?,30 days,60 days,100 days,120 days,1
277,Mining Engineering,Open Cast Mining,7,The size of the largest particle of the sand does not exceed if the dia of the pipe is D is ?,1/2 of D,1/3 of D,1/1.5 of D,D,1
278,Mining Engineering,Open Cast Mining,7,The delay period btw 2 consecutive shots with different delay numbers will not exceed ?,50ms,60ms,70ms,80ms,1
279,Mining Engineering,U/g Mines Ventilation,7,"In drager SCBA the O2 feed lit/min is supplied by?,Bypass valve,reducing valve,3 to wearer's requirement over and above 1.5 value,pressure guage valve,Lung govern 212,The duration of usage for chemical oxygen breathing apparatus is?",1/2 hour,1 hour,2 hour,3 hour,0
280,Mining Engineering,U/g Mines Ventilation,7,VOLSAFE boring apparatus can drill holes upto .....depth?,15 m,50 m,150 m,250 m,2
281,Mining Engineering,Mine Machinery,7,In wrought iron the % of phosphourus should not exceed ?,0.06,0.2,0.5,1,1
282,Mining Engineering,Mine Legislation,7,If the mine monthly output is 18000 te then the number of assitant or undermanagers required is?,2,3,4,1,1
283,Mining Engineering,Mine Legislation,7,IN every mine consisting of gassy seams of first degree the average monthly output exceeds .....the manager shall be assisted by ventilation officer?,5000,3000,7000,2500,0
284,Mining Engineering,Mine Legislation,7,Every plan in the mine unless otherwise provided be on a scale having R.F of?,2000:1,1200:1,2400:1,1500:1,1
285,Mining Engineering,Mine Machinery,7,The maximum angle of inclination for conveying coal on piled P.V.C belt is?,20 deg,18 deg,12 deg,16 deg,3
286,Mining Engineering,Open Cast Mining,7,Bulk strength of the timber prop is ...(kg/sq.cm)?,150-230,100-150,250-300,none of the above,0
287,Mining Engineering,Mine Legislation,7,Register of compensatory days of rest is maintained in the form of?,FORM F,FORM G,FORM H,FORM I,0
288,Mining Engineering,Open Cast Mining,7,Rhino exploder can blast maximum...........shots?,10,25,35,50,1
289,Mining Engineering,Mine Machinery,7,The limiting gradient of areal rope way in mountain region for bicable is?,1 in 3,1 in 5.5,1 in 7,1 in 4,3
290,Mining Engineering,U/g Mines Ventilation,7,The thickness of the bed in open stoping is?,2 to 3 m,4 to 6 m,7 to 10m,above 10m,0
291,Mining Engineering,U/g Mines Ventilation,7,The method of stoping for high grade ore with walls of the ore body and back of the stope are so weak which do not stand without support even for a week time is?,Sublevel stoping,Shrinkage stoping,Squareset stoping,cut and fill stoping,2
292,Mining Engineering,Mine Machinery,7,The size of direct rope haulage used underground generally ?,Less than 250 HP,Less than 200 HP,Less than 150 HP,More than 250 HP,2
293,Mining Engineering,U/g Mines Ventilation,7,The % of incombustable dust in the coal dust sample in a mine should be ....... for the stone to be effective inpreventing propagation of flame?,10 - 20 %,20 - 40 %,40 - 50 %,50 - 60 %,3
294,Mining Engineering,Mine Machinery,7,The loco can barely stop itself and the wheels begin to skid when the gradient is?,1 in 15,1 in 25,1 in 12,1 in 14,2
295,Mining Engineering,U/g Mines Ventilation,7,The quantity of moisture that would ensure non propagation of flame by coal dust atleat.....of the total mixture?,1/3,1/10,1/30,1/50,2
296,Mining Engineering,Mine Machinery,7,The maximum gradient of areal rope in a span is?,1 in 3,1 in 5,1 in 7,1 in 1,0
297,Mining Engineering,Mine Legislation,7,Where in any mine below ground a system of haulage roadways extends to a distance of more than ....from the shaft effiecient telephonic communication shall be provided?,30 m,100 m,400 m,600 m,3
298,Mining Engineering,Open Cast Mining,7,Parent rock of mica is?,Amphobole,Pegmatite,Orthoclase,none,1
299,Mining Engineering,Open Cast Mining,7,Searching for ore is called?,Mining,Exploration,Prospecting,Exploitation,1
300,Mining Engineering,Open Cast Mining,7,The average number of faces in a district if number of headings are 'N'?,2N-1,2(N-1),N-2,2(N-2),0
301,Mining Engineering,Mine Machinery,7,Turbine pumps are suitable for water quantities upt0?,1 lac lit/min,50000 lit/min,5000 lit/min,500 lit/min,2
302,Mining Engineering,Mine Machinery,7,The groove of the head gear pulley should be ....of the circumference of the rope is in contact with the groove?,1/4,1/2,1/3,3/4,2
303,Mining Engineering,U/g Mines Ventilation,7,The weight of CO2 abosorbant in a prototype breathing apparatus is?,1 kg,2 kg,3 kg,4 kg,1
304,Mining Engineering,U/g Mines Ventilation,7,The advantage of flourescent lamp in underground is?,More output,Reduce glare,Shall not produce shadow,All of the above,3
305,Mining Engineering,U/g Mines Ventilation,7,The minimum light required for reading and writing will be?,10 lumen/sq.m,10 lumen/sq.ft,1 lumen/sq.m,30 lumen/sq.m,0
306,Mining Engineering,Mine Legislation,7,Indian trade union act comes in?,1926,1948,1947,1966,0
307,Mining Engineering,Mine Machinery,7,The ropes required to carry the burden or load but more or less stationary is called?,Non-stranded,Stranded,Standing,Running,2
308,Mining Engineering,Mine Machinery,7,The method of nearly balancing the torques on the winding engine in deep shaft winding by the use of?,Balancing rope,Bi cyclo conical drum,Conical drum,Large cylindrical drum,1
309,Mining Engineering,Open Cast Mining,7,The process of treating holes with chemicals in cementation method is called?,defreezing,silicatisation,presilicatisation,thawing,1
310,Mining Engineering,Mine Machinery,7,Retractable supports for cages used while loading and unloading being carried at the top of the shaft are?,Safety catches,bell plates,keps,platform,2
311,Mining Engineering,Mine Legislation,7,ON every haulage roadway exceeding ......in length ;effective means of transmitting signals shall be provided?,30 m,50 m,100 m,60 m,0
312,Mining Engineering,Mine Machinery,7,Usually one motor drives a belt for a roadway of upto ?,100 m,150 m,200 m,250 m,2
313,Mining Engineering,Open Cast Mining,7,The stripping ration for Bucket wheel excavator?,2 : 1,4 to 5:1,8 to 10:1,3 to 4:1,3
314,Mining Engineering,Mine Legislation,7,A competent person means he is attained the age of?,18 years,16 years,20 years,23 years,2
315,Mining Engineering,Mine Machinery,7,If the wires in the strand and the strands in the rope are laid in the same direction is called?,Lang's lay,Ordinary lay,Right hand,Locked coil,0
316,Mining Engineering,Mine Machinery,7,By the process of normalising ?,Tensile strength of rope increases,Tensile strength of steel rod increases,The steel rod is drawn into wires,The impurities in the steel rod are removed,1
317,Mining Engineering,U/g Mines Ventilation,7,The method of stoping succesfully applied to all dips from horizontal to vertical is?,Rill stoping,Breast stoping,Overhand stoping,Underhand stoping,1
318,Mining Engineering,Mine Legislation,7,The floor of the cage ot other means of conveyance and the lowest part of the gae or fence does not exceed ......and that between any two membersof the gate does not exceed .......?,25 cm ;15 cm,15 cm ; 25 cm,30 cm ; 10 cm,10 cm ;30 cm,1
319,Mining Engineering,Open Cast Mining,7,The amount of energy released by an explosive during blasting is called..?,Density,Strength,Sensitivity,VOD,1
320,Mining Engineering,U/g Mines Ventilation,7,In anemometer the angle of yaw should be ?,less than 30 deg,less than 20 deg,less than 15 deg,less than 10 deg,3
321,Mining Engineering,Mine Machinery,7,The correct place for tension bogey is?,near the haulage engine,any point on the level roadway,at the point where slack rope is most likely to occur,none,2
322,Mining Engineering,Open Cast Mining,7,The face formed which is developed on bord and pillar method and extracting in longwall retreating with stowing is called?,Z shape face,Barry face,stable,none of the above,1
323,Mining Engineering,Mine Legislation,7,No adult shall work above ground ina mine for more than ....in any week?,36hours,24 hours,48 hours,60 hours,2
324,Mining Engineering,Mine Machinery,7,In designing a hoisting system the properties of rope that are most important are?,Weight per unit and type of rope,Weight per unit length and type of the core of rope,Strand diameter and weight to be hauled,Weight per unit length and breaking strength,3
325,Mining Engineering,U/g Mines Ventilation,7,Black damp is mixture of?,CO2+N2,CO2+H2,CO2+02,CO2+CO,0
326,Mining Engineering,Open Cast Mining,7,For deeper mines the sand:water ratio in sand stowing is?,1:1,1:3,3:1,1:1.3,3
327,Mining Engineering,Open Cast Mining,7,The elements in the delay element of short delay detonator?,Antimony and potasium permanganate,Redlead and silicon,silicon and Antimony,none of the above,1
328,Mining Engineering,Mine Machinery,7,The cutting unit of continuous miner of borer type the gearing is?,Compound wheel type,Spur gearing,Bevel,Sun and planet,1
329,Mining Engineering,Mine Machinery,7,Output power of the electric coal drill is?,1 kw,2 kw,3 kw,4 kw,0
330,Mining Engineering,Mine Machinery,7,When running the coefficient of friction is taken as?,0.01,0.0025,0.25,0.025,1
331,Mining Engineering,U/g Mines Ventilation,7,The white washing is not done from the face upto ?,400 m,300,100 m,60 m,2
332,Mining Engineering,Mine Legislation,7,No gallery in a seam or section shall exceed atleast .....in width?,3 m,2.5 m,4.8m,5.5 m,2
333,Mining Engineering,Open Cast Mining,7,The relative distance between roof and floor in a vertical plane is called........?,Convergence,Bed separation,Strain,Subsidence,0
334,Mining Engineering,Mine Machinery,7,The factor of safety for the rope haulage is?,10,9,6 to 7,5 to 6,2
335,Mining Engineering,Mine Machinery,7,The method of speed control and electric winder of large capacity i.e above 800kw is?,sheostatic control,Liquid control,Ward leonard speed control,Electrical breaking,2
336,Mining Engineering,Open Cast Mining,7,For given perimeter the greatest area of support is offered by ?,square,rectangle,rhombus,circular,0
337,Mining Engineering,Mine Legislation,7,Register of annual return for the year is maintained in the form of?,FORM Q,FORM R,FORM S,FORM T,3
338,Mining Engineering,Mine Legislation,7,The minimum wages act comes in?,1952,1948,1947,1955,1
339,Mining Engineering,Mine Machinery,7,The safety device consist of wooden beam or block lying across the rails to prevent backward running of tubs is?,Back catch,Drop warwick,Back stay,Stop block,3
340,Mining Engineering,Open Cast Mining,7,Once the pillar extraction is commenced the splitting is of pillars may be done upto.....pillars ahead of the pillar is under extraction?,1,2,3,4,1
341,Mining Engineering,Mine Machinery,7,The maximum width of the belt conveyor is?,1 m,1.5 m,1.8 m,2 m,1
342,Mining Engineering,Mine Legislation,7,If the coal containing more than 30 % V.M then the percentage of incombustable matter in stone dust is?,75 %,65 %,55%,85 %,3
343,Mining Engineering,U/g Mines Ventilation,7,Protomark apparatus contains ....lit of oxygen with ....kg/sq.cm pressure?,100 ; 200,200 ; 400,300 ; 400,300 ; 150,3
344,Mining Engineering,Mine Machinery,7,The ratio between drum dia to the rope dia is called?,Fill factor,Factor of safety,Capacity factor,Beding factor,3
345,Mining Engineering,Mine Legislation,7,The person employed in a underground mine shall not work more than ....hours including overtime ?,8,9,10,12,2
346,Mining Engineering,Mine Legislation,7,In opencast workings;workshops and mine entrances where ...persons are ordinarly employed for taking food and rest;shelters shall be provided?,50,25,75,100,1
347,Mining Engineering,Open Cast Mining,7,If the prop has to be set on looseground it should be placed on a flat base piece having thickness not less than..?,2 cm,3 cm,4 cm,5 cm,3
348,Mining Engineering,Mine Machinery,7,Where continuous movement of loaded and empty tubs are necessary the rope haulage suitable is?,Direct rope haulage,Endless rope haulage,Main tail rope haulage,Gravity,1
349,Mining Engineering,Mine Legislation,7,No person shall be employed in any seam where the outlets or openings of the seam are within......of an active fire or spantaneous heating in a higher seam or fire on the surface?,30 m,60 m,10 m,100 m,1
350,Mining Engineering,Mine Machinery,7,The electric cable used for water places is?,Compound insulated,Volcanised bitumen insulated cable,5 core individually screened cable,5 core collectively screened,0
351,Mining Engineering,Open Cast Mining,8,In resin capsule the mixture hardens within .... seconds and become solid?,20 - 30,30 - 40,40 - 50,50 - 60,1
352,Mining Engineering,Mine Machinery,8,"318,The breaking strength of the locked coil rope is......... if C is rope dia?",52 C*C,56 C*C,85 C*C,95 C*C,2
353,Mining Engineering,Open Cast Mining,8,The method of where the mineral is excavated in small open pits but it is transported to the surface through u/g excavations and transport system is called?,hydraulic,Glory hole mining,open pit mining,none,1
354,Mining Engineering,U/g Mines Ventilation,8,Anemometers are used to measrure air velocities between?,60 - 1000 m/min,0 - 10 m/min,10 -50 m/min,50 - 60 m/min,0
355,Mining Engineering,Mine Machinery,8,The total suction lift of a turbine pumps should not exceed?,2 m,5 m,7 m,9 m,1
356,Mining Engineering,Mine Legislation,8,Notice of opening is given in the form..?,FORM I,FORM II,FORM III,FORM IV,0
357,Mining Engineering,U/g Mines Ventilation,8,In electric lighting the power cannot be used at a voltage exceeding ?,30,110,220,250,1
358,Mining Engineering,U/g Mines Ventilation,8,The piller left to support the upper level is called?,Sill piller,Crown piller,Rib piller,Protective piller,1
359,Mining Engineering,Open Cast Mining,8,The minimum factor of safety in design pillar in bord and pillar mining?,1,2,3,4,1
360,Mining Engineering,Mine Legislation,8,No caving is permitted where thickness of the hard cover is less than atleast....?,7.5 m,15 m,10 m,20 m,0
361,Mining Engineering,Mine Legislation,8,The termination of the services of a worker not by way of disciplinary action is called?,Retrenchment,lockout,dismissal,layoff,0
362,Mining Engineering,U/g Mines Ventilation,8,Black damp is also called as?,stink damp or stythe,Marsh gas,choke damp,white damp,2
363,Mining Engineering,Mine Machinery,8,Example of non stranded rope is?,Performed rope,Equal lay ropes,Regular lay,Locked coil ropes,3
364,Mining Engineering,Open Cast Mining,8,The process of decay disintegration and decomposition of rocks under the influence of certain physical and chemical agencies of the atmoshere is?,Weathering,Erosion,Denudation,Sedimentation,0
365,Mining Engineering,Mine Legislation,8,In every mine the average monthly output of which exceeds atleast......the manager shall be assisted in the work by safety officer?,5000,3000,7000,1000,0
366,Mining Engineering,Mine Machinery,8,The main valve also called as?,Foot valve,Retaining valve,BYpass valve,Sluice valve,3
367,Mining Engineering,Mine Legislation,8,If a member of the commiittee intends to be absent from India for a period longer than ...he shall tender his resignation?,3 months,1 yr,9 months,6 months,3
368,Mining Engineering,U/g Mines Ventilation,8,Ammonia should not be used in U/g mines as it forms an explosive mixture with air if present ..... by volume?,30 %,40 %,50 %,20 %,0
369,Mining Engineering,Open Cast Mining,8,The stress due to weight of the strata is called?,Induced stress,Residual stress,Lateral stress,Burden stress,3
370,Mining Engineering,Mine Machinery,8,Suction head of Roto/Mono pump is?,4 m,5 m,8 m,10 m,2
371,Mining Engineering,Open Cast Mining,8,The max gap between two chock shield supports is..?,250mm,200mm,150mm,none of the above,2
372,Mining Engineering,Mine Legislation,8,Work's committee is formed employing more than ...........workers?,50,100,200,500,1
373,Mining Engineering,Mine Legislation,8,Every stopping between the main intake and main return airway shall be constructed of manosary or brickwork not less than atleast.....in thickness?,15 cm,25 cm,38 cm,50 cm,1
374,Mining Engineering,U/g Mines Ventilation,8,Air lock doors are required to be arranged where pressure on the door is?,more than 250 pa,less than 250 pa,more than 500 pa,less than 500 pa,0
375,Mining Engineering,U/g Mines Ventilation,8,The illumination at the pitbottom is?,20 to 40 lumens/sq.m,15 to 20 lumens/sq.m,40 to 60 lumens/sq.m,none,0
376,Mining Engineering,Mine Machinery,8,The angle of fleet should not exceed?,1 deg,1.5 deg,3 deg,5 deg,1
377,Mining Engineering,U/g Mines Ventilation,8,Spiralaram is worked on the principle of?,Formation of gas cap,Wheatstone bridge,Infraradiation,Optical properties,0
378,Mining Engineering,U/g Mines Ventilation,8,The quantity of air drawn by an auxiliary fan from the air way should not exceed?,equal to quantity,1/3 of quantity,3/4 of quantity,1/1.5 of quantity,1
379,Mining Engineering,U/g Mines Ventilation,8,The ignition temparature of the bituminous coal is?,500 deg,450 deg,398 deg,200 deg,3
380,Mining Engineering,Open Cast Mining,8,The folds which are characterised with a downward warping of strata and the curvature becomes upwards is?,Anticlines,Symmetric fold,Overturned fold,Synclines,3
381,Mining Engineering,Mine Machinery,8,The limiting gradient for the conveyor with rubber coating without breaking arrangement is?,1 in 3,1 in 4,1 in 5,1 n 6,2
382,Mining Engineering,Mine Machinery,8,The prefferable speed of the belt conveyor is?,20 to 30 m/min,30 to 45 m/min,45 to 60 m/min,45 to 150 m/min,2
383,Mining Engineering,Open Cast Mining,8,The maximum size of the boulder that can load by shovel is.....times the bucket capacity?,0.4,0.6,0.8,0.9,2
384,Mining Engineering,U/g Mines Ventilation,8,The water guage of a axial flow fan can be increased by?,increasing speed of rotation,changing the pitch of blades,installing 2 or more stages,enlarging the evasee of the fan,2
385,Mining Engineering,U/g Mines Ventilation,8,With a centrifugal fan for a given quantity of air increase of efficiency of the and reduction in cost of power can be obtained with?,well designed blades of the fan,well designed spiral casing,well designed evasee,well designed eye of the impeller,2
386,Mining Engineering,Mine Legislation,8,The central govt may direct that accidents other than reportable and serious; which cause bodily injury resulting in the enforced absence from work of the 8 person injured for a period exceeding.....shall be entered in the registry?,12hours,24 hours,48 hours,72 hours,1
387,Mining Engineering,Mine Legislation,8,All surface structures and supports within a horizontal distance of........from all entrances to a mine shall be of fire proof material?,5 m,10 m,15 m,20 m,1
388,Mining Engineering,Open Cast Mining,8,Ventilation by mechanical means is provided in sinking shaft exceeding depth of...m?,30,25,40,15,1
389,Mining Engineering,U/g Mines Ventilation,8,The permitted content of silica dust in mine air should not exceed ?,1 mg/cu.m,2 mg/cu.m,3 mg/cu.m,4 mg/cu.m,1
390,Mining Engineering,Open Cast Mining,8,The yeilding props which exerts resistance with continuous increase in yield are called?,Early bearing supports,Late bearing supports,Hydraulic supports,none of the above,1
391,Mining Engineering,Mine Legislation,8,No person shall be employed where the parting with an overlying seam on fire or in which spataneous heating has taken place consists of less than .......of hard rock?,30 m,60 m,10 m,100 m,2
392,Mining Engineering,Mine Legislation,8,When it is intended to abandon a mine or seam or to discontinue working therof for a period exceeding 60 days the owner or manager shall not less than .....before such abandonment or discontinuance;give to C.I and R.I?,15 days,30days,40 days,60 days,2
393,Mining Engineering,U/g Mines Ventilation,8,The process which involves reacting the ore with liquid solvent that will dissolve the mineral at low or moderate temparature and pressure is called?,Pyrometallurgical,Hydrometallurgical,Bio leaching,none,1
394,Mining Engineering,Mine Legislation,8,"23,If the number of persons employed in the mine is 500 then the quantity of water required is?",1000 lit,500 lit,250 lit,1500 lit,0
395,Mining Engineering,U/g Mines Ventilation,8,The atmosphere is non explosive if the O2 percentage is?,below 12 %,12 % to 20 %,20 % to 40 %,40 % to 50 %,0
396,Mining Engineering,Mine Machinery,8,The range of the poison's ratio is?,0 to 0.15,0.15 to 0.25,0.25 to 0.34,0.34 to 0.5,2
397,Mining Engineering,Mine Legislation,8,Any injury which involves the permanant loss of any part or section of the body is called?,Minor injury,Reportable injury,Fatal injury,Serious bodily injury,3
398,Mining Engineering,Open Cast Mining,8,The machine suitable for digging alluvium sandy soil unconsolidated rock or blasted coal or rock and which can dip below the level at which it stands and casts the material over a wide area is?,Hydraulic shovel,Dipper shovel,Tractro shovel,Dragline,3
399,Mining Engineering,Open Cast Mining,8,During development the height of the gallery should not exceed?,2m,3m,4m,5m,1
400,Mining Engineering,Open Cast Mining,8,Direction of the longwall face advance towards the dip side is possible only when gradient of the seam is ?,slightly or nearly flat,upto 25 deg,45 deg,60 deg,0
401,Mining Engineering,Mine Legislation,8,The life of the winding rope is .....years?,2,3.5,5,6,1
402,Mining Engineering,Mine Machinery,8,Total capacity of motor in AM-50 roadheader is?,100 kw,155 kw,200 kw,120 kw,1
403,Mining Engineering,Open Cast Mining,8,The amount of diesel oil mixed for 100kg of AN is( dryseason and wet seanson)?,5 and 6,6 and 7,7 and 9,10 and 12,2
404,Mining Engineering,Open Cast Mining,8,To study bed rock lying below soil cover 1m adn max 30m deep pits are made is known as ?,Trenching,Pitting,tracing of float,none,1
405,Mining Engineering,U/g Mines Ventilation,8,The percentage test will be conducted if the methane percentage is?,1 to 2 %,2 to 3 %,3 % or more,Below 1 %,2
406,Mining Engineering,Open Cast Mining,8,In hydraulic sand stowing the throw of the sand without nozzle is ...m and with nozzle is ...m?,2 ; 6,3 ; 7,4 ; 8,5 ; 9,1
407,Mining Engineering,U/g Mines Ventilation,8,Splits reduce the doors on haulage roads but ?,Increase pressure,Decrease quantity,Increase Number of air crossings,none,2
408,Mining Engineering,Open Cast Mining,8,The metamorphic form of orthoclase is?,schist,gneiss,china clay,talc,2
409,Mining Engineering,Mine Legislation,8,Every ladder in the shaft shall be securely fixed in the shaft at an inclination of nor more than .......from the horizontal?,60 deg,70 deg,80 deg,45 deg,2
410,Mining Engineering,Mine Legislation,8,The floor area of the shelter should not less than?,10 sq.m,14 sq.m,20 sq.m,18 sq.m,1
411,Mining Engineering,U/g Mines Ventilation,8,In reviving apparatus the maximum O2 is supplied to person is?,10 lit/min,20 lit/min,30 lit/min,40 lit/min,2
412,Mining Engineering,Open Cast Mining,8,In ANFO the water content should not be more than?,6 %,7 %,8 %,9 %,3
413,Mining Engineering,Open Cast Mining,8,The minimum thickness of the coal seam for adopting Bord and pillar method of mining?,1.0 m,1.5 m,2.0 m,2.5 m,1
414,Mining Engineering,Mine Machinery,8,The efficiency for electric genarator is .....but for air compressors it is...?,90 % ; 70 %,70 % ; 90 %,80 % ;50 %,80 % ; 80 %,0
415,Mining Engineering,Open Cast Mining,8,The limitation for the inclined drilling is?,10 deg off the vertical,30 deg off the vertical,45 deg off the vertical,60 deg off the vertical,1
416,Mining Engineering,Open Cast Mining,8,With AFC the length of single unit face commonly?,80m,100m,160m,200m,1
417,Mining Engineering,Mine Machinery,8,The resistance which a body offers to being pulled asunder by tensile force is called?,Ductility,Mallability,Toughness,Tenacity,3
418,Mining Engineering,Mine Machinery,8,When men are being hoisted orlowered as the cage appoached pit top or pit bottom decking level its speed should not exceed 1.5 m/sec such arrangement is known as?,Over speed device,Overwind device,Wardleonard control,Slow banking device,3
419,Mining Engineering,Mine Legislation,8,Register of notice of medical re-examination by medical board is maintained in the form of?,FORM Q,FORM R,FORM S,FORM T,0
420,Mining Engineering,U/g Mines Ventilation,8,While approaching a water logged area with safety boring apparatus an emergency shutoff door shall be built away from the site of boring machine at a distance of?,10 m,15 m,20 m,25 m,1
421,Mining Engineering,U/g Mines Ventilation,8,In the flame safety lamp should be discorded if the battery voltage is?,Below 5,Above 5,Below 2.3,2.3 to 5,2
422,Mining Engineering,Mine Legislation,8,If a mine is abandoned or working thereof is discontinued over a period exceeding 60 days if a change occurs in the owner of mine the annual returns shall be submitted within......days abandoment or change of ownership or within ....days of discontinuance?,30 ; 90,60 ;90,30 ;60,60 ;120,0
423,Mining Engineering,Mine Machinery,8,The maximum life of the winding rope is?,10 years,7 years,5 years,3.5 years,3
424,Mining Engineering,U/g Mines Ventilation,8,cooling power by conduction convection and radiation is given by using the ?,dry bulb temparature,wet bulb temparatute,Average time of wet and dry bulbs,wet and dry bulb time and velocity of air,1
425,Mining Engineering,Mine Legislation,8,The maximum number of days for vocational training in general..?,6 days,12 days,18 days,20 days,0
426,Mining Engineering,Mine Machinery,9,The most important role plays in a safety that a component detaching hook is?,Jaws,Centre pivot,Copper pin,D link pin,2
427,Mining Engineering,Open Cast Mining,9,Bord and pillar method is applied when a seam is?,Outcropping,at shallow depth,at moderate depth,at greater depth,2
428,Mining Engineering,Mine Legislation,9,Concillation officer shall send a report to govt. within .....days of start of concillation proceedings?,7,14,30,60,1
429,Mining Engineering,Open Cast Mining,9,IN sand stowing high local velocity of sand results?,cavitaiton,wear on pipes,setup pulsation,jamming,1
430,Mining Engineering,U/g Mines Ventilation,9,If the CH4 and air mixture is at 1000 deg C then the delay for ignition is?,20 sec,10 sec,5 sec,1 sec,3
431,Mining Engineering,Mine Legislation,9,The term of the committee member is........years?,5,4,3,2,2
432,Mining Engineering,Mine Machinery,9,The safe distance for brakes in loco is?,30 m,60 m,90 m,15 m,1
433,Mining Engineering,Mine Legislation,9,If the number of persons are 3000 in the mine then the number of workmen inspectors are required is?,1,2,3,4,2
434,Mining Engineering,Mine Machinery,9,The shape of the drill rod used in stone is?,Diamond section,HExagonal,Square section,Turbine section,3
435,Mining Engineering,Mine Legislation,9,Every year ...of the persons employed at the mine undergo the medical examination every year?,1/2,1/3 rd,1/4 th,1/5 th,3
436,Mining Engineering,Mine Machinery,9,The out put per month for the Backshunt circuit is?,50000,40000,30000,20000,0
437,Mining Engineering,Mine Machinery,9,Guy ropes;guide ropes are the example of?,Non-stranded ropes,Stranded ropes,Standing ropes,Running ropes,2
438,Mining Engineering,U/g Mines Ventilation,9,when mixed with air H2S forms on explosive mixture the limits of inflamability is ?,5 - 15,4.3 - 45,12 - 75,4.5 - 75,1
439,Mining Engineering,U/g Mines Ventilation,9,The diseased caused due to exposed to dusty atmosphere containing large amount of smoke?,Anthracosis,Ankylostomiasis,Silicosis,Asbestosis,0
440,Mining Engineering,Open Cast Mining,9,The seam thickness is suitable for coal plough operation?,0.2 to 1m,0.6 to 2m,1 to 3m,3 to 5 m,1
441,Mining Engineering,Mine Machinery,9,The maximum working gradient for coal cutting machine is?,1 in 3,1 in 4,1 in 6,1 in 10,2
442,Mining Engineering,Open Cast Mining,9,The permitted explosive used in u/g in BOS of all gassimines?,Ajax-G,Unisax-G,Soligex,Solimax,2
443,Mining Engineering,Open Cast Mining,9,In the detonator the priming charge is?,PETN,TNT,ASA,AN,2
444,Mining Engineering,U/g Mines Ventilation,9,The blanketing layer which is used to detect cracks in stopings should be ....m thick?,1,2,3,4,2
445,Mining Engineering,Open Cast Mining,9,Olivine belongs to?,Amphibole,Pegmatite,Pyroxene,Peridote,3
446,Mining Engineering,U/g Mines Ventilation,9,In refrigerant circulation system the refrigerant used is?,Ammonia,Calcium chloride,Freon-12,Corbon dioxide,0
447,Mining Engineering,Mine Legislation,9,Generally in coal seams having inclination of more than atleast.......the pillars develop a turning moment due to vertical and horizontal forces?,1 in 3,1 in 4,1 in 6,1 in 8,1
448,Mining Engineering,Mine Legislation,9,Examination of air crossings;ventilation stoppings shall be done once in........?,7 days,14 days,30 days,60 days,1
449,Mining Engineering,U/g Mines Ventilation,9,One kg of methane in burning evolves .....kcal of heat?,10000,12000,13600,15000,2
450,Mining Engineering,Mine Legislation,9,The quantity of driking water per person employed in a mine where W.B.T temparature exceeds 30 deg c is?,2 lit,3 lit,4 lit,5 lit,1
451,Mining Engineering,Mine Machinery,9,The components of cage arrachements chanins; links; shackeles; are exempted from periodical heat treatment if they are made of?,wrought iron,Mild steel,0.5 % carbon steel,1.5 % Manganese steel,3
452,Mining Engineering,Mine Legislation,9,No person employed in a public utility service shall go on strike in breach or contract without giving to the employer notice of strike within..?,2 weeks before strike,4 weeks before strike,6 weeks before strike,8 weeks before strike,2
453,Mining Engineering,Mine Legislation,9,Every road or footpath breadth shall not be less than atleast...?,2.5 m,1.8 m,1.5 m,1 m,3
454,Mining Engineering,U/g Mines Ventilation,9,In drypowder extinguiser which chemical is used?,Soda bicorbonate,Mono ammonium phosphate,corbon tetra chloride,B.C.F,1
455,Mining Engineering,Mine Machinery,9,The wires spiral round the core in the same direction as the threads of left hand screw are called?,Non-stranded,Stranded,Right hand ropes,Lefthand ropes,3
456,Mining Engineering,U/g Mines Ventilation,9,The light is extinguished when black damp % is?,17 %,17.5 %,21 %,20 %,0
457,Mining Engineering,U/g Mines Ventilation,9,The minimum voltage at which the methanometer works with accuracy is?,1 v,1.5 v,2.2 v,3 v,2
458,Mining Engineering,U/g Mines Ventilation,9,The limiting gradient of the slusher haulage is?,20 deg,30 deg,45 deg,60 deg,2
459,Mining Engineering,Open Cast Mining,9,The stowing rate in hydraulic sand stowing is?,60-80 tph,80-100 tph,100-120 tph,120-140 tph,1
460,Mining Engineering,Open Cast Mining,9,Gabro is ?,Carbonate rock,Sedimentary rock,Metamarphic rock,Plutonic rock,3
461,Mining Engineering,U/g Mines Ventilation,9,Air samples from behind the stopings should be collected between?,6 am to 9 am,9 am to 12 noon,12 noon to 2 pm,10 pm to 12 pm,2
462,Mining Engineering,Open Cast Mining,9,The stowing efficiency in Mechanical sand stowing?,50 %,73 %,60 %,70 %,2
463,Mining Engineering,Mine Machinery,9,The traveling speed of the shuttle car without load is?,3 to 5 kmph,5 to 6 kmph,7 to 8 kmph,8 to 10 kmph,2
464,Mining Engineering,Mine Machinery,9,The wire ropes which offers better wearing surface and more resist to bending fatigue are called?,Lang's lay,Ordinary lay,Right hand,Locked coil,0
465,Mining Engineering,U/g Mines Ventilation,9,The maximum air velocity at the main haulage roads is?,1.7 m/s,3 m/s,5 m/s,7.5 m/s,2
466,Mining Engineering,U/g Mines Ventilation,9,The efficiency of the workman if the wet bulb temparature in the mine is 310 K?,100,75,50,25,3
467,Mining Engineering,Mine Legislation,9,A vehicle transporing explosives shall not be driven at a speed exceeding....kmph ?,15,20,25,30,2
468,Mining Engineering,Mine Machinery,9,In most premanant installations with pnematic tools and machines the leakage should not exceed ...of the total compressor capacity?,5 %,2 %,7 %,10 %,0
469,Mining Engineering,Mine Legislation,9,All results of measurment of airborne respirable dust and all other relevant particulars shall be systamatically recorded within.....of the date of collection of samples?,7 days,14 days,30 days,2 months,1
470,Mining Engineering,Open Cast Mining,9,The daily advance in development of galleries by continuous miner?,20m,30m,40m,50m,2
471,Mining Engineering,Mine Legislation,9,Every worker has to go vocational training once in..........years?,3,5,6,4,1
472,Mining Engineering,U/g Mines Ventilation,9,The method of dealing with fire in mine where heating is in the initial stages and its exact location is known is?,Digging out and extinguishing,Blanketing,Flooding,Sealing off,0
473,Mining Engineering,Open Cast Mining,9,The explosive charge per hole in BG method?,2 - 3 kg,1 - 2 kg,3 - 4 kg,4 - 5 kg,0
474,Mining Engineering,Mine Machinery,9,What is the normal operating air pressure for pnematically operated machines in underground is.....psi?,65,25,85 to 100,100 to 120,2
475,Mining Engineering,Mine Machinery,9,The drill used for upward drilling normally for wet drilling is?,Jack hammer,Drifter,Stoper,Electric drill,2
476,Mining Engineering,Mine Machinery,9,The pit top and pit bottom arrangement which deals with reasonable output per month and occupies less space is?,Run round arrangement,Back shunt circuit,Turn table circuit,Traverse circuit,2
477,Mining Engineering,Mine Legislation,9,Abstracts of the mines act is in?,second schedule,third schedule,forth schedule,fifth schedule,3
478,Mining Engineering,Mine Legislation,9,The top and bottom of every haulage plane every regular stoping place expect within.....of the face;the roof and sides shall be white washed ?,60 m,50 m,200 m,100 m,3
479,Mining Engineering,U/g Mines Ventilation,9,The inclined water guage can read upto?,2 mm,1.5 mm,1 mm,0.2 mm,3
480,Mining Engineering,Mine Legislation,9,Register of second and final notice of initial periodical medical examination is maintained in the form of?,FORM N,FORM O,FORM P,FORM P-I,0
481,Mining Engineering,Mine Legislation,9,Canteens should be painted atleast once in...?,6 months,3 yrs,1 yr,2 yrs,1
482,Mining Engineering,Mine Legislation,9,All unsued workings which are not sealed off and the isolation stoppings shall be inspected once in.......?,a day,7 days,14 days,30 days,1
483,Mining Engineering,Mine Legislation,9,The decending cage from being landed at the pit bottom or other permanant landing at a speed exceeding....m/sec?,1,1.5,2,3,1
484,Mining Engineering,Open Cast Mining,9,Which portion of pipe damaged more in sand stowing?,upper portion,middle portion,2/3 from the top,lower portion,0
485,Mining Engineering,U/g Mines Ventilation,9,The flame of a flame safety lamp while testing for CH4 spires of jumps at the ?,1 %,2 %,3 %,5 %,2
486,Mining Engineering,U/g Mines Ventilation,9,The method of stoping best suited to low grade deposits of horizontal or mild dip and of thickness upto 5m is?,Open stoping,Breast stoping,Sublevel stoping,Shrinkage stoping,1
487,Mining Engineering,U/g Mines Ventilation,9,The delay eliminates completely if the H2 % in methane is?,10,20,30,40,2
488,Mining Engineering,U/g Mines Ventilation,9,The method of stoping for narrow and steeply dipping ore with any type of ore and walls is?,Square set,Top slicing,Resuing,Cut and fill,2
489,Mining Engineering,Open Cast Mining,9,An inlier is ?,Spread of older rock on younger rocks,surface erosion,older rock exposed in younger rock,bend in rocks,2
490,Mining Engineering,Mine Legislation,9,Inspection of all entrances of the mine is done once in.......?,a day,7 days,14 days,30 days,1
491,Mining Engineering,Open Cast Mining,9,The maxmimum compressive strength of cavable roof?,300 kg/sq.cm,400 kg/sq.cm,500 kg/sq.cm,600 kg/sq.cm,2
492,Mining Engineering,Mine Machinery,9,The tractive effort varies with the?,directly weight of the train,inversely weight of the train,directly with the speed of the train,inversely with the speed of the train,3
493,Mining Engineering,Mine Legislation,9,Where either of the two ways affording means of egress from the district to the surface is not ordinarly used for trevelling once atleast in every.....the whole of such way is examined by sirdar?,7 days,10 days,15 days,30 days,0
494,Mining Engineering,U/g Mines Ventilation,9,Modern flame safety lamps can withstand an air velocity of?,5 m/s,10 m/s,15 m/s,20 m/s,2
495,Mining Engineering,Open Cast Mining,9,Diamond drilling is applicable upto a max depth of .....m?,500,1000,3000,5000,2
496,General Aptitude & Reasoning,English grammar and vocabulary,9,Choose the most appropriate alternative from the options given below to complete the following sentence: I___ to have bought a diamond ring.,have a liking,should have liked,would like,may like,2
497,General Aptitude & Reasoning,English grammar and vocabulary,9,Choose the most appropriate alternative from the options given below to complete the following sentence: Food prices ___ again this month.,have raised,have been raising,have been rising,have arose,2
498,General Aptitude & Reasoning,English grammar and vocabulary,9,"Choose the most appropriate alternative from the options given below to complete the following sentence: The administrators went on to implement yet another unreasonable measure, arguing that the measures were already __ and one more would hardly make a difference.",reflective,utopian,luxuriant,unpopular,3
499,General Aptitude & Reasoning,English grammar and vocabulary,9,"Choose the most appropriate alternative from the options given below to complete the following sentence: To those of us who had always thought him timid, his ___ came as a surprise.",intrepidity,inevitability,inability,inertness,0
500,General Aptitude & Reasoning,Probability and statistics,9,"Two policemen, A and B, fire once each at the same time at an escaping convict. The probability that A hits the convict is three times the probability that B hits the convict. If the probability of the convict not getting injured is 0.5, the probability that B hits the convict is",0.14,0.22,0.33,0.4,0
501,General Aptitude & Reasoning,General aptitude,10,"If a prime number on division by 4 gives a remainder of 1, then that number can be expressed as",sum of squares of two natural numbers,sum of cubes of two natural numbers,sum of square roots of two natural numbers,sum of cube roots of two natural numbers,0
502,General Aptitude & Reasoning,Reading comprehension,10,"In the early nineteenth century, theories of social evolution were inspired less by Biology than by the conviction of social scientists that there was a growing improvement in social institutions. Progress was taken for granted and social scientists attempted to discover its laws and phases. Which one of the following inferences may be drawn with the greatest accuracy from the above passage? Social scientists",did not question that progress was a fact.,did not approve of Biology.,framed the laws of progress.,emphasized Biology over Social Sciences.,0
503,Mining Engineering,Mine surveying,10,"A 30 m steel tape having an area of cross-section of 5 x 10 m” is standardized at 20°C, supported under a tension of 5.45 N. It is used to measure a horizontal distance of 81.15 m under an applied tension of 9.09 N. The error, due to incorrect pulling arrangement in this observation, in m is (Egee= 200 GPa)",0.148,0.295,1.82,3.64,1
504,Mining Engineering,Mining engineering fundamentals,10,! The value of jsin'] (cosx)dx is 0 (ir—l) (7r+1) (27r+1) (Zﬂ—]),>,2 2 ()] 2,——=~,———=,0
505,Mining Engineering,Mining engineering fundamentals,10,"Assuming sin(l) =0.841and sin(3) =0.141, the Lagrangian linear interpolating polynomial, for the function f'(x) =sin(x) defined on the interval [1, 3] and passing through the end points of the interval, is",0.35x+1.19,3.05x+11.92,#ERROR!,—40.50x+219.19,0
506,Mining Engineering,Rock mechanics and strata control,10,A cylindrical rock specimen is uniaxially loaded under compression and fails at 50 MPa. The fracture plane is inclined at an angle of 45° with the axial direction. The normal and shear stresses respectively on the failure plane in MPa are,"50, 50","0,50","50,0","25,25",3
507,Mining Engineering,Mining engineering fundamentals,10,"In a surface mine, sound pressure level at a location generated by operation of a dozer and a drill respectively are 80 dBA and 60 dBA, when operated independently. The sound pressure generated by the dozer compared to the drill is higher by a factor of",10,20,100,200,0
508,Mining Machinery & Materials Handling,Mining machinery and materials handling,10,"As per the Indian Electricity Rules 1956, the maximum permissible length of a flexible cable used with an electric rope shovel in m is",100,200,300,500,2
509,Mining Engineering,Mining engineering fundamentals,10,The equipment that is NOT used in hard rock metal mining drivage is,road header,drill jumbo,jack hammer,dint header,3
510,Mining Engineering,Rock mechanics and strata control,10,The roof bolt that follows the principle of point anchorage is,expansion shell bolt,full column grouted bolt,split set bolt,swellex bolt,0
511,Mining Engineering,Mining engineering fundamentals,10,Equipment used in mining of placer deposits is,auger,wagon drill,rope saw,riftle box,3
512,Mining Engineering,Mining engineering fundamentals,10,Nystagmus is a miner’s disease associated with,lever,lung,eye,stomach,2
513,Surface & Underground Mining Methods,Surface and underground mining methods,10,"Apart from mining of coal, the longwall mining method has been practiced for mining the deposits of",copper,lead and zinc,manganese,pyrite and phosphate,3
514,Mining Engineering,Mining engineering fundamentals,10,"The three segments, whose synchronous functioning is essential for GPS operations, are","space, control and user","signal, control and user","space, control and geo-registration","signal, control and geo-registration",0
515,Surface & Underground Mining Methods,Surface and underground mining methods,10,"When a double ended ranging drum shearer cuts coal in a longwall face,",both the drums rotate in the same direction keeping the front drum up and the rear drum down,both the drums rotate in the opposite direction keeping the front drum up and the rear drum down,both the drums rotate in the opposite direction keeping the front drum down and the rear drum up,both the drums rotate in the same direction keeping the front drum down and the rear drum up,1
516,Mine Ventilation & Environment,Mine ventilation and environment,10,"The match the following Mine gas Principal constituent P Stink damp 1 CO Q White damp 2 H,S R Black damp 3 CH, S Fire damp 4 CO,","P-1,Q-2,R-3,S-4","P-3,Q-4,R-1, S-2","P-2,Q-1,R-4,8-3","P-2, Q-1,R-3, S-4",2
517,Mining Engineering,Mining engineering fundamentals,10,Continuous miner and shuttle car combination is NOT applicable in mining with,rib pillar extraction technique,Wangawilli system,room and pillar method,longwall method,3
518,Mine Ventilation & Environment,Mine ventilation and environment,10,A Dragger Gas Mask DOES NOT filter,water vapour,nitrous fumes,carbon monoxide,carbon dioxide,1
519,Mining Engineering,Mining engineering fundamentals,10,"A system consists of four elements A, B, C and D which are connected functionally in a parallel configuration. The individual reliability of the elements is 0.80, 0.82, 0.85 and 0.90 respectively. The reliability of the system is",0.498,0.602,0.75,0.999. e blasting technique used for controlled throw of overburden is known as,3
520,Mining Engineering,Rock blasting and drilling,10,The blasti hni d f lled thi f burden is k,cast blasting,coyote blasting,plaster shooting,pop shooting,0
521,Mining Engineering,Rock blasting and drilling,10,"The stoping method, where a large part of blasted ore is allowed to accumulate in the stope to serve the purpose of providing working platform for stoping as well as to support the wall-rock, is known as",shrinkage stoping,cut and fill stoping,square-set stoping,sublevel stoping,0
522,Engineering Mathematics,Engineering mathematics,10,An iron ore mine recorded an average of 3 accidents per month. The number of accidents is distributed according to Poisson distribution. The probability that there will be exactly 2 accidents per month is,0.22,0.3,0.43,0.67,0
523,Mining Machinery & Materials Handling,Mining machinery and materials handling,10,Match the following: Equipment Component P Scraper 1 Dribble belt Q Dragline 2 Dipper stick R Bucket wheel excavator 3 Fairlead S Rope shovel 4 Bowl,"P-2, Q-4,R-3, S-1","P-4, Q-2, R-1, S-3","P-4,Q-3,R-1,S-2","P-2, Q-4,R-1, S-3",2
524,Mining Machinery & Materials Handling,Mining machinery and materials handling,10,"The torque in N-m of a winder motor is described by the relationship 7 =1450 - 3.2, where, wis the angular speed of the motor in rad/s. If the shaft is rotating at a speed of 1450 rpm, the power of the motor in kW is",112.4,146.4,184.4,212.4,1
525,Mining Engineering,Mining engineering fundamentals,10,"A spherical droplet of water, with density 1000 kg/m and diameter of 1 pm, is falling in air. The viscosity of air is 1.85 x 10 “kg/m-s. Neglecting air density and assuming that the settling of droplet in air follows Stokes’ Law, the settling velocity in m/s is",0.98x 10,2.95x10°*,8.04x10°,53.03x10°7°,1
526,"Mine Planning, Geostatistics & Economics",Mine planning and economics,10,"A mining company has three mines (M1, M2 and M3) that supply coal to three power plants (P1, P2 and P3). The three mines produce 900, 1000 and 1200 te of coal per day respectively. The power plant requirements from these three mines are 1200, 1000 and 900 te per day respectively. The unit cost of transporting coal from the three mines to the three power plants in Rs. is given below Power plants P1 P2 P3 Ml 8 10 12 Mines M2 12 13 12 M3 14 10 11 Based on the initial basic feasible solution, using Vogel’s approximation method, the total transportation cost in Rs. is",31200,31400,32800,40000,1
527,Mining Engineering,Mining engineering fundamentals,10,The angle between the tangents to the curve R=1%+ 21‘}' at the point £ = =*1 is T V4,—,3 V4 V4,—,;,0
528,Mining Engineering,Rock mechanics and strata control,10,"A series of triaxial tests of sandstone samples reveal the cohesion and the angle of internal friction as 21.65 MPa and 30° respectively. Based on the assumption that the sandstone samples follow the Mohr-Coulomb’s failure criteria, the tensile strength in MPa is",12.5,18.75,21.65,25,3
529,Mining Engineering,Mine surveying,10,The adjusted values of departure and latitude for a traverse line AB obtained in a field survey of a mine are 225.520 m and 388.835 m respectively. The length in m and azimuth of line AB are,"449.50, 30.11°","614.36, 30.11°","614.36,45.11°","449.50, 45.11°",0
530,Mining Engineering,Rock blasting and drilling,10,Match the following: Mining system Face supports P Mechanized longwall in flat seam 1 Cable bolting Q Blasting gallery method 2 Shield support R Mechanized longwall in steep seam 3 Alpine breaker line support S Wangawilli method for 3 m thick coal seam 4 Troika shield support,"P-2,Q-1,R-4,S-3","P-4, Q-1,R-3, S-2","P-4,Q-2,R-3,S-1","P-2, Q-3,R-4,S-1",0
531,Mining Engineering,Rock mechanics and strata control,10,"A circular tunnel of 1.85 m radius is driven in rock in a hydrostatic stress field of 20 MPa. The tunnel lining is provided before occurrence of any rock deformation. The shear modulus of rock is 2 GPa and the modulus of elasticity of lining material is 3 GPa. Assuming both rock and lining behave elastically, the radial pressure on the rock and lining interface in MPa is",8.19,9.91,11.62,13.33,2
532,Mining Engineering,Mining engineering fundamentals,10,The annual production target in Mte is,5.76,7,8.19,9,3
533,General Aptitude & Reasoning,English grammar and vocabulary,10,The Headmaster to speak to you. Which of the following options is incorrect to complete the above sentence?,is wanting,wants,want,was wanting,2
534,General Aptitude & Reasoning,General aptitude,10,Mahatama Gandhi was known for his humility as,he played an important role in humiliating exit of British from India.,he worked for humanitarian causes.,he displayed modesty in his interactions.,he was a fine human being.,2
535,General Aptitude & Reasoning,General aptitude,10,Select the pair that best expresses a relationship similar to that expressed in the pair: water: pipe,cart: road,electricity: wire,sea: beach,music: instrument,1
536,General Aptitude & Reasoning,General aptitude,10,Following table gives data on tourists from different countries visiting India in the year 2011. Country Number of Tourists 2000 3500 1200 1100 2400 2300 1000 Which two countries contributed to the one third of the total number of tourists who visited India in 20117,USA and Japan,USA and Australia,England and France,Japan and Australia,2
537,General Aptitude & Reasoning,General aptitude,10,If |—2X + 9| = 3 then the possible value of |—X| — X? would be,30,30,42,42,1
538,General Aptitude & Reasoning,Logical reasoning,10,All professors are researchers Some scientists are professors Which of the given conclusions is logically valid and is inferred from the above arguments,All scientists are researchers,All professors are scientists,Some researchers are scientists,No conclusion follows,2
539,Engineering Mathematics,Engineering mathematics,10,"Ifthe transpose of a matrix is equal to its inverse, then the matrix is",symmetric,orthogonal,skew symmetric,singular,1
540,Mining Engineering,Mining engineering fundamentals,10,"Inthe Moh’s scale of hardness, the minerals in increasing sequence of hardness are","calcite, gypsum, topaz, diamond","topaz, gypsum, calcite, diamond","calcite, gypsum, diamond, topaz","gypsum, calcite, topaz, diamond",3
541,Mining Engineering,Rock blasting and drilling,10,"For a 25 mm diameter spherical charge, the maximum allowable charge length in cm is",15,25,30,150,0
542,Mining Engineering,Rock blasting and drilling,10,Long-hole drilling with crater blasting is used for the construction of,winze,shaft,raise,decline,2
543,Surface & Underground Mining Methods,Surface and underground mining methods,10,Rill stoping method is a form of,block caving,artificially supported stoping,underhand stoping,overhand stoping,3
544,Mining Engineering,Mine surveying,10,Transit theodolite is a,micro-optic theodolite,theodolite with face left and face right reading facilities,theodolite with stadia hairs,theodolite with two vertical circles,1
545,Mining Engineering,Mining engineering fundamentals,10,Incubation period is NOT related to,crossing point temperature of coal,panel size,seam thickness,explosibility of coal dust,3
546,Mining Engineering,Mining engineering fundamentals,10,Thep phreati face i,less than atmospheric pressure,greater than atmospheric pressure,equal to atmospheric pressure,independent of atmospheric pressure,2
547,Mining Engineering,Rock blasting and drilling,10,"Among the following options, the specific energy for rock-drilling is lowest in",rotary diamond drilling,rotary roller drilling,percussive drilling,jet piercing,2
548,Engineering Mathematics,Engineering mathematics,10,Identify the correct statement for a ‘normal distribution’.,Mean is greater than mode but less than median,Mean is less than mode but greater than median,Mean is greater than mode and median,"Mean, median and mode are equal",3
549,Mining Engineering,Rock blasting and drilling,10,"An emulsion explosive of specific gravity 1.25 is used for blasting in an iron ore formation having P-wave velocity of 3000 m/s and specific gravity of 3.20. For an explosive impedance to rock impedance ratio of 0.5, the desired velocity of detonation of the explosive in m/s is",3840,4000,4200,7680,0
550,Mining Engineering,Mining engineering fundamentals,10,The number of ways in which the letters in the word MINING can be arranged is,10.33,9.61,7.45,6.05,1
551,Mining Machinery & Materials Handling,Mining machinery and materials handling,10,"Ina belt conveyor system, function of the snub pulley is to",clean the inner surface of the belt,clean the outer surface of the belt,increase the angle of contact of belt with drive drum,decrease the belt tension,2
552,Mining Machinery & Materials Handling,Mining machinery and materials handling,10,Two meshing spur gear wheels of Module 6 have 24 and 42 teeth. The distance in mm between the centres of the gear wheels is,1000,198,126,72,1
553,Mine Ventilation & Environment,Mine ventilation and environment,10,"In an experiment to study coal dust explosibility, it is found that at least 3.0 g of limestone dust should be added to a sample of 2.0 g of coal dust to ensure that propagation of flame does not take place. The explosibility factor of coal dust is",60,20,6.7,1.5,3
554,Mining Engineering,Mine surveying,10,"A 20 m steel tape used in a mine survey is found to be 20 cm short when compared with a standard tape. If the measured volume of a dump using the tape is 4000 m?’, its actual volume in m” is",3881,3902,3920,4121,0
555,Mining Engineering,Mine surveying,10,"The boundary of a mine is plotted on a scale of 1:2000. If a planimeter measures the plotted area as 58 cm?, the actual mine area in m” is",5800,11600,23200,29000,2
556,Mining Machinery & Materials Handling,Mining machinery and materials handling,10,"A bucket wheel excavator with 20 buckets of capacity 0.5 m’ each, rotates at 5 rev/min. The bucket fill factor is 80%. The excavator loads on to 1200 mm wide belt conveyor. The cross-section area (m?) of the material on the belt is 0.1B?, where B is the belt width in m. The minimum speed of the belt in m/s to avoid spillage of material is",7.23,5.79,4.63,3.7,2
557,Mining Engineering,Mining engineering fundamentals,10,The value of L’n/z log (cosx) dx is,—glugz,—%logZ,glogz,%logZ,0
558,Mining Machinery & Materials Handling,Mining machinery and materials handling,10,"Given the following, Machine Component P. Dint header 1. Cowl Q. Coal plough 2. Cutting chain R. Road header 3. Loading apron S. Shearer 4. Static set of bits the correct match is","P-4,Q-2,R-3,S-1","P-3,Q-4,R-2,S-1","P-2,Q-3,R-4,S-1","P-2,Q-4,R-3,S-1",3
559,Mining Engineering,Mining engineering fundamentals,10,"Given the following, Rescue apparatus Characteristic P. Draeger BG-4 1. Open circuit chemical oxygen self-rescuer Q. MSA TW-65 2. Filter type self-rescuer R. Draeger Pulmotor 3. Self-contained breathing apparatus S. Oxyboks 4. Resuscitation apparatus the correct match is","P-3,Q-2,R-1,S-4","P-4, Q-1, R-2, S-3","P-3,Q-2,R-4, S-1","P-1, Q-4,R-3, S-2",2
560,Engineering Mathematics,Engineering mathematics,10,"Given the following, Equation/formula/law Application P. Bernoulli equation 1. Pressure loss in laminar flow of fluid Q. Poiscuille equation 2. Drag loss due to regular obstructions in fluid flow R. Bromilow’s formula 3. Energy conservation in ideal fluid flow S. Stokes law 4. Terminal settling velocity of fine particles in fluid the correct match is","P-3,Q-1,R-2,S-4","P-1,Q-3,R-2, S-4","P-2,Q-3,R-4, S-1","P-3, Q-1,R-4, S-2",0
561,Engineering Mathematics,Engineering mathematics,10,Given the following differential equation d%y dy _ = +7 ™ +12y =0 the general solution is,y = Ae* + Be™3*,y = Ae™* + Be™3*,y = Ae3* + Be™**,y = Ae** + Be3*,1
562,Mining Engineering,Rock mechanics and strata control,10,"Given the following, Mining method Technique P Thick seam extraction 1 Double unit face Q Bord and pillar extraction 2 Jet cutting R Longwall face development 3 Inclined slicing S Hydraulic mining 4 Half moon method the correct match is","P-3,Q-4,R-2, S-1","P-1, Q-4,R-2, S-3","P-3,Q-2,R-1,S-4","P-3,Q-4,R-1, S-2",3
563,"Mine Planning, Geostatistics & Economics",Mine planning and economics,10,"Given the following, Excavating/loading machine Transportation scheme P Bucket Wheel Excavator 1 Mine tub Q Continuous Miner 2 Armoured flexible chain conveyor R Shearer 3 Shiftable Conveyor S Load Haul Dumper 4 Shuttle car the correct match is","P-3,Q-2, R-4, S-1","P-3, Q-4,R-2, S-1","P-3,Q-2,R-1,S-4","P-1,Q-4, R-3, S-2",1
564,Mining Engineering,Rock mechanics and strata control,10,"The uniaxial compressive strength of a limestone sample is 80 MPa. The sample is confined at a pressure of 20 MPa in a triaxial compressive strength test. Based on Hoek-Brown failure criteria the maximum principal stress at failure in MPa is (consider rock constants as m =7.88,s = 1.0 and a=0.5)",117.9,132.3,137.9,157.9,3
565,Mining Engineering,Mining engineering fundamentals,10,The mine quantity in m'/s is,160,53.5,45.9,40,3
566,Mining Engineering,Mining engineering fundamentals,10,Anidentical fan is installed in the mine to operate in series with the existing fan. The new mine quantity in m /s is,75.6,56.7,50.8,30.2,2
567,Mining Engineering,Mining engineering fundamentals,10,The closing error of the traverse in mm is,205,20.5,2.05,0.205,0
568,Mining Engineering,Mine surveying,10,The reduced bearing of the closing error in degrees is,87.21,64.03,14.04,o,3
569,"Mine Planning, Geostatistics & Economics",Mine planning and economics,10,"Assuming linear relationship between the net value and grade, the break-even cut-off grade in % Fe is",52.2,54.7,58,62.2,1
570,"Mine Planning, Geostatistics & Economics",Mine planning and economics,10,"Assuming that the grade follows normal distribution with mean 62.7%, and standard deviation 10.0% (A portion of the standard normal distribution table is given below), z 0.00 0.01 0.02 0.03 0.04 0.6 0.72575 0.72907 0.73237 0.73565 0.73891 0.7 0.75803 0.76115 0.76424 0.76730 0.77035 0.8 0.78814 0.79103 0.79389 0.79673 0.79954 0.9 0.81594 0.81859 0.82121 0.82381 0.82639 1.0 0.84134 0.84375 0.84613 0.84849 0.85083 the percentage of waste in the deposit based on the break-even cut-off grade is",78.8,71.2,28.8,21.2,3
571,General Aptitude & Reasoning,English grammar and vocabulary,11,Choose the most appropriate word from the options given below to complete the following sentence. A person suffering from Alzheimer’s disease short-term memory loss.,experienced,has experienced,is experiencing,experiences,3
572,General Aptitude & Reasoning,English grammar and vocabulary,11,Choose the most appropriate word from the options given below to complete the following sentence. is the key to their happiness; they are satisfied with what they have.,Contentment,Ambition,Perseverance,Hunger,0
573,General Aptitude & Reasoning,Probability and statistics,11,"Which of the following options is the closest in meaning to the sentence below? “As a woman, I have no country.”",Women have no country.,Women are not citizens of any country.,Women’s solidarity knows no national boundaries.,Women of all countries have equal legal rights.,2
574,General Aptitude & Reasoning,Ratios and percentages,11,The population of a new city is S/million and is growing at 20% annually. How many years would it take to double at this growth rate?,3-4 years,4-5 years,5-6 years,6-7 years,0
575,General Aptitude & Reasoning,Logical reasoning,11,"Ina group of four children, Som is younger to Riaz. Shiv is elder to Ansu. Ansu is youngest in the group. Which of the following statements is/are required to find the eldest child in the group? Statements 1."" Shiv is younger to Riaz. 2. Shiv is elder to Som.",Statement 1by itself determines the eldest child.,Statement 2 by itself determines the eldest child.,Statements 1 and 2 are both required to determine the eldest child.,Statements 1 and 2 are not sufficient to determine the eldest child.,0
576,General Aptitude & Reasoning,Reading comprehension,11,"Moving into a world of big data will require us to change our thinking about the merits of exactitude. To apply the conventional mindset of measurement to the digital, connected world of the twenty-first century is to miss a crucial point. As mentioned earlier, the obsession with exactness is an artefact of the information-deprived analog era. When data was sparse, every data point was critical, and thus great care was taken to avoid letting any point bias the analysis. From “BIG DATA” Viktor Mayer-Schonberger and Kenneth Cukier The main point of the paragraph is",The twenty-first century is a digital world,Big data is obsessed with exactness,Exactitude is not critical in dealing with big data,Sparse data leads to a bias in the analysis,2
577,Mining Engineering,Mining engineering fundamentals,11,"The angle 5015'25"" is expressed in hours, minutes, and seconds as","1h20min 1,675","1""20m"" 16.00°","0""21Mn 1.67°","0h21™"" 16.00°",2
578,Surface & Underground Mining Methods,Surface and underground mining methods,11,"I d-fill stope, th in purp f back filling i",reduce ore dilution,prevent high stress concentrations in far field domain,prevent displacement due to dilation of fractured wall rock,improve ore rehandling,2
579,Mining Engineering,Mining engineering fundamentals,11,Bypass valve in a compressed oxygen type self-contained breathing apparatus is meant to,release accumulated nitrogen in the breathing bag,release excess pressure in the breathing bag,supply oxygen directly to wearer in case pressure reducing valve does net function,flush out the apparatus with oxygen on opening the cylinder valve,2
580,Mining Engineering,Rock mechanics and strata control,11,Which one of the followingis'the most likely mode of slope failure for waste dump,Circular,Wedge,Plane,Toppling,0
581,Mining Engineering,Mining engineering fundamentals,11,"Cyclone, bag filter and scrubber can be used for control of",water pollution,air pollution,soil pollution,noise pollution,1
582,Mining Engineering,Mining engineering fundamentals,11,A mine waste dump of pH 5.2 can be neutralized by adding,urea,calcium carbonate,sulphuric acid,sodium chloride,1
583,Mining Engineering,Mining engineering fundamentals,11,"The lengths and standard errors of three sections AB, BC, and CD of a straight line AD are given below AB =125.85£0.021 m; BC=205.7240.029 m; CD=246.2140.025 m The standard error in total length AD in m is",£0.0436,£0.0350,£0.0250,£0.0019,0
584,Mining Engineering,Mine surveying,11,"The bearing of side AB of a regular hexagon ABCDEF is S 50°10'E. If the station C is casterly from the station B, the whole circle bearing of the side BC is","65°15'25""","69°50'25""","69°15'25""","69°50°0""",3
585,Surface & Underground Mining Methods,Surface and underground mining methods,11,Match the following for ore handling operations in an underground metal mine Arrangement Description (P) Drawpoint (I) arrangement that prevents oversized rock to pass (Q) Ore pass (IT).a system of vertical or near vertical openings for transferring ore from a stope to a single delivery point (R) Grizzly (III) a place where ore can be loaded and removed (S) Finger raise (IV) a vertical or inclined opening used for transferring ore,"P-1V, Q-III, R-II, S-I","P-1IL, Q-1V, R-L, S-1I","P-I1, Q-IV, R-1, S-1II","P-11I, Q-I, R-IL, S-IV",1
586,"Mine Planning, Geostatistics & Economics",Mine planning and economics,11,"The following characteristic curves (P, Q, R, S) pertain to rotary drilling in rock. X X X X P Q R S Title of the curve I: Torque versus RPM 1I: Rate of penetration versus uniaxial compressive strength of rock 1IIL: Rate of penetration versus weight on bit 1v: Specific energy versus weight on bit Match the curves with their titles","P-III, Q-IV, R-I1, S-I","P-11, Q-1V, R-I, S-III","P-1V, Q-IIL, R-1I, S-I","P-1, Q-III, R-IL, S-IV",2
587,Mining Engineering,Rock blasting and drilling,11,"A centrifugal pump has a discharge rate of 2000 L of water per min against a total head of 200 m. If the pump efficiency is 75%, the input power to the pump in kW is",87.2,49.05,13.33,7.5,1
588,Mine Ventilation & Environment,Mine ventilation and environment,11,Match the following in the context of underground mine environment Instrument Measuring parameter P. Haldane apparatus L Humidity Q. Godbert-Greenwald apparatus II. _Air velocity R. Hygrometer II. Mine air composition S. Anemometer IV Ignition point temperature,"P-II, Q-I, R-II, S-IV","P-III, Q-IV, R-I, S-IT","P-1V, Q-II, R-IIL, S-1","P-I, Q-IIL R-1V, S-II",1
589,Mine Ventilation & Environment,Mine ventilation and environment,11,A waste water effluent has BODs of 80 mg/L and the reaction rate constant is 0.16 per day. The ultimate BOD in mg/L is,85,100,120,145,3
590,General Aptitude & Reasoning,English grammar and vocabulary,11,"Choose the appropriate word/phrase, out of the four options given below, to complete the following sentence: Apparent lifelessness dormant life.",harbours,leads to,supports,affects,0
591,General Aptitude & Reasoning,English grammar and vocabulary,11,Fill in the blank with the correct idiom/phrase. That boy from the town was a in the sleepy village.,dog out of herd,sheep from the heap,fish out of water,bird from the flock,2
592,General Aptitude & Reasoning,English grammar and vocabulary,11,Choose the statement where underlined word 1s used correctly.,"When the teacher eludes to different authors, he 15 being elusive.","When the thief keeps eluding the police, he 1s being elusive.",Matters that are difficult to understand. identify or remember are allusive,Mirages can be allusive. but a better way to express them 1s illusory.,1
593,General Aptitude & Reasoning,Logical reasoning,11,"Tanva 1s older than Eric. Cliff 15 older than Tanya. Enic 1s older than ClLiff If the first two statements are true, then the third statement 1s",TRUE,FALSE,Uncertain,Data insufficient,1
594,General Aptitude & Reasoning,Logical reasoning,11,"Given below are two statements followed by two conclusions. Assuming these statements to be true, decide which one logically follows. Statements: I No manager 1s a leader. II. All leaders are executives. Conclusions: I, No manager 1s an executive. II. No executive 1s a manager.",Only conclusion I follows.,Only conclusion II follows.,Neither conclusion I nor IT follows.,Both conclusions I and II follow.,2
595,General Aptitude & Reasoning,Geometry,11,"Right triangle PQR 1s to be constructed in the xy - plane so that the nght angle 1s at P and line PR 1s parallel to the x-axis. The x and y coordinates of P, Q. and R are to be integers that satisfy the mequalities: —4 < x < 5 and 6 < y = 16. How many different triangles could be constructed with these properties?",110,1.1,9.9,10,2
596,General Aptitude & Reasoning,Probability and statistics,11,A coin 1s tossed thrice. Let X' be the event that head occurs n each of the first two tosses. Let be the event that a tail occurs on the third toss. Let Z be the event that two tails occur in three tosses. Based on the above information. which one of the following statements 1s TRUE?,X and are not independent,and Z are dependent,Y and Z are independent,X and Z are independent,1
597,Mining Engineering,Rock mechanics and strata control,11,"Qut of the support categories given for an underground coal mine, identify the ‘active support.",wire mesh,shotcrete,fully grouted roof bolt,hydraulic prop,3
598,Mining Engineering,Rock mechanics and strata control,11,"Massive sandstone in immediate roof delays the local fall in goaf of a coal mine. Under this condition, crushing of the pillars at outbye side 1s called",coal bump,overriding of pillars,stiffening of pillars,spalling of pillars,1
599,Mining Engineering,Mine surveying,11,The angle in degrees at which a ridge line intersects contours is,0,30,45,90,3
600,Mining Machinery & Materials Handling,Mining machinery and materials handling,11,In a drum hoisting system through a vertical shaft. overwinding is prevented by,Lilly controller,detaching hook,caliper brake,safety catch,1
601,Surface & Underground Mining Methods,Surface and underground mining methods,11,The excess pore pressure 1n backfill matenial in a cut-and-fill stope leads to,reduction in strength of the wall rock,enhancement of bearing strength of fill,loss of shear resistance of fill,prevention of progressive failure of crown pillar,2
602,Mining Engineering,Rock blasting and drilling,11,The primary purpose of cut holes for blasting in an underground drivage is to,provide additional free face,have smooth surface after blasting,prevent over-breakage,reduce noise,0
603,Mining Engineering,Mine surveying,11,"In a triangle ABC. the bearings of the sides AB. BC. and CA are 60°. 130°. and 270° respectively. The interior angles A. B, and C in degrees respectively are","110.40, 30","40,110, 30",30.40.110,30.110. 40,3
604,Mine Ventilation & Environment,Mine ventilation and environment,11,"In a BOD test, 5 ml of wastewater 1s diluted with pure water to fill a 300 ml BOD bottle. The initial and final dissolved oxygen contents of the mix are 9.0 mg/l and 7.0 mg/l respectively. The BOD of the wastewater, in mg/l. 1s",2,10,120,600,2
605,Mining Engineering,Mining engineering fundamentals,11,Dilatancy of rock 1s associated with,increase in surface area after fragmentation,decrease in volume due to compression of rock,increase in shear strain due to cracking of rock,increase in volume due to cracking of rock,3
606,"Mine Planning, Geostatistics & Economics",Mine planning and economics,11,In a fully mechanised bord and pillar mining system. winning of coal and its transportation from the face 1s commonly carried out with the combination of,"continuous miner, shuttle car, feeder breaker and belt conveyor","continuous miner. LHD, feeder breaker and chain conveyor","continuous miner, SDL., feeder breaker and belt conveyor","contnuous miner, shuttle car, feeder breaker and chain conveyor",0
607,Mining Engineering,Mining engineering fundamentals,11,"In self-contamed chemical-oxygen self-rescuer, oxygen 1s produced by",Hopcalite,potassium peroxide,sodium hydroxide,Protosorb,1
608,Mining Engineering,Rock blasting and drilling,11,"In a 4.2 m wide and 3.0 m high gallery in a coal seam, twelve shot holes are blasted per round. The holes are charged with 2 explosive cartridges of 435 g each. If the powder factor of the blast 1s 2.2 tonne/kg and specific gravity of coal 1s 1.4, the pull per round of blast in m 1s",1.45,1.7,1.3,4.06,2
609,Mining Engineering,Rock mechanics and strata control,11,Match the following locations with support types in coal mines. Location Support type P. Roadway junctions 1. Powered support Q. Between adjacent panels 2. Chock and bolt R Longwall face 3. Back fill S. Goaf 4. Barrier pillar,P-2Q-3R-1.54,P-4Q-3R-1.52,P-2.Q4R-153,P-2.Q-3.R-45-1,2
610,Mining Engineering,Mining engineering fundamentals,11,"Copper ore of average grade 0.65% 15 mined, milled. smelted and then refined. The following information 1s available: Mill recovery rate : 85% Average grade in mill concentrate 1 20% Loss in smelting process : 5 kg/tonne of concentrate Loss in refining process : 2 kg/tonne of blister copper The amount of refined copper obtained per tonne of ore 1 kg 1s",5.1,5.37,552,6.5,1
611,General Aptitude & Reasoning,General aptitude,11,The volume of a sphere of diameter 1 unit is than the volume of a cube of side 1 unit.,least,less,lesser,low,1
612,General Aptitude & Reasoning,General aptitude,11,The unruly crowd demanded that the accused be without trial.,hanged,hanging,hankering,hung,0
613,General Aptitude & Reasoning,English grammar and vocabulary,11,Choose the statement(s) where the underlined word is used correctly: (i) A prone is a dried plum. (ii) He was lying prone on the floor. (iii) People who eat a lot of fat are prone to heart disease.,(i) and (iii) only,(iii) only,(i)and (i) only,(ii) and (iii) only,3
614,General Aptitude & Reasoning,Logical reasoning,11,"Fact: If it rains, then the field is wet. Read the following statements: (i) Itrains (ii) The field is not wet (iii) The field is wet (iv) Tt did not rain Which one of the options given below is NOT logically possible, based on the given fact?","If (iii), then (iv).","If (i), then (iii).","If (i), then (ii).","1If (i), then (iv).",2
615,General Aptitude & Reasoning,Probability and statistics,11,"A window is made up of a square portion and an equilateral triangle portion above it. The base of the triangular portion coincides with the upper side of the square. If the perimeter of the window is 6 m, the arca of the window in m’ is.",143,2.06,2.68,2.88,1
616,General Aptitude & Reasoning,Probability and statistics,11,"Students taking an exam are divided into two groups, P and Q such that each group has the same number of students. The performance of each of the students in a test was evaluated out of 200 marks. It was observed that the mean of group P was 105, while that of group Q was 85. The standard deviation of group P was 25, while that of group Q was 5. Assuming that the marks were distributed on a normal distribution, which of the following statements will have the highest probability of being TRUE?",No student in group Q scored less marks than any student in group P.,No student in group P scored less marks than any student in group Q.,Most students of group Q scored marks in a narrower range than students in group P.,The median of the marks of group P is 100.,2
617,General Aptitude & Reasoning,Reading comprehension,11,"A smart city integrates all modes of transport, uses clean energy and promotes sustainable use of resources. It also uses technology to ensure safety and security of the city, something which critics argue, will lead to a surveillance state. Which of the following can be logically inferred from the above paragraph? ) All smart cities encourage the formation of surveillance states. (ii) Surveillance is an integral part of a smart city. (i) Sustainability and surveillance go hand in hand in a smart city. (iv) There is a perception that smart cities promote surveillance.",(i) and (iv) only,(ii) and (iii) only,(iv) only,(i) only,2
618,General Aptitude & Reasoning,Sequences and patterns,11,"Find the missing sequence in the letter series. B,FH,LNP,.",SUWY,TUVW,TVXZ,TWXZ,2
619,Mining Engineering,Rock blasting and drilling,11,Identify the correct statement. NONEL is used for surface connection of the blast holes in order to,achieve better water resistance over detonating fuse,have a precise delay timing,provide noiseless shock front movement,avoid deflagration,2
620,Mining Engineering,Rock blasting and drilling,11,Identify the initiation sequence which is NOT possible for surface blasting.,Detonating fuse >Nonel-> Electronic detonator,Electric detonator>Nonel>Detonating fuse,Electric detonator—> Detonating fuse > Nonel,Electronic detonator—> Detonating fuse = Nonel,0
621,Mining Engineering,Rock blasting and drilling,11,Parallel holes at right angles to the face with some holes uncharged are associated with the following shot hole pattern,drag cut,wedge cut,pyramid cut,burn cut,3
622,Mining Engineering,Rock mechanics and strata control,11,"Bieniawski’s Rock Mass Rating considers the parameters: RQD, spacing of joints, condition of joints, ground water condition, and",tensile strength,uniaxial compressive strength,shear strength,buckling strength,1
623,Mining Engineering,Rock mechanics and strata control,11,The support system followed along the goaf edge in a depillaring panel is,rope stitching,cable bolting,wooden/steel chock,hydraulic prop,2
624,Mining Engineering,Rock mechanics and strata control,11,Which one of the following ropes CANNOT be an effective cable bolt?,locked coil wire rope,Langs lay wire rope,ordinary lay wire rope,bird-caged wire rope,0
625,Mining Engineering,Mining engineering fundamentals,11,"In metalliferous mines, the sublevel interval does NOT depend on",capacity of drilling equipment,capacity of loading equipment,strength of rib pillar,strength of wall rock,1
626,Mining Engineering,Mining engineering fundamentals,11,Jack hammer does NOT contain,pawl and ratchet,gear box,rifle bar,piston,1
627,Mine Ventilation & Environment,Mine ventilation and environment,11,"At the inlet of a mine roadway, the dry and wet bulb temperatures of air are 38°Cand 29°C, respectively. At the outlet, the corresponding temperatures are 32°C and 29°C, respectively. The process of heat transfer in the airway is described as",evaporative cooling,sensible cooling,sensible heating,dehumidification,0
628,Mining Engineering,Mining engineering fundamentals,11,"Underground coal mines are in principle ventilated by exhausting system, so that",spontaneous heating risk is reduced,fumes can be quickly removed in case of an underground fire,build-up of methane concentration is decreased,cool and fresh intake air can enter underground,2
629,Mining Engineering,Mining engineering fundamentals,11,Identify the WRONG statement. Pit bottom air lock,prevents the short circuiting of air when the flow is reversed in coal mines,has at least three doors,has at least one door that has provision for latching,all doors are in principle designed to open towards high pressure side of the air,2
630,Mining Engineering,Mining engineering fundamentals,11,Identify the WRONG statement. The ‘temperature inversion’ of the atmosphere in surface mines aggravates the problem of,airborne dust,noise,ground vibrations,visibility,2
631,Mining Engineering,Mining engineering fundamentals,12,"In a CO self rescuer, the purpose of the calcium bromide and lithium chloride mixture is to",dry the incoming air,"convert the CO catalytically to CO,",absorb and thereby neutralise CO,cool the inhaled air from excess exothermic heat due to chemical reaction,0
632,"Mine Planning, Geostatistics & Economics",Mine planning and economics,12,IRR of a project is the discount rate at which,profit after tax is zero,written down value of the project is zero,revenue from the project is zero,NPV is zero,3
633,Mining Engineering,Mining engineering fundamentals,12,"The three axes comprising the numerical codification of resources, as per the UNFC, are","Economic Viability, Geological Assessment, Geotechnical Assessment","Geological Assessment, Environmental Assessment, Feasibility Assessment","Feasibility Assessment, Geological Assessment, Mining Assessment","Economic Viability, Geological Assessment, Feasibility Assessment",3
634,Mining Engineering,Rock blasting and drilling,12,Match the following for a typical slurry explosive. Chemical Purpose P. Calcium nitrate 1. Cross linking agent Q. Potassium dichromate 2. Gelling agent R. INT 3. Oxidiser S. Starch 4. Fuel,"P-1,Q-2,R-3,S4","P-2, Q-4, R-3, S-1","P-3,Q-1, R-4, S-2","P-4, Q-3,R-2, S-1",2
635,"Mine Planning, Geostatistics & Economics",Mine planning and economics,12,"Match the following mechanical properties with the formulae Mechanical property Formula P. Modulus of elasticity 1. c+o,tang Q' Compressive Strength 2. gla!eml /glongimdina] R. Shear Strength 3.ole S. Poisson’s ratio 4. F | nr?","P-1,Q-2,R-3,S-4","P-1, Q-4, R-3, S-2","P-3,Q-4,R-1,S-2","P-3,Q-2,R-1, 54",2
636,Mining Machinery & Materials Handling,Mining machinery and materials handling,12,Match the following: Haulage unit Safety device P. Friction winder 1. Run-away switch Q. Drum winder 2. Lilly controller R. Direct rope haulage 3. Regenerative braking S. Endless rope haulage 4. Monkey/back catch,"P-1,Q-2,R-3,S-4","P-3, Q-2, R-1, S-4","P-1,Q-3,R4, S-2","P-2, Q-3,R-1, S-4",3
637,General Aptitude & Reasoning,General aptitude,12,The bacteria in milk are destroyed when it heated to 80 degree Celsius.,would be,will be,is,was,2
638,General Aptitude & Reasoning,General aptitude,12,with someone else’s email account is now a very serious offence.,Involving,Assisting,Tampering,Incubating,2
639,General Aptitude & Reasoning,English grammar and vocabulary,12,Consider the following sentences: All benches are beds. No bed is a bulb. Some bulbs are lamps. Which of the following can be inferred? 1. Some beds are lamps. ii. Some lamps are beds.,Only i,Only ii,Both i and ii,Neither i nor ii,3
640,General Aptitude & Reasoning,Ratios and percentages,12,If the radius of a right circular cone is increased by 50%. its volume increases by,75%,100%,125%,237.50%,2
641,General Aptitude & Reasoning,Probability and statistics,12,The old concert hall was demolished because of fears that the foundation would be affected by the construction of the new metro line in the area. Modern technology for underground metro construction tried to mitigate the impact of pressurized air pockets created by the excavation of large amounts of soil. But even with these safeguards. it was feared that the soil below the concert hall would not be stable. From this. one can infer that,the foundations of old buildings create pressurized air pockets underground. which are difficult to handle during metro construction.,metro construction has to be done carefully considering its impact on the foundations of existing buildings.,old buildings in an area form an impossible hurdle to metro construction in that area.,pressurized air can be used to excavate large amounts of soil from underground areas.,1
642,General Aptitude & Reasoning,General aptitude,12,Two machines M1 and M2 are able to execute any of four jobs P. Q. R and S. The machines can perform one job on one object at a time. Jobs P. Q. R and S take 30 minutes. 20 minutes. 60 minutes and 15 minutes each respectively. There are 10 objects each requiring exactly 1 job. Job P is to be performed on 2 objects. Job Q on 3 objects. Job R on 1 object and Job S on 4 objects. What is the minimum time needed to complete all the jobs?,2 hours,2.5 hours,3 hours,3.5 hours,0
643,Mining Engineering,Rock mechanics and strata control,12,If only two members form a truss joint and no external load or support reaction is applied to the joint. the members,have infinite force,have equal but opposite force,are zero-force members,have unequal forces,2
644,Mining Engineering,Rock blasting and drilling,12,A multi-point borehole extensometer is used to monitor,convergence between the roof and the floor,strain between fixed points along a borehole,strain between the anchor point and the reference point on the surface,changing distances between fixed points along a borehole,3
645,Mining Engineering,Mining engineering fundamentals,12,Minerals A and B are produced from a deposit. Minerals A and B will be called coproducts if,economics of mining depends upon the extraction of either mineral A or B,economics of mining depends upon the extraction of both the minerals A and B,mineral B is produced economically and mineral A is an additional benefit,minerals A and B are produced in equal quantity,1
646,"Mine Planning, Geostatistics & Economics",Geostatistics,12,Semi-variogram modeling is used for reserve estimation of mineral deposit by,polygonal method,distance weighting method,geostatistical method,nearest neighbor method,2
647,"Mine Planning, Geostatistics & Economics",Mine planning and economics,12,Which one of the following does NOT belong to the direct operating cost of a mine?,Administrative cost,Royalty,Fuel cost,Explosive cost,0
648,Mining Engineering,Mining engineering fundamentals,12,Lane’s algorithm is applied to determine,mill cut-off grade,mine production rate,operating cost,ultimate pit,0
649,Mining Engineering,Rock mechanics and strata control,12,"In an underground coal mine a driller. wearing personal protective equipment, was going to workplace along the travelling roadway. A piece of rock fell down from the roof and hit the person on head causing serious injury. The cause of accident is",unsafe act of the driller,job stress,unsafe act and unsafe condition,unsafe condition,3
650,"Mine Planning, Geostatistics & Economics",Mine planning and economics,12,"In a PERT network. the “time estimates™ of an activity are the following: Optimistic time - 2 days. Most likely time - 4 days, and Pessimistic time - 12 days. The expected time and standard deviation of the activity in days are respectively",6.0 and 2.78,5.0 and 1.66,6.0 and 1.66,5.0 and 2.78,1
651,Mine Ventilation & Environment,Mine ventilation and environment,12,"A deeply seated ore body dips at 70"" having an average width of 60 m. The ore body. hanging wall, and footwall are competent. The suitable stoping method for this ore body is",Post pillar cut and fill,Shrinkage stoping,Transverse sublevel caving,Transverse sublevel open stoping,3
652,Mining Engineering,Mining engineering fundamentals,12,The “yellow boy” formed due to acid mine drainage mainly consists of,Ferrous hydroxide,Ferrous sulfate,Ferric hydroxide,Ferric sulfate,2
653,Mining Machinery & Materials Handling,Mining machinery and materials handling,12,The strength of a stranded wire rope is proportional to,the diameter of the rope,square of the diameter of the rope,square root of the diameter of the rope,inverse of the diameter of the rope,1
654,Mining Engineering,Mining engineering fundamentals,12,A 20 m thick and 30 m wide confined aquifer has two monitoring wells spaced 500 m apart along the direction of groundwater flow. The difference in water level between the wells is 2 m. The hydraulic conductivity is 50 m/day. The rate of flow in m*/day is,4,12,40,120,3
655,Engineering Mathematics,Engineering mathematics,12,If the rank of the following matrix is less than 3. the values of x are 1 X X a=lxr 1 X x 1,1.—1/2,"1,1/2",2.-1/4,2.-3/4,0
656,Mining Engineering,Mine surveying,12,Match the special methods of shaft sinking with rock mass conditions and scope of application. Special methods Rock mass condition Scope of application A. Shaft boring P. Loose ground without 1. Any depth intrusion of hard rocks or boulders B. Cement grouting | Q. Highly jointed rock filled 2. Up to 30 m from surface with water C. Caisson method R. All types of water bearing | 3. Up to 1000 m rocks D. Freezing S. Moderately strong rocks 4. Less than 600 m from surface,A-S-3. B-R-2. C-Q-1. D-P4,A-P-2. B-Q-1. C-S-4. D-R-3,A-R-3. B-P-1. C-S-2. D-Q4,"A-S-4, B-Q-1. C-P-2, D-R-3",3
657,General Aptitude & Reasoning,Vocabulary,12,"John Thomas, an __________ writer, passed away in 2018.",imminent,prominent,eminent,dominant,2
658,General Aptitude & Reasoning,English grammar,12,"_____ I permitted him to leave, I wouldn’t have had any problem with him being absent, _____ I?","Had, wouldn’t","Had, would","Have, would","Have, wouldn’t",2
659,General Aptitude & Reasoning,Time and angles,12,A worker noticed that the hour hand on the factory clock had moved by 225 degrees during her stay at the factory. For how long did she stay in the factory?,3.75 hours,4 hours and 15 mins,8.5 hours,7.5 hours,3
660,General Aptitude & Reasoning,Algebra,12,The sum and product of two integers are 26 and 165 respectively. The difference between these two integers is _____.,2,3,4,6,2
661,General Aptitude & Reasoning,Vocabulary,12,The minister avoided any mention of the issue of women’s reservation in the private sector. He was accused of __________ the issue.,collaring,skirting,tying,belting,1
662,General Aptitude & Reasoning,Logical deduction,12,"Under a certain legal system, prisoners are allowed to make one statement. If their statement turns out to be true then they are hanged. If the statement turns out to be false then they are shot. One prisoner made a statement and the judge had no option but to set him free. Which one of the following could be that statement?",I did not commit the crime,I committed the crime,I will be shot,You committed the crime,2
663,General Aptitude & Reasoning,Ratios and percentages,12,"A person divided an amount of Rs. 100,000 into two parts and invested in two different schemes. In one he got 10% profit and in the other he got 12%. If the profit percentages are interchanged and he would have got Rs. 120 less, find the ratio between his investments in the two schemes.",9 : 16,11 : 14,37 : 63,47 : 53,3
664,General Aptitude & Reasoning,Reading comprehension,12,"Congo was named by Europeans. Congo’s dictator Mobuto later changed the name of the country and the river to Zaire with the objective of Africanising names of persons and spaces. However, the name Nzadi a Nzere, a Portuguese alteration of Nzadi o Nzere, a local African term meaning “River that swallows Rivers”, remained. Zaire was the Portuguese name for the Congo river in the 16th and 17th centuries. Which one of the following statements can be inferred from the paragraph above?",Mobuto was not entirely successful in Africanising the name of his country,The term Nzadi o Nzere was of Portuguese origin,Mobuto’s desire to Africanise names was prevented by the Portuguese,As a dictator Mobuto ordered the Portuguese to alter the name of the river to Zaire,0
665,General Aptitude & Reasoning,Logical relations,12,"M and N had four children P, Q, R and S. Of them, only P and R were married. They had children X and Y respectively. If Y is a legitimate child of W, which one of the following statements is necessarily FALSE?",M is the grandmother of Y,R is the father of Y,W is the wife of R,W is the wife of P,3
666,Mining Engineering,Rock joint shear strength,12,Shear strength of rock joint is NOT dependent on,applied normal stress,applied shear stress,friction angle of the joint plane,cohesion of the joint plane,1
667,Engineering Mathematics,Fundamental theorem of calculus,12,"If f(x) is a polynomial function that passes through origin, and g(x) = f′(x), then",g′(a) = f(a),g(a) = f′(a),∫₀ᵃ g(x) dx = f(a),∫₀ᵃ f(x) dx = g(a),2
668,Surface & Underground Mining Methods,Subsidence,12,A flat longwall panel is mined out in an area having subsidence factor a. The measured maximum subsidence on the surface is S for a mining height of m. The subsidence is subcritical if,S = am,S = m/a,S > am,S < am,3
669,"Mine Planning, Geostatistics & Economics",Mineral resource classification,12,As per classification of mineral resources “reserve” means,Identified resources,Identified and techno-economically viable resources,Hypothetical resources,Inferred resources,1
670,Engineering Mathematics,Statistical estimation,12,"If the sample statistic X̄ is an unbiased estimator of the parameter μ, then",E(μ − X̄) = 0,E(μ + X̄) = 0,E(μ − X̄)² = 0,E(μ + X̄)² = 0,0
671,Engineering Mathematics,Statics and equilibrium,12,The vector sum of all the external forces acting on a rigid body is expressed as ∑F and the vector sum of moments of the external forces about a point is given as ∑M. The rigid body is in equilibrium if,∑F − ∑M = 0,∑F + ∑M = 0,∑F = 0 and ∑M = 0,∑F ≠ 0 and ∑M ≠ 0,2
672,"Mine Planning, Geostatistics & Economics",Geostatistics and semivariogram,12,"For a regionalized variable Z(x), at a lag distance h, the empirical semi-variogram γ(h) is given by",E[{Z(x) − Z(x + h)}²],½ E[{Z(x) − Z(x + h)}²],½ E[{Z(x) − E(Z(x))} × {Z(x + h) − E(Z(x + h))}],E[{Z(x) − E(Z(x))} × {Z(x + h) − E(Z(x + h))}],1
673,Engineering Mathematics,Descriptive statistics,12,The coefficient of variation of a dataset is defined as,Mean / Standard Deviation,Mean / Variance,Variance / Mean,Standard Deviation / Mean,3
674,"Mine Planning, Geostatistics & Economics",Project planning,12,"In project planning, the activity durations are calculated by PERT and CPM techniques assuming","PERT: probabilistic, CPM: deterministic","PERT: probabilistic, CPM: probabilistic","PERT: deterministic, CPM: probabilistic","PERT: deterministic, CPM: deterministic",0
675,Mine Ventilation & Environment,Respirable dust limits,12,"Respirable dust in an underground coal mine contains 4.5% free silica. As per the CMR 2017, the maximum allowable respirable dust concentration, in mg/m³, in the mine air is",1.5,2,2.5,3,1
676,Mine Ventilation & Environment,Psychrometry,12,The purpose of rotating a whirling hygrometer in hygrometric survey is to,wet the cotton wick with water thoroughly,maintain constant temperature of water in the container,create steady state evaporation of moisture from the wet bulb surface,prevent the heat produced by the cap lamp of the observer from affecting the readings,2
677,Mine Ventilation & Environment,Mine explosions and dust barriers,12,Stone dust barriers in underground coal mines are used to arrest,black damp explosions,air blast,firedamp explosions,coal dust explosions,3
678,Mining Machinery & Materials Handling,Mine winding attachments,12,The correct sequence of attachments between the winding rope and the cage in a drum winding system is,Triangular plate → Rope capel → Bull chain → Detaching hook → Cage chain,Rope capel → Bull chain → Triangular plate → Detaching hook → Cage chain,Detaching hook → Rope capel → Bull chain → Cage chain → Triangular plate,Rope capel → Detaching hook → Bull chain → Triangular plate → Cage chain,3
679,Mining Machinery & Materials Handling,Winding safety devices,12,The functions of automatic contrivances in a winding system are to prevent,over-speeding and over-winding,slow banking and load balancing,over loading and load balancing,over-speeding and load balancing,0
680,Surface & Underground Mining Methods,Underground mining methods,12,"A low-grade deep-seated ore body dipping at 70° has a strike length of 2 km, and width of 100 m. The ore body and wall rocks are weak and fractured. The preferred method of mining is",shrinkage stoping,cut-and-fill stoping,block caving,room and pillar stoping,2
681,Mine Ventilation & Environment,Soil-water availability,12,The availability of water in the root zone for plant use is maximum in the case of,sand,loam,clay,gravel,1
682,Engineering Mathematics,Kinematics,12,"From an elevated point A, when a stone is thrown vertically, it attains an upward velocity of v at a height h from point A. While falling, its downward velocity becomes 2v at a distance h below point A. The maximum height attained by the stone from point A is",5h/3,4h/3,6h/7,2h,0
683,Mining Machinery & Materials Handling,Fluid mechanics and pipe flow,12,"Water is pumped through a steel pipe of diameter 200 mm at a flow rate of 30 l/s. If the dynamic viscosity of water is 10⁻³ Pa·s, the Reynolds number of the flow is",2.83×10³,2.83×10⁴,1.91×10⁵,1.91×10⁶,2
684,Engineering Mathematics,Orthogonal matrices,12,"Matrix A = [[0, 2β, γ], [α, β, −γ], [α, −β, γ]] is orthogonal. The values of α, β and γ respectively are","±1/√3, ±1/√2, ±1/√6","±1/√3, ±1/√6, ±1/√2","±1/√6, ±1/√3, ±1/√2","±1/√2, ±1/√6, ±1/√3",3
685,Mining Machinery & Materials Handling,Comminution and sizing equipment,12,Match the following based on the equipment usage in a comminution circuit: P. Gyratory crusher; Q. Cone crusher; R. Ball mill; S. Grizzly. Usages: 1. Secondary crushing; 2. Grinding; 3. Sizing; 4. Primary crushing.,"P-1, Q-4, R-2, S-3","P-1, Q-2, R-3, S-4","P-4, Q-1, R-2, S-3","P-3, Q-1, R-4, S-2",2
686,Mining Machinery & Materials Handling,Coal mining operations,13,Match the following for coal mining operation: Mining method—P. Longwall; Q. Mechanized bord and pillar; R. Semi-mechanized bord and pillar; S. Blasting gallery. Mode of extraction—A. Cutting by continuous miner; B. Drilling and blasting; C. Cutting by shearer; D. Long hole drilling and blasting. Loading/conveying equipment—1. AFC; 2. LHD; 3. Apron loader and gathering arm; 4. SDL.,"P-C-1, Q-D-3, R-A-2, S-B-4","P-C-1, Q-A-3, R-B-4, S-D-2","P-C-1, Q-A-4, R-B-3, S-D-2","P-B-3, Q-C-2, R-A-1, S-D-4",1
687,"Mine Planning, Geostatistics & Economics",Mine planning algorithms,13,"In the context of mine planning, match the following: Technical/Algorithm—P. Lerchs-Grossmann algorithm; Q. Kriging; R. Lane’s theory; S. Taylor’s rule. Preferred application—1. Ultimate pit limit; 2. Cut-off grade optimization; 3. Mine life; 4. Reserve estimation.","P-4, Q-3, R-2, S-1","P-1, Q-2, R-3, S-4","P-1, Q-4, R-2, S-3","P-3, Q-2, R-4, S-1",2
688,"Mine Planning, Geostatistics & Economics",Economic evaluation of mining projects,13,"The net annual cash flows for two small scale mining projects A and B are given below. The correct decision assuming 10% discount rate as per NPV criterion is: Period in years—0, 1, 2, 3, 4; Project A cash flows (Rs. crore)—−200, 0, 200, 140, 0; Project B cash flows (Rs. crore)—−300, 0, 100, 150, 200.",Project A is accepted but project B is rejected,Project A and B both are rejected,Project A is rejected but project B is accepted,Projects A and B are both accepted but project A is better than project B,3
689,Surface & Underground Mining Methods,Stoping methods and backfill,13,Match the following features with the mining methods: Features—P. Ring Drilling; Q. Grizzly sublevel; R. Spherical charge blasting; S. Cemented hydraulic fill. Mining method—1. Vertical crater retreat method; 2. Sublevel stoping; 3. Underhand cut-and-fill stoping; 4. Block caving.,"P-2, Q-4, R-3, S-1","P-4, Q-3, R-2, S-1","P-2, Q-4, R-1, S-3","P-4, Q-3, R-1, S-2",2
690,General Aptitude & Reasoning,English grammar,13,“From where are they bringing their books? ______ bringing ______ books from ______.” The words that best fill the blanks in the above sentence are,"Their, they’re, there","They’re, their, there","There, their, they’re","They’re, there, there",1
691,General Aptitude & Reasoning,English vocabulary,13,"“A ______ investigation can sometimes yield new facts, but typically organized ones are more successful.” The word that best fills the blank in the above sentence is",meandering,timely,consistent,systematic,0
692,General Aptitude & Reasoning,Geometry,13,The area of a square is d. What is the area of the circle which has the diagonal of the square as its diameter?,πd,πd²,¼πd²,½πd,3
693,General Aptitude & Reasoning,Number theory,13,What would be the smallest natural number which when divided either by 20 or by 42 or by 76 leaves a remainder of 7 in each case?,3047,6047,7987,63847,2
694,General Aptitude & Reasoning,Number series,13,"What is the missing number in the following sequence? 2, 12, 60, 240, 720, 1440, ______, 0",2880,1440,720,0,1
695,General Aptitude & Reasoning,Percentages,13,"In appreciation of the social improvements completed in a town, a wealthy philanthropist decided to gift Rs 750 to each male senior citizen in the town and Rs 1000 to each female senior citizen. Altogether, there were 300 senior citizens eligible for this gift. However, only 8/9 of the eligible men and 2/3 of the eligible women claimed the gift. How much money (in Rupees) did the philanthropist give away in total?","1,50,000","2,00,000","1,75,000","1,51,000",1
696,General Aptitude & Reasoning,Algebra,13,"If pqr ≠ 0 and p⁻ˣ = 1/q, q⁻ʸ = 1/r, r⁻ᶻ = 1/p, what is the value of the product xyz?",−1,1/(pqr),1,pqr,2
697,General Aptitude & Reasoning,Ratios and percentages,13,"In a party, 60% of the invited guests are male and 40% are female. If 80% of the invited guests attended the party and if all the invited female guests attended, what would be the ratio of males to females among the attendees in the party?",2:3,1:1,3:2,2:1,1
698,General Aptitude & Reasoning,Probability,13,A six-sided unbiased die with four green faces and two red faces is rolled seven times. Which of the following combinations is the most likely outcome of the experiment?,Three green faces and four red faces.,Four green faces and three red faces.,Five green faces and two red faces.,Six green faces and one red face.,0
699,Engineering Mathematics,Matrix algebra,13,"If X = [[cos θ, sin θ], [−sin θ, cos θ]], then XXᵀ is","[[0, 1], [1, 0]]","[[-1, 0], [0, −1]]","[[1, 0], [0, 1]]","[[0, −1], [−1, 0]]",2
700,Engineering Mathematics,Determinants,13,"The values of x satisfying the following condition are det([[4−x, √3], [√3, 6−x]]) = 0.","6, 4","4, 9","5, 6","3, 7",3
701,Mine Surveying & Geomatics,Bearings and azimuths,13,An azimuth of 330° corresponds to a quadrant bearing of,W60°N,N30°W,S30°W,S30°E,1
702,Mining Machinery & Materials Handling,Drilling equipment,13,Tri-cone drill bit is a type of,cross bit,button bit,rotary roller bit,button drag bit,2
703,Geomechanics & Ground Control,Roof support,13,Exposure of weak roof in junctions of a development district in a coal mine can be decreased by,increasing dimension of panel barrier,stitching side walls,increasing support density at junctions,staggering the junctions,3
704,Geomechanics & Ground Control,Rock mechanics testing,13,The property that CANNOT be determined from uniaxial compressive strength test of a rock sample fitted with strain gauges is,cohesion,Poisson’s ratio,modulus of elasticity,dilation,0
705,Mining Machinery & Materials Handling,Winding systems,13,Ward-Leonard system is provided in the winding system in order to restrict,over-winding of the cage,deceleration of the cage,acceleration of the cage,over-speeding of the cage,3
706,Surface & Underground Mining Methods,Longwall equipment,13,The equipment NOT related to extraction of coal from longwall face operation is,AFC,road header,powered support,DERD shearer,1
707,Mine Ventilation & Environment,Mine ventilation and gases,13,The significance of “potentially explosive mixture” in Coward flammability diagram is,leakage of fresh air may lead to explosive condition for the mixture,leakage of firedamp may lead to explosive condition for the mixture,increase in the ambient temperature may lead to explosive condition for the mixture,introduction of a source of ignition may result in explosion of the mixture,0
708,Mine Ventilation & Environment,Mine gas classification,13,From a coal seam of a mine 1000 tonnes of coal is produced per day. The seam has inflammable gas emission rate of 14000 m³ per day as percentage of inflammable gas in general body of air is 0.14. The gassiness of the seam is,Degree IV,Degree III,Degree II,Degree I,1
709,Engineering Mathematics,Differential equations,13,"If c is a constant, the solution of the differential equation 4y (dy/dx) + 9x = 0 is",x²/81 + y²/16 = c,x²/16 + y²/81 = c,x²/9 + y²/4 = c,x²/4 + y²/9 = c,3
710,Mining Engineering,Blasting accessories,13,Match the following blasting elements with the corresponding initiators: P. Electric detonator; Q. Safety fuse; R. Detonating fuse; S. Non-cap sensitive explosive. Initiators: 1. Match stick; 2. Booster; 3. Exploder; 4. Ordinary detonator.,"P-2, Q-3, R-4, S-1","P-3, Q-1, R-4, S-2","P-3, Q-1, R-2, S-4","P-1, Q-4, R-2, S-3",1
711,Mine Ventilation & Environment,Environmental management,13,Match the following in the context of environmental management: P. Mulching; Q. Aeration; R. Wet-scrubbing; S. Silencer. Purposes: 1. Dust control; 2. Noise control; 3. Soil conservation; 4. Waste water treatment.,"P-1, Q-4, R-3, S-2","P-3, Q-1, R-4, S-2","P-4, Q-3, R-1, S-2","P-3, Q-4, R-1, S-2",3
712,General Aptitude & Reasoning,English grammar,13,"Rajiv Gandhi Khel Ratna Award was conferred ____ Mary Kom, a six-time world champion in boxing, recently in a ceremony ____ the Rashtrapati Bhawan (the President’s official residence) in New Delhi.","with, at","on, in","on, at","to, at",2
713,General Aptitude & Reasoning,English vocabulary,13,"Despite a string of poor performances, the chances of K. L. Rahul’s selection in the team are ____.",slim,bright,obvious,uncertain,1
714,General Aptitude & Reasoning,Word analogy,13,Select the word that fits the analogy: Cover : Uncover :: Associate : ____,Unassociate,Inassociate,Misassociate,Dissociate,3
715,General Aptitude & Reasoning,Reading comprehension,13,"Hit by floods, the kharif (summer sown) crops in various parts of the country have been affected. Officials believe that the loss in production of the kharif crops can be recovered in the output of the rabi (winter sown) crops so that the country can achieve its food-grain production target of 291 million tons in the crop year 2019–20 (July–June). They are hopeful that good rains in July–August will help the soil retain moisture for a longer period, helping winter sown crops such as wheat and pulses during the November–February period. Which of the following statements can be inferred from the given passage?",Officials declared that the food-grain production target will be met due to good rains.,Officials want the food-grain production target to be met by the November–February period.,Officials feel that the food-grain production target cannot be met due to floods.,Officials hope that the food-grain production target will be met due to a good rabi produce.,3
716,General Aptitude & Reasoning,Number patterns,13,The difference between the sum of the first 2n natural numbers and the sum of the first n odd natural numbers is ____.,n² − n,n² + n,2n² − n,2n² + n,1
717,General Aptitude & Reasoning,Reading comprehension and economics,13,"The repo rate is the rate at which Reserve Bank of India (RBI) lends commercial banks, and reverse repo rate is the rate at which RBI borrows money from commercial banks. Which of the following statements can be inferred from the above passage?",Decrease in repo rate will increase cost of borrowing and decrease lending by commercial banks.,Increase in repo rate will decrease cost of borrowing and increase lending by commercial banks.,Increase in repo rate will decrease cost of borrowing and decrease lending by commercial banks.,Decrease in repo rate will decrease cost of borrowing and increase lending by commercial banks.,3
718,General Aptitude & Reasoning,Logical deduction,13,"P, Q, R, S, T, U, V and W are seated around a circular table. I. S is seated opposite to W. II. U is seated at the second place to the right of R. III. T is seated at the third place to the left of R. IV. V is a neighbour of S. Which of the following must be true?",P is a neighbour of R.,Q is a neighbour of R.,P is not seated opposite to Q.,R is the left neighbour of S.,2
719,General Aptitude & Reasoning,Relative speed,13,The distance between Delhi and Agra is 233 km. A car P started travelling from Delhi to Agra and another car Q started from Agra to Delhi along the same road 1 hour after the car P started. The two cars crossed each other 75 minutes after the car Q started. Both cars were travelling at constant speed. The speed of car P was 10 km/h more than the speed of car Q. How many kilometers had the car Q travelled when they met each other?,66.6,75.2,88.2,116.5,1
720,Engineering Mathematics,Skew-symmetric matrices,13,"For a matrix M = [mᵢⱼ], i, j = 1, 2, 3, 4, the diagonal elements are all zero and mᵢⱼ = −mⱼᵢ. The minimum number of elements required to fully specify the matrix is",4,6,12,16,1
721,Engineering Mathematics,Eigenvalues,13,"The eigenvalues of the matrix A = [[1, 4], [3, 2]] are","6, 4","4, 5","−2, 5","−4, 5",2
722,Mining Machinery & Materials Handling,Mine hoisting safety,13,Match the following safety arrangements for a surface-to-underground shaft hoist with their corresponding safety functions: P. Detaching hook; Q. Narrowing rigid guides; R. Keeps. Functions: 1. Over-winding safety on surface; 2. Resting cages; 3. Over-winding safety at underground.,"P-1, Q-2, R-3","P-3, Q-1, R-2","P-2, Q-3, R-1","P-1, Q-3, R-2",3
723,Mine Surveying & Geomatics,Local attraction,13,The fore bearings and back bearings of the lines of an open compass traverse are given below: PQ 132°30′ and 313°30′; QR 123°30′ and 303°30′; RS 182°30′ and 2°15′; ST 288°45′ and 108°00′. The stations that are free from local attraction are,P and Q,Q and R,R and S,S and T,1
724,Geomechanics & Ground Control,Plane stress,13,The plane stress condition is given by,"σzz = 0, τyz = 0, τzx = 0","σzz = 0, τyz = 0, τzx ≠ 0","σzz ≠ 0, τyz = 0, τzx = 0","σzz ≠ 0, τyz ≠ 0, τzx ≠ 0",1
725,"Mine Planning, Geostatistics & Economics",Mineralogy,13,Match the following metals with their corresponding minerals: P. Copper; Q. Tungsten; R. Lead; S. Zinc. Minerals: 1. Galena; 2. Sphalerite; 3. Chalcopyrite; 4. Wolframite.,"P-4, Q-2, R-1, S-3","P-4, Q-1, R-3, S-2","P-3, Q-4, R-1, S-2","P-2, Q-3, R-4, S-1",2
726,Mining Machinery & Materials Handling,Jack hammer mechanisms,13,The “ratchet and pawl” mechanism in a jack hammer drill,forces down the piston,provides a twisting force to the drill steel,engages rifle bar with rifle nut,prevents reverse rotation of rifle bar,1
727,Surface & Underground Mining Methods,Post-pillar stoping,13,Post-pillar method of stoping is a variant of,cut and fill stoping,sublevel stoping,vertical crater retreat method,sublevel caving,1
728,Mine Ventilation & Environment,Cross-measure boreholes,13,“Cross-measure borehole method” is used for,rock slope monitoring,methane drainage,connecting two drifts,subsidence monitoring,0
729,Mine Ventilation & Environment,Psychrometry,13,"The dry and wet bulb temperatures at the inlet of the airstream are 30°C and 25°C, respectively. The corresponding values at the outlet of the airstream are 26°C and 25°C, respectively. The psychrometric process that occurs in the airstream is described as",latent cooling,sensible cooling,condensation,evaporative cooling,3
730,Mine Ventilation & Environment,Explosibility limits,13,"For a mixture of inflammable gases, the lower and upper explosibility limits can be determined by",Dalton’s law,Graham’s law,Le Chatelier relation,Boyle’s law,2
731,"Mine Planning, Geostatistics & Economics",Mineral resource classification,13,The code for the lowest category of mineral resources under United Nations Framework Classification (UNFC) system is,444,123,334,111,2
732,Mine Ventilation & Environment,Flame safety lamp testing,13,"In the context of gas testing using flame safety lamp, the correct statement is",Each accumulation test has to be necessarily followed by percentage test,Accumulation test is always done after percentage test,Either percentage test or accumulation test can be done first,Percentage test is done only in the event of accumulation test giving negative result,3
733,Engineering Mathematics,Differentiation,13,"For w = (eᵗ − t)/(eᵗ + t), the value of dw/dt is",2eᵗ(t² + 1)/(eᵗ − t²)²,2eᵗ(t − 1)/(eᵗ + t)²,2eᵗ(t² − 1)/(eᵗ + t²)²,2eᵗ(t + 1)/(eᵗ − t)²,1
734,Engineering Mathematics,Differential equations,13,"For the differential equation y√(1 − x²) dy + x√(1 − y²) dx = 0, assuming the constant of integration to be C, the general solution is",1/√(1 − x²) + 1/√(1 − y²) = C,y√(1 − x²) + x√(1 − y²) = C,√(1 − x) + √(1 − y) = C,√(1 − x²) + √(1 − y²) = C,3
735,Mining Machinery & Materials Handling,Belt drives,13,"A belt-drive used for power transmission between two parallel shafts has a belt of mass 1.2 kg/m, and the maximum allowable belt tension is 2250 N. If the centrifugal tension is one third of the maximum allowable belt tension, the speed at which maximum power is transmitted by the belt, in m/s, is",46.48,38.73,25,35.36,2
736,Mining Machinery & Materials Handling,Compressed air systems,14,"An air receiver of a compressor, having volume 0.5 m³, supplies air for charging ANFO in drill holes. During the charging process the absolute pressure of the air receiver falls from 900 kPa to 700 kPa. Assuming the entire process is isothermal, the volume of air supplied by the receiver at 100 kPa ambient pressure, in m³, is",1,0.39,0.64,4.48,0
737,Mining Machinery & Materials Handling,Conveyor belts,14,A conveyor belt consumes 60 kW power while running at a speed of 3.0 m/s. The angle of lap is 180° and the coefficient of friction between belt and pulley is 0.2. The maximum tension (kN) in the belt is,21.7,61.7,82.9,42.9,3
738,"Mine Planning, Geostatistics & Economics",Linear programming,14,"A linear programming problem is stated below. Maximize Z = 3x₁ + 5x₂ subject to 2x₁ + x₂ ≤ 8, 6x₁ + 8x₂ ≤ 30, x₁, x₂ ≥ 0. The objective function has",infinite number of solutions,unbounded solution,unique solution,infeasible solution,2
739,General Aptitude & Reasoning,English grammar,14,Consider the following sentences: (i) Arun and Aparna are here. (ii) Arun and Aparna is here. (iii) Arun’s families is here. (iv) Arun’s family is here. Which of the above sentences are grammatically CORRECT?,(i) and (ii),(i) and (iv),(ii) and (iv),(iii) and (iv),1
740,General Aptitude & Reasoning,Probability,14,Two identical cube shaped dice each with faces numbered 1 to 6 are rolled simultaneously. The probability that an even number is rolled out on each die is,1/36,1/12,1/8,1/4,3
741,General Aptitude & Reasoning,Operator-based reasoning,14,"⊕ and ⊙ are two operators on numbers p and q such that p ⊙ q = p − q, and p ⊕ q = p × q. Then, (9 ⊙ (6 ⊕ 7)) ⊙ (7 ⊕ (6 ⊙ 5)) =",40,−26,−33,−40,3
742,General Aptitude & Reasoning,Permutations,14,"Four persons P, Q, R and S are to be seated in a row. R should not be seated at the second position from the left end of the row. The number of distinct seating arrangements possible is",6,9,18,24,2
743,General Aptitude & Reasoning,Coordinate geometry,14,"On a planar field, you travelled 3 units East from a point O. Next you travelled 4 units South to arrive at point P. Then you travelled from P in the North-East direction such that you arrive at a point that is 6 units East of point O. Next, you travelled in the North-West direction, so that you arrive at point Q that is 8 units North of point P. The distance of point Q to point O, in the same units, should be",3,4,5,6,2
744,General Aptitude & Reasoning,Reading comprehension,14,"The author said, “Musicians rehearse before their concerts. Actors rehearse their roles before the opening of a new play. On the other hand, I find it strange that many public speakers think they can just walk on to the stage and start speaking. In my opinion, it is no less important for public speakers to rehearse their talks.” Based on the above passage, which of the following is TRUE?","The author is of the opinion that rehearsing is important for musicians, actors and public speakers.",The author is of the opinion that rehearsing is less important for public speakers than for musicians and actors.,The author is of the opinion that rehearsing is more important only for musicians than public speakers.,The author is of the opinion that rehearsal is more important for actors than musicians.,0
745,General Aptitude & Reasoning,Equilateral triangle geometry,14,"In an equilateral triangle PQR, side PQ is divided into four equal parts, side QR is divided into six equal parts and side PR is divided into eight equal parts. The length of each subdivided part in cm is an integer. The minimum area of the triangle PQR possible, in cm², is",18,24,48√3,144√3,3
746,Mining Machinery & Materials Handling,Drilling equipment,14,Tricone roller bit is used with,down-the-hole hammer,Jack hammer,rotary-percussive drill,rotary drill,3
747,Surface & Underground Mining Methods,Resuing method,14,Resuing method of mining is practiced for,thick vein deposit,massive shallow deposit,narrow vein deposit,massive deep-seated deposit,2
748,Surface & Underground Mining Methods,Surface mining equipment,14,The equipment used for both drop cut and terrace cut in surface mining is,surface miner,shovel,dragline,bucket wheel excavator,3
749,Surface & Underground Mining Methods,Surface miners,14,Surface miner does NOT have a,differential gear for turning,tensioning arrangement for crawler,scraper plate behind the drum,pick cooling system,0
750,Surface & Underground Mining Methods,Induced blasting,14,Induced blasting enhances production in,sublevel stoping,block caving,cut and fill mining,shrinkage stoping,1
751,Engineering Mathematics,Descriptive statistics,14,The measures of dispersion of a dataset are,"standard deviation, range and mode","standard deviation, range and interquartile range","variance, range and median","interquartile range, median and mode",1
752,Mining Engineering,Blasting initiation systems,14,NONEL is used as down-the-hole initiator to,avoid generation of air overpressure,provide precise delay,avoid deflagration of column charge,reduce ground vibration,0
753,"Mine Planning, Geostatistics & Economics",Mineral leases and regulation,14,"As per MMDR Act 1957, for the allocation of lease of minor minerals",the State Government is authorised to give the permit.,the Central Government is authorised to give the permit.,the State Government is authorised to give permit but with the consent of Central Government.,the Central Government is authorised to give permit but with the consent of State Government.,0
754,Mine Surveying & Geomatics,Photogrammetry,14,"In photogrammetry, the “Tilt of a photograph” refers to the angle between the",lines joining the opposite fiducial marks of a photograph,normal to the plane of photograph and optical axis,vertical and the axis of the flight,vertical and optical axis of the camera,1
755,Mine Ventilation & Environment,Hydraulic sand stowing,14,The hydraulic sand stowing pipeline layout should be such that,the geometric profile must coincide with the hydraulic gradient line,the hydraulic profile should always be below the hydraulic gradient line,the hydraulic profile should always be above the hydraulic gradient line,the geometric profile should always be above the hydraulic gradient line,1
756,Engineering Mathematics,Positive definite matrices,14,"For a “positive definite” square matrix, the TRUE statement is",the matrix is singular,all the eigen values of the matrix are greater than zero,all the eigen values of the matrix are zero,some of the eigen values can be less than zero,1
757,Engineering Mathematics,Probability distributions,14,The standard normal distribution is a,non-parametric distribution,single parameter distribution,two-parameter distribution,three-parameter distribution,2
758,Engineering Mathematics,Variance,14,"Variance of the sum of two statistically independent random variables X and Y, σ²ₓ₊ᵧ, is",σ²ₓ + σ²ᵧ,σ²ₓ + σ²ᵧ + 2σₓᵧ,σ²ₓ + σ²ᵧ + σₓᵧ,σ²ₓ + σ²ᵧ − 2σₓᵧ,0
759,"Mine Planning, Geostatistics & Economics",Depreciation and amortization,14,The difference between depreciation and amortization allowances in tax calculation is that,depreciation is for a tangible asset applicable on its declared life; whereas amortization is for an intangible asset applicable on a specified period.,depreciation is for an intangible asset applicable on its declared life; whereas amortization is for a tangible asset applicable on a specified period.,depreciation is for a tangible asset applicable on a specified period; whereas amortization is for an intangible asset applicable on its declared life.,depreciation is for an intangible asset applicable on a specified period; whereas amortization is for a tangible asset applicable on its declared life.,0
760,Mining Machinery & Materials Handling,Machine costs,14,Owning cost of a machine does NOT include,purchase price,insurance,interest,operating cost,3
761,Geomechanics & Ground Control,Structural geology,14,Folds are the structural features resulting from,ductile deformation of earth crust,brittle deformation of earth crust,high impact tectonic stresses of earth crust,fracturing of earth crust,0
762,Mining Machinery & Materials Handling,Fan laws,14,"Given impeller diameter D, speed of rotation n and air density ρ, for geometrically similar fans, the fan pressure is proportional to",nD²ρ,n²D²ρ,n²D⁵ρ²,n³D⁵ρ,1
763,Mining Machinery & Materials Handling,Belt conveyor capacity,14,"In a bord and pillar panel six shuttle cars, each of 10 tonne capacity, are deployed to transport coal produced by two continuous miners to a belt conveyor. Each shuttle car on an average carries 80% of its rated capacity and makes 7 round trips in an hour. The belt conveyor has a capacity such that the effective material cross section area is 0.09 m² and runs at a speed 1.1 m/s. The broken coal has a bulk density of 1.2 tonne/m³. The ratio between the production and the capacity of the belt conveyor, in percent is",65.46,71.42,78.56,82.46,2
764,Mining Machinery & Materials Handling,Truck haulage,14,"A dump truck moves up an incline of 5° with constant tractive force of 800 kN. The gross mass of the truck is 250 tonne and its rolling resistance is 545 kN. The acceleration due to gravity is 10 m/s². The time required, in s, to reach a speed of 3.3 m/s from 1.0 m/s is",22,15.5,3.3,0.2,1
765,Surface & Underground Mining Methods,Longwall powered supports,14,"In a longwall panel, face is supported with shields of yield capacity 460 tonne per shield. The distance from the canopy tip to coal face is 0.15 m when the support is fully advanced. The depth of the panel is 60.0 m. The shields are set skin to skin at the face. Length of the canopy of the shield is 3.25 m and width 1.5 m. Setting capacity is 80% of the yield capacity. The maximum and minimum span of the coal face, in tonne/m², respectively are",61.33 and 72.15.,63.72 and 75.48.,76.66 and 90.19.,91.99 and 108.22.,0
766,Mine Ventilation & Environment,BOD dilution,14,"A 10 ml sample of wastewater is diluted with water having no BOD, to fill a 300 ml BOD bottle. The initial DO of the diluted waste water is 9.0 mg/l. If the BOD₅ of the waste water sample is 60 mg/l, the final DO of the diluted water in mg/l is",5,6,7,8,2
767,Engineering Mathematics,Limits,14,The value of lim(x→∞) [x√(x² + b²) − √(x⁴ + b⁴)] is,0,b²/2,∞,b²,1
768,Engineering Mathematics,Statistical hypothesis testing,14,"In order to check whether iron ore is supplied to the specification of 62% Fe, a steel company has conducted a hypothesis test with the null hypothesis H₀: μFe = 62% and alternative hypothesis Hₐ: μFe < 62%. A random sample of 5 observations reveal the following grade values of the lot, 58%, 56%, 60%, 64%, 62%. The t-test statistic for the hypothesis is",−3.000,1.414,−1.414,3,2
769,Mining Engineering,Mine Legislation,14,Periodical medical examination is carried out for every?,3 years,5 years,6 years,4 years,1
770,Mining Engineering,Mine Legislation,14,The secretary to the committee shall give atleast....notice to every member of the commitee present in India?,7 days,14 days,30 days,45 days,1
771,Mining Engineering,Mine Legislation,14,No business shall be transacted at a meeting of the committee unless atleast ...members including chairman are present?,4,6,8,3,0
772,Mining Engineering,Mine Legislation,14,The periodical medical examamination is not apply for?,permanently emplopyed,Tempararly employed,Casual basis for countinuous period not exceeding 6 months,both 2 and 3,3
773,Mining Engineering,Mine Legislation,14,The annual return shall be submitted to chief inspector by manager on or before......of every year?,20 th feb,1 st jan,1 st may,20 th may,0
774,Mining Engineering,Mine Legislation,14,The workman inspector shall be employed if the number of persons employed exceed ?,500,1500,1000,100,0
775,Mining Engineering,Mine Legislation,14,The term for the workmen inspector is?,5 yrs,3 yrs,2 yrs,6 yrs,1
776,Mining Engineering,Mine Legislation,15,The owner; manager or agent shall take action on the report of workmen's inspector within a period of....from the date of entry into the register?,7 days,30 days,15 days,10 days,2
777,Mining Engineering,Mine Machinery,15,The property which enables to be drawn into wires is called?,Ductility,Mallability,Toughness,Brittleness,0
778,Mining Engineering,Mine Machinery,15,The stored energy in the material is called?,Mallability,Resilence,Toughness,Brittleness,1
779,Mining Engineering,Mine Machinery,15,The maximum stress of metal can withstand without breaking or without failure for a specific number of stress reveals is?,Ductility,Tensile strength,Fatigue strength,Shear strength,2
780,Mining Engineering,Mine Machinery,15,The alloy of copper and Zinc is ?,Brass,Cast iron,Bronze,Steel,0
781,Mining Engineering,Mine Machinery,15,The carbon content in the steel is?,3 to 4 %,0.15 %,1.8 to 5 %,less than 1.8 %,3
782,Mining Engineering,Mine Machinery,15,In steel as well as in wrought iron the percentage of sulphur should not exceed ?,0.06,0.1,0.5,0.8,0
783,Mining Engineering,Mine Machinery,15,Periodical heat treatment is not necessary if the chains are made of mild steel with a manganese percentage of?,0.06,0.5,1,1.5,3
784,Mining Engineering,Mine Machinery,15,The process of heating steel to a temparature slightly above critical temparature and allowing it to cool naturally in air is called?,Forging,Normalising,Annealing,Hardening,1
785,Mining Engineering,Open Cast Mining,15,In percussive drilling the rock is broken by following action?,crushing,chipping,both,noneofabove,1
786,Mining Engineering,Open Cast Mining,15,Which is used for raising and lowering the rods of square section?,BUlldog,sludger,retaining key,none of the above,2
787,Mining Engineering,Open Cast Mining,15,The sludge or cuttings in the borehole are removed withe help of ?,corebarrel,sludger,retainingkey,bulldog,1
788,Mining Engineering,Open Cast Mining,15,The device used to catch broken rods under a joint in the borehole?,crow's foot or spiral worm,sludger,screwfeed,bulldog,0
789,Mining Engineering,Open Cast Mining,15,The operation of tracing the broken and lost parts in the hole and withdrawing them to the surface is known as ...?,lining the borehole,drilling,borehole survey,fishing the borehole,3
790,Mining Engineering,Open Cast Mining,15,What is the purpose of lining the borehole?,to prevent caving of sides,to prevent water percolation,to easy drilling operation,none of the above,0
791,Mining Engineering,Open Cast Mining,15,The percussive drilling is applicable upto max depth of ....m?,200,300,500,700,1
792,Mining Engineering,Open Cast Mining,15,Manual drilling is possible upto max depth of.....m?,15,30,45,60,1
793,Mining Engineering,U/g Mines Ventilation,15,The oxygen percentage in intake air is?,20.28 %,78.04 %,20.93 %,25 %,2
794,Mining Engineering,U/g Mines Ventilation,15,Decay of timber by fungus growth is caused by?,CH4,O2 absorption,N2 depletion,CO2,1
795,Mining Engineering,U/g Mines Ventilation,15,Mining laws in India require that mine air should contain minimum % of O2 is?,25 %,21 %,19 %,17 %,2
796,Mining Engineering,U/g Mines Ventilation,15,CO2 is mostly found at?,roof,middle of the roadway,dip areas of depillaring areas,anywhere in the mine,2
797,Mining Engineering,U/g Mines Ventilation,15,The permissible limit of CO2 is?,0.5 %,1.25 %,0.75 %,1 %,0
798,Mining Engineering,U/g Mines Ventilation,15,Flame safety lamp is extinguished at CO2 %?,1 - 2,2 - 3,3 - 4,4 - 5,2
799,Mining Engineering,U/g Mines Ventilation,15,For every 5% of black damp the light is diminished by ?,20 %,30 %,40 %,50 %,1
800,Mining Engineering,U/g Mines Ventilation,15,CO forms an explosive mixture with air when present within the range of nearly(by vol)?,5 - 15,4.5 - 45,12 - 75,4.5 - 75,2
